2026-08-31 17:32:17,637 INFO o.a.j.u.JMeterUtils: Setting Locale to en_EN
2026-08-31 17:32:17,647 INFO o.a.j.JMeter: Loading user properties from: /opt/homebrew/Cellar/jmeter/5.6.3/libexec/bin/user.properties
2026-08-31 17:32:17,648 INFO o.a.j.JMeter: Loading system properties from: /opt/homebrew/Cellar/jmeter/5.6.3/libexec/bin/system.properties
2026-08-31 17:32:17,648 INFO o.a.j.JMeter: Setting JMeter property: jmeter.save.saveservice.output_format=csv
2026-08-31 17:32:17,648 INFO o.a.j.JMeter: Setting JMeter property: jmeter.save.saveservice.print_field_names=true
2026-08-31 17:32:17,648 INFO o.a.j.JMeter: Setting JMeter property: jmeter.save.saveservice.connect_time=true
2026-08-31 17:32:17,648 INFO o.a.j.JMeter: Setting JMeter property: jmeter.save.saveservice.latency=true
2026-08-31 17:32:17,648 INFO o.a.j.JMeter: Setting JMeter property: jmeter.save.saveservice.bytes=true
2026-08-31 17:32:17,648 INFO o.a.j.JMeter: Setting JMeter property: jmeter.save.saveservice.sent_bytes=true
2026-08-31 17:32:17,648 INFO o.a.j.JMeter: Setting JMeter property: jmeter.save.saveservice.thread_counts=true
2026-08-31 17:32:17,648 INFO o.a.j.JMeter: Setting JMeter property: jmeter.save.saveservice.assertion_results_failure_message=true
2026-08-31 17:32:17,650 INFO o.a.j.JMeter: Copyright (c) 1998-2024 The Apache Software Foundation
2026-08-31 17:32:17,650 INFO o.a.j.JMeter: Version 5.6.3
2026-08-31 17:32:17,650 INFO o.a.j.JMeter: java.version=21.0.12.1
2026-08-31 17:32:17,650 INFO o.a.j.JMeter: java.vm.name=OpenJDK 64-Bit Server VM
2026-08-31 17:32:17,650 INFO o.a.j.JMeter: os.name=Mac OS X
2026-08-31 17:32:17,650 INFO o.a.j.JMeter: os.arch=aarch64
2026-08-31 17:32:17,650 INFO o.a.j.JMeter: os.version=26.5.1
2026-08-31 17:32:17,650 INFO o.a.j.JMeter: file.encoding=UTF-8
2026-08-31 17:32:17,650 INFO o.a.j.JMeter: java.awt.headless=true
2026-08-31 17:32:17,651 INFO o.a.j.JMeter: Max memory     =1073741824
2026-08-31 17:32:17,651 INFO o.a.j.JMeter: Available Processors =10
2026-08-31 17:32:17,655 INFO o.a.j.JMeter: Default Locale=English (EN)
2026-08-31 17:32:17,655 INFO o.a.j.JMeter: JMeter  Locale=English (EN)
2026-08-31 17:32:17,655 INFO o.a.j.JMeter: JMeterHome=/opt/homebrew/Cellar/jmeter/5.6.3/libexec
2026-08-31 17:32:17,655 INFO o.a.j.JMeter: user.dir  =/Users/kunda/Documents/hw/hw05
2026-08-31 17:32:17,655 INFO o.a.j.JMeter: PWD       =/Users/kunda/Documents/hw/hw05
2026-08-31 17:32:17,657 INFO o.a.j.JMeter: IP: 127.0.0.1 Name: MacBook-Air-cua-KunDa.local FullName: localhost
2026-08-31 17:32:17,663 INFO o.a.j.JMeter: Setting property 'jmeter.reportgenerator.outputdir' to:'/Users/kunda/Documents/hw/hw05/reports/23127035_Load_20260831'
2026-08-31 17:32:17,664 INFO o.a.j.s.FileServer: Default base='/Users/kunda/Documents/hw/hw05'
2026-08-31 17:32:17,665 INFO o.a.j.s.FileServer: Set new base='/Users/kunda/Documents/hw/hw05/test-plans'
2026-08-31 17:32:17,740 INFO o.a.j.s.SaveService: Testplan (JMX) version: 2.2. Testlog (JTL) version: 2.2
2026-08-31 17:32:17,754 INFO o.a.j.s.SaveService: Using SaveService properties version 5.0
2026-08-31 17:32:17,755 INFO o.a.j.s.SaveService: Using SaveService properties file encoding UTF-8
2026-08-31 17:32:17,756 INFO o.a.j.s.SaveService: Loading file: /Users/kunda/Documents/hw/hw05/test-plans/23127035_Load_20260831.jmx
2026-08-31 17:32:17,781 INFO o.a.j.p.h.s.HTTPSamplerBase: Parser for text/html is org.apache.jmeter.protocol.http.parser.LagartoBasedHtmlParser
2026-08-31 17:32:17,781 INFO o.a.j.p.h.s.HTTPSamplerBase: Parser for application/xhtml+xml is org.apache.jmeter.protocol.http.parser.LagartoBasedHtmlParser
2026-08-31 17:32:17,781 INFO o.a.j.p.h.s.HTTPSamplerBase: Parser for application/xml is org.apache.jmeter.protocol.http.parser.LagartoBasedHtmlParser
2026-08-31 17:32:17,781 INFO o.a.j.p.h.s.HTTPSamplerBase: Parser for text/xml is org.apache.jmeter.protocol.http.parser.LagartoBasedHtmlParser
2026-08-31 17:32:17,781 INFO o.a.j.p.h.s.HTTPSamplerBase: Parser for text/vnd.wap.wml is org.apache.jmeter.protocol.http.parser.RegexpHTMLParser
2026-08-31 17:32:17,781 INFO o.a.j.p.h.s.HTTPSamplerBase: Parser for text/css is org.apache.jmeter.protocol.http.parser.CssParser
2026-08-31 17:32:17,806 INFO o.a.j.JMeter: Creating summariser <summary>
2026-08-31 17:32:17,808 INFO o.a.j.r.d.ReportGenerator: ReportGenerator will use for Parsing the separator: ','
2026-08-31 17:32:17,808 INFO o.a.j.r.d.ReportGenerator: Will generate report at end of test from  results file: /Users/kunda/Documents/hw/hw05/results/23127035_Load_20260831.jtl
2026-08-31 17:32:17,808 INFO o.a.j.r.d.ReportGenerator: Reading report generator properties from: /opt/homebrew/Cellar/jmeter/5.6.3/libexec/bin/reportgenerator.properties
2026-08-31 17:32:17,808 INFO o.a.j.r.d.ReportGenerator: Merging with JMeter properties
2026-08-31 17:32:17,809 INFO o.a.j.r.c.ReportGeneratorConfiguration: Property 'jmeter.reportgenerator.temp_dir' not found, using default value 'temp' instead.
2026-08-31 17:32:17,810 INFO o.a.j.r.c.ReportGeneratorConfiguration: Property 'jmeter.reportgenerator.apdex_per_transaction' not found, using default value 'null' instead.
2026-08-31 17:32:17,810 INFO o.a.j.r.c.ReportGeneratorConfiguration: apdex_per_transaction is empty, not APDEX per transaction customization
2026-08-31 17:32:17,810 INFO o.a.j.r.c.ReportGeneratorConfiguration: Property 'jmeter.reportgenerator.sample_filter' not found, using default value 'null' instead.
2026-08-31 17:32:17,810 INFO o.a.j.r.c.ReportGeneratorConfiguration: Property 'jmeter.reportgenerator.report_title' not found, using default value 'null' instead.
2026-08-31 17:32:17,810 INFO o.a.j.r.c.ReportGeneratorConfiguration: Property 'jmeter.reportgenerator.start_date' not found, using default value 'null' instead.
2026-08-31 17:32:17,810 INFO o.a.j.r.c.ReportGeneratorConfiguration: Property 'jmeter.reportgenerator.end_date' not found, using default value 'null' instead.
2026-08-31 17:32:17,810 INFO o.a.j.r.c.ReportGeneratorConfiguration: Property 'jmeter.reportgenerator.date_format' not found, using default value 'null' instead.
2026-08-31 17:32:17,810 INFO o.a.j.r.c.ReportGeneratorConfiguration: Will use date range start date: null, end date: null
2026-08-31 17:32:17,812 INFO o.a.j.r.c.ReportGeneratorConfiguration: Property 'jmeter.reportgenerator.graph.totalTPS.exclude_controllers' not found, using default value 'false' instead.
2026-08-31 17:32:17,812 INFO o.a.j.r.c.ReportGeneratorConfiguration: Property 'jmeter.reportgenerator.graph.activeThreadsOverTime.exclude_controllers' not found, using default value 'false' instead.
2026-08-31 17:32:17,812 INFO o.a.j.r.c.ReportGeneratorConfiguration: Property 'jmeter.reportgenerator.graph.timeVsThreads.exclude_controllers' not found, using default value 'false' instead.
2026-08-31 17:32:17,812 INFO o.a.j.r.c.ReportGeneratorConfiguration: Property 'jmeter.reportgenerator.graph.responseTimeDistribution.exclude_controllers' not found, using default value 'false' instead.
2026-08-31 17:32:17,812 INFO o.a.j.r.c.ReportGeneratorConfiguration: Property 'jmeter.reportgenerator.graph.transactionsPerSecond.exclude_controllers' not found, using default value 'false' instead.
2026-08-31 17:32:17,812 INFO o.a.j.r.c.ReportGeneratorConfiguration: Property 'jmeter.reportgenerator.graph.responseTimePercentiles.exclude_controllers' not found, using default value 'false' instead.
2026-08-31 17:32:17,812 INFO o.a.j.r.c.ReportGeneratorConfiguration: Property 'jmeter.reportgenerator.graph.responseTimePercentilesOverTime.exclude_controllers' not found, using default value 'false' instead.
2026-08-31 17:32:17,812 INFO o.a.j.r.c.ReportGeneratorConfiguration: Property 'jmeter.reportgenerator.graph.responseTimesOverTime.exclude_controllers' not found, using default value 'false' instead.
2026-08-31 17:32:17,812 INFO o.a.j.r.c.ReportGeneratorConfiguration: Property 'jmeter.reportgenerator.graph.connectTimeOverTime.exclude_controllers' not found, using default value 'false' instead.
2026-08-31 17:32:17,812 INFO o.a.j.r.c.ReportGeneratorConfiguration: Property 'jmeter.reportgenerator.graph.latenciesOverTime.exclude_controllers' not found, using default value 'false' instead.
2026-08-31 17:32:17,812 INFO o.a.j.r.c.ReportGeneratorConfiguration: Property 'jmeter.reportgenerator.exporter.json.filters_only_sample_series' not found, using default value 'true' instead.
2026-08-31 17:32:17,812 INFO o.a.j.r.c.ReportGeneratorConfiguration: Property 'jmeter.reportgenerator.exporter.json.series_filter' not found, using default value '' instead.
2026-08-31 17:32:17,813 INFO o.a.j.r.c.ReportGeneratorConfiguration: Property 'jmeter.reportgenerator.exporter.json.show_controllers_only' not found, using default value 'false' instead.
2026-08-31 17:32:17,813 INFO o.a.j.r.c.ReportGeneratorConfiguration: Property 'jmeter.reportgenerator.exporter.html.filters_only_sample_series' not found, using default value 'true' instead.
2026-08-31 17:32:17,813 INFO o.a.j.r.c.ReportGeneratorConfiguration: Property 'jmeter.reportgenerator.exporter.html.series_filter' not found, using default value '' instead.
2026-08-31 17:32:17,813 INFO o.a.j.r.c.ReportGeneratorConfiguration: Property 'jmeter.reportgenerator.exporter.html.show_controllers_only' not found, using default value 'false' instead.
2026-08-31 17:32:17,818 INFO o.a.j.e.StandardJMeterEngine: Running the test!
2026-08-31 17:32:17,818 INFO o.a.j.s.SampleEvent: List of sample_variables: []
2026-08-31 17:32:17,818 INFO o.a.j.s.SampleEvent: List of sample_variables: []
2026-08-31 17:32:17,820 INFO o.a.j.e.u.CompoundVariable: Note: Function class names must contain the string: '.functions.'
2026-08-31 17:32:17,820 INFO o.a.j.e.u.CompoundVariable: Note: Function class names must not contain the string: '.gui.'
2026-08-31 17:32:17,834 INFO o.a.j.r.ClassFinder: Will scan jar /opt/homebrew/Cellar/jmeter/5.6.3/libexec/lib/ext/jmeter-plugins-manager-1.9.jar with filter ExtendsClassFilter [parents=[interface org.apache.jmeter.functions.Function], inner=false, contains=null, notContains=null]. Consider exposing JMeter plugins via META-INF/services, and add JMeter-Skip-Class-Scanning=true manifest attribute so JMeter can skip classfile scanning
2026-08-31 17:32:17,946 INFO o.a.j.JMeter: Running test (1788172337946)
2026-08-31 17:32:17,954 INFO o.a.j.e.StandardJMeterEngine: Starting ThreadGroup: 1 : Load - 6 VUs steady
2026-08-31 17:32:17,954 INFO o.a.j.e.StandardJMeterEngine: Starting 6 threads for group Load - 6 VUs steady.
2026-08-31 17:32:17,954 INFO o.a.j.e.StandardJMeterEngine: Thread will continue on error
2026-08-31 17:32:17,954 INFO o.a.j.t.ThreadGroup: Starting thread group... number=1 threads=6 ramp-up=15 delayedStart=false
2026-08-31 17:32:17,958 INFO o.a.j.t.ThreadGroup: Started thread group number 1
2026-08-31 17:32:17,958 INFO o.a.j.e.StandardJMeterEngine: All thread groups have been started
2026-08-31 17:32:17,959 INFO o.a.j.t.JMeterThread: Thread started: Load - 6 VUs steady 1-1
2026-08-31 17:32:17,960 INFO o.a.j.s.FileServer: Stored: ../data/performance_users.csv
2026-08-31 17:32:18,600 INFO o.a.j.p.h.s.HTTPHCAbstractImpl: Local host = MacBook-Air-cua-KunDa.local
2026-08-31 17:32:18,604 INFO o.a.j.p.h.s.HTTPHC4Impl: HTTP request retry count = 0
2026-08-31 17:32:18,604 INFO o.a.j.s.SampleResult: Note: Sample TimeStamps are START times
2026-08-31 17:32:18,604 INFO o.a.j.s.SampleResult: sampleresult.default.encoding is set to UTF-8
2026-08-31 17:32:18,604 INFO o.a.j.s.SampleResult: sampleresult.useNanoTime=true
2026-08-31 17:32:18,604 INFO o.a.j.s.SampleResult: sampleresult.nanoThreadSleep=5000
2026-08-31 17:32:20,463 INFO o.a.j.t.JMeterThread: Thread started: Load - 6 VUs steady 1-2
2026-08-31 17:32:21,977 ERROR o.a.j.a.JSR223Assertion: Problem in JSR223 script: Validate coupon amounts
javax.script.ScriptException: groovy.json.JsonException: Unable to determine the current character, it is not a string, number, array, or object

The current character read is '<' with an int value of 60
Unable to determine the current character, it is not a string, number, array, or object
line number 1
index number 0
<!DOCTYPE html>
^
	at org.codehaus.groovy.jsr223.GroovyScriptEngineImpl.eval(GroovyScriptEngineImpl.java:320) ~[groovy-jsr223-3.0.20.jar:3.0.20]
	at org.codehaus.groovy.jsr223.GroovyCompiledScript.eval(GroovyCompiledScript.java:71) ~[groovy-jsr223-3.0.20.jar:3.0.20]
	at java.scripting/javax.script.CompiledScript.eval(CompiledScript.java:93) ~[java.scripting:?]
	at org.apache.jmeter.util.JSR223TestElement.processFileOrScript(JSR223TestElement.java:230) ~[ApacheJMeter_core.jar:5.6.3]
	at org.apache.jmeter.assertions.JSR223Assertion.getResult(JSR223Assertion.java:50) ~[ApacheJMeter_components.jar:5.6.3]
	at org.apache.jmeter.threads.JMeterThread.processAssertion(JMeterThread.java:949) ~[ApacheJMeter_core.jar:5.6.3]
	at org.apache.jmeter.threads.JMeterThread.checkAssertions(JMeterThread.java:918) ~[ApacheJMeter_core.jar:5.6.3]
	at org.apache.jmeter.threads.JMeterThread.executeSamplePackage(JMeterThread.java:586) ~[ApacheJMeter_core.jar:5.6.3]
	at org.apache.jmeter.threads.JMeterThread.processSampler(JMeterThread.java:501) ~[ApacheJMeter_core.jar:5.6.3]
	at org.apache.jmeter.threads.JMeterThread.run(JMeterThread.java:268) ~[ApacheJMeter_core.jar:5.6.3]
	at java.base/java.lang.Thread.run(Thread.java:1583) [?:?]
Caused by: groovy.json.JsonException: Unable to determine the current character, it is not a string, number, array, or object

The current character read is '<' with an int value of 60
Unable to determine the current character, it is not a string, number, array, or object
line number 1
index number 0
<!DOCTYPE html>
^
	at org.apache.groovy.json.internal.JsonParserCharArray.decodeValueInternal(JsonParserCharArray.java:202) ~[groovy-json-3.0.20.jar:3.0.20]
	at org.apache.groovy.json.internal.JsonParserCharArray.decodeValue(JsonParserCharArray.java:153) ~[groovy-json-3.0.20.jar:3.0.20]
	at org.apache.groovy.json.internal.JsonParserCharArray.decodeFromChars(JsonParserCharArray.java:43) ~[groovy-json-3.0.20.jar:3.0.20]
	at org.apache.groovy.json.internal.JsonParserCharArray.parse(JsonParserCharArray.java:380) ~[groovy-json-3.0.20.jar:3.0.20]
	at org.apache.groovy.json.internal.BaseJsonParser.parse(BaseJsonParser.java:113) ~[groovy-json-3.0.20.jar:3.0.20]
	at groovy.json.JsonSlurper.parseText(JsonSlurper.java:204) ~[groovy-json-3.0.20.jar:3.0.20]
	at groovy.json.JsonSlurper$parseText.call(Unknown Source) ~[?:?]
	at Script5.run(Script5.groovy:1) ~[?:?]
	at org.codehaus.groovy.jsr223.GroovyScriptEngineImpl.eval(GroovyScriptEngineImpl.java:317) ~[groovy-jsr223-3.0.20.jar:3.0.20]
	... 10 more
2026-08-31 17:32:22,020 ERROR o.a.j.a.JSR223Assertion: Problem in JSR223 script: Validate coupon amounts
javax.script.ScriptException: groovy.json.JsonException: Unable to determine the current character, it is not a string, number, array, or object

The current character read is '<' with an int value of 60
Unable to determine the current character, it is not a string, number, array, or object
line number 1
index number 0
<!DOCTYPE html>
^
	at org.codehaus.groovy.jsr223.GroovyScriptEngineImpl.eval(GroovyScriptEngineImpl.java:320) ~[groovy-jsr223-3.0.20.jar:3.0.20]
	at org.codehaus.groovy.jsr223.GroovyCompiledScript.eval(GroovyCompiledScript.java:71) ~[groovy-jsr223-3.0.20.jar:3.0.20]
	at java.scripting/javax.script.CompiledScript.eval(CompiledScript.java:93) ~[java.scripting:?]
	at org.apache.jmeter.util.JSR223TestElement.processFileOrScript(JSR223TestElement.java:230) ~[ApacheJMeter_core.jar:5.6.3]
	at org.apache.jmeter.assertions.JSR223Assertion.getResult(JSR223Assertion.java:50) ~[ApacheJMeter_components.jar:5.6.3]
	at org.apache.jmeter.threads.JMeterThread.processAssertion(JMeterThread.java:949) ~[ApacheJMeter_core.jar:5.6.3]
	at org.apache.jmeter.threads.JMeterThread.checkAssertions(JMeterThread.java:918) ~[ApacheJMeter_core.jar:5.6.3]
	at org.apache.jmeter.threads.JMeterThread.executeSamplePackage(JMeterThread.java:586) ~[ApacheJMeter_core.jar:5.6.3]
	at org.apache.jmeter.threads.JMeterThread.processSampler(JMeterThread.java:501) ~[ApacheJMeter_core.jar:5.6.3]
	at org.apache.jmeter.threads.JMeterThread.run(JMeterThread.java:268) ~[ApacheJMeter_core.jar:5.6.3]
	at java.base/java.lang.Thread.run(Thread.java:1583) [?:?]
Caused by: groovy.json.JsonException: Unable to determine the current character, it is not a string, number, array, or object

The current character read is '<' with an int value of 60
Unable to determine the current character, it is not a string, number, array, or object
line number 1
index number 0
<!DOCTYPE html>
^
	at org.apache.groovy.json.internal.JsonParserCharArray.decodeValueInternal(JsonParserCharArray.java:202) ~[groovy-json-3.0.20.jar:3.0.20]
	at org.apache.groovy.json.internal.JsonParserCharArray.decodeValue(JsonParserCharArray.java:153) ~[groovy-json-3.0.20.jar:3.0.20]
	at org.apache.groovy.json.internal.JsonParserCharArray.decodeFromChars(JsonParserCharArray.java:43) ~[groovy-json-3.0.20.jar:3.0.20]
	at org.apache.groovy.json.internal.JsonParserCharArray.parse(JsonParserCharArray.java:380) ~[groovy-json-3.0.20.jar:3.0.20]
	at org.apache.groovy.json.internal.BaseJsonParser.parse(BaseJsonParser.java:113) ~[groovy-json-3.0.20.jar:3.0.20]
	at groovy.json.JsonSlurper.parseText(JsonSlurper.java:204) ~[groovy-json-3.0.20.jar:3.0.20]
	at groovy.json.JsonSlurper$parseText.call(Unknown Source) ~[?:?]
	at Script5.run(Script5.groovy:1) ~[?:?]
	at org.codehaus.groovy.jsr223.GroovyScriptEngineImpl.eval(GroovyScriptEngineImpl.java:317) ~[groovy-jsr223-3.0.20.jar:3.0.20]
	... 10 more
2026-08-31 17:32:22,962 INFO o.a.j.t.JMeterThread: Thread started: Load - 6 VUs steady 1-3
2026-08-31 17:32:24,118 ERROR o.a.j.a.JSR223Assertion: Problem in JSR223 script: Validate coupon amounts
javax.script.ScriptException: groovy.json.JsonException: Unable to determine the current character, it is not a string, number, array, or object

The current character read is '<' with an int value of 60
Unable to determine the current character, it is not a string, number, array, or object
line number 1
index number 0
<!DOCTYPE html>
^
	at org.codehaus.groovy.jsr223.GroovyScriptEngineImpl.eval(GroovyScriptEngineImpl.java:320) ~[groovy-jsr223-3.0.20.jar:3.0.20]
	at org.codehaus.groovy.jsr223.GroovyCompiledScript.eval(GroovyCompiledScript.java:71) ~[groovy-jsr223-3.0.20.jar:3.0.20]
	at java.scripting/javax.script.CompiledScript.eval(CompiledScript.java:93) ~[java.scripting:?]
	at org.apache.jmeter.util.JSR223TestElement.processFileOrScript(JSR223TestElement.java:230) ~[ApacheJMeter_core.jar:5.6.3]
	at org.apache.jmeter.assertions.JSR223Assertion.getResult(JSR223Assertion.java:50) ~[ApacheJMeter_components.jar:5.6.3]
	at org.apache.jmeter.threads.JMeterThread.processAssertion(JMeterThread.java:949) ~[ApacheJMeter_core.jar:5.6.3]
	at org.apache.jmeter.threads.JMeterThread.checkAssertions(JMeterThread.java:918) ~[ApacheJMeter_core.jar:5.6.3]
	at org.apache.jmeter.threads.JMeterThread.executeSamplePackage(JMeterThread.java:586) ~[ApacheJMeter_core.jar:5.6.3]
	at org.apache.jmeter.threads.JMeterThread.processSampler(JMeterThread.java:501) ~[ApacheJMeter_core.jar:5.6.3]
	at org.apache.jmeter.threads.JMeterThread.run(JMeterThread.java:268) ~[ApacheJMeter_core.jar:5.6.3]
	at java.base/java.lang.Thread.run(Thread.java:1583) [?:?]
Caused by: groovy.json.JsonException: Unable to determine the current character, it is not a string, number, array, or object

The current character read is '<' with an int value of 60
Unable to determine the current character, it is not a string, number, array, or object
line number 1
index number 0
<!DOCTYPE html>
^
	at org.apache.groovy.json.internal.JsonParserCharArray.decodeValueInternal(JsonParserCharArray.java:202) ~[groovy-json-3.0.20.jar:3.0.20]
	at org.apache.groovy.json.internal.JsonParserCharArray.decodeValue(JsonParserCharArray.java:153) ~[groovy-json-3.0.20.jar:3.0.20]
	at org.apache.groovy.json.internal.JsonParserCharArray.decodeFromChars(JsonParserCharArray.java:43) ~[groovy-json-3.0.20.jar:3.0.20]
	at org.apache.groovy.json.internal.JsonParserCharArray.parse(JsonParserCharArray.java:380) ~[groovy-json-3.0.20.jar:3.0.20]
	at org.apache.groovy.json.internal.BaseJsonParser.parse(BaseJsonParser.java:113) ~[groovy-json-3.0.20.jar:3.0.20]
	at groovy.json.JsonSlurper.parseText(JsonSlurper.java:204) ~[groovy-json-3.0.20.jar:3.0.20]
	at groovy.json.JsonSlurper$parseText.call(Unknown Source) ~[?:?]
	at Script5.run(Script5.groovy:1) ~[?:?]
	at org.codehaus.groovy.jsr223.GroovyScriptEngineImpl.eval(GroovyScriptEngineImpl.java:317) ~[groovy-jsr223-3.0.20.jar:3.0.20]
	... 10 more
2026-08-31 17:32:24,342 ERROR o.a.j.a.JSR223Assertion: Problem in JSR223 script: Validate coupon amounts
javax.script.ScriptException: groovy.json.JsonException: Unable to determine the current character, it is not a string, number, array, or object

The current character read is '<' with an int value of 60
Unable to determine the current character, it is not a string, number, array, or object
line number 1
index number 0
<!DOCTYPE html>
^
	at org.codehaus.groovy.jsr223.GroovyScriptEngineImpl.eval(GroovyScriptEngineImpl.java:320) ~[groovy-jsr223-3.0.20.jar:3.0.20]
	at org.codehaus.groovy.jsr223.GroovyCompiledScript.eval(GroovyCompiledScript.java:71) ~[groovy-jsr223-3.0.20.jar:3.0.20]
	at java.scripting/javax.script.CompiledScript.eval(CompiledScript.java:93) ~[java.scripting:?]
	at org.apache.jmeter.util.JSR223TestElement.processFileOrScript(JSR223TestElement.java:230) ~[ApacheJMeter_core.jar:5.6.3]
	at org.apache.jmeter.assertions.JSR223Assertion.getResult(JSR223Assertion.java:50) ~[ApacheJMeter_components.jar:5.6.3]
	at org.apache.jmeter.threads.JMeterThread.processAssertion(JMeterThread.java:949) ~[ApacheJMeter_core.jar:5.6.3]
	at org.apache.jmeter.threads.JMeterThread.checkAssertions(JMeterThread.java:918) ~[ApacheJMeter_core.jar:5.6.3]
	at org.apache.jmeter.threads.JMeterThread.executeSamplePackage(JMeterThread.java:586) ~[ApacheJMeter_core.jar:5.6.3]
	at org.apache.jmeter.threads.JMeterThread.processSampler(JMeterThread.java:501) ~[ApacheJMeter_core.jar:5.6.3]
	at org.apache.jmeter.threads.JMeterThread.run(JMeterThread.java:268) ~[ApacheJMeter_core.jar:5.6.3]
	at java.base/java.lang.Thread.run(Thread.java:1583) [?:?]
Caused by: groovy.json.JsonException: Unable to determine the current character, it is not a string, number, array, or object

The current character read is '<' with an int value of 60
Unable to determine the current character, it is not a string, number, array, or object
line number 1
index number 0
<!DOCTYPE html>
^
	at org.apache.groovy.json.internal.JsonParserCharArray.decodeValueInternal(JsonParserCharArray.java:202) ~[groovy-json-3.0.20.jar:3.0.20]
	at org.apache.groovy.json.internal.JsonParserCharArray.decodeValue(JsonParserCharArray.java:153) ~[groovy-json-3.0.20.jar:3.0.20]
	at org.apache.groovy.json.internal.JsonParserCharArray.decodeFromChars(JsonParserCharArray.java:43) ~[groovy-json-3.0.20.jar:3.0.20]
	at org.apache.groovy.json.internal.JsonParserCharArray.parse(JsonParserCharArray.java:380) ~[groovy-json-3.0.20.jar:3.0.20]
	at org.apache.groovy.json.internal.BaseJsonParser.parse(BaseJsonParser.java:113) ~[groovy-json-3.0.20.jar:3.0.20]
	at groovy.json.JsonSlurper.parseText(JsonSlurper.java:204) ~[groovy-json-3.0.20.jar:3.0.20]
	at groovy.json.JsonSlurper$parseText.call(Unknown Source) ~[?:?]
	at Script5.run(Script5.groovy:1) ~[?:?]
	at org.codehaus.groovy.jsr223.GroovyScriptEngineImpl.eval(GroovyScriptEngineImpl.java:317) ~[groovy-jsr223-3.0.20.jar:3.0.20]
	... 10 more
2026-08-31 17:32:24,413 ERROR o.a.j.a.JSR223Assertion: Problem in JSR223 script: Validate coupon amounts
javax.script.ScriptException: groovy.json.JsonException: Unable to determine the current character, it is not a string, number, array, or object

The current character read is '<' with an int value of 60
Unable to determine the current character, it is not a string, number, array, or object
line number 1
index number 0
<!DOCTYPE html>
^
	at org.codehaus.groovy.jsr223.GroovyScriptEngineImpl.eval(GroovyScriptEngineImpl.java:320) ~[groovy-jsr223-3.0.20.jar:3.0.20]
	at org.codehaus.groovy.jsr223.GroovyCompiledScript.eval(GroovyCompiledScript.java:71) ~[groovy-jsr223-3.0.20.jar:3.0.20]
	at java.scripting/javax.script.CompiledScript.eval(CompiledScript.java:93) ~[java.scripting:?]
	at org.apache.jmeter.util.JSR223TestElement.processFileOrScript(JSR223TestElement.java:230) ~[ApacheJMeter_core.jar:5.6.3]
	at org.apache.jmeter.assertions.JSR223Assertion.getResult(JSR223Assertion.java:50) ~[ApacheJMeter_components.jar:5.6.3]
	at org.apache.jmeter.threads.JMeterThread.processAssertion(JMeterThread.java:949) ~[ApacheJMeter_core.jar:5.6.3]
	at org.apache.jmeter.threads.JMeterThread.checkAssertions(JMeterThread.java:918) ~[ApacheJMeter_core.jar:5.6.3]
	at org.apache.jmeter.threads.JMeterThread.executeSamplePackage(JMeterThread.java:586) ~[ApacheJMeter_core.jar:5.6.3]
	at org.apache.jmeter.threads.JMeterThread.processSampler(JMeterThread.java:501) ~[ApacheJMeter_core.jar:5.6.3]
	at org.apache.jmeter.threads.JMeterThread.run(JMeterThread.java:268) ~[ApacheJMeter_core.jar:5.6.3]
	at java.base/java.lang.Thread.run(Thread.java:1583) [?:?]
Caused by: groovy.json.JsonException: Unable to determine the current character, it is not a string, number, array, or object

The current character read is '<' with an int value of 60
Unable to determine the current character, it is not a string, number, array, or object
line number 1
index number 0
<!DOCTYPE html>
^
	at org.apache.groovy.json.internal.JsonParserCharArray.decodeValueInternal(JsonParserCharArray.java:202) ~[groovy-json-3.0.20.jar:3.0.20]
	at org.apache.groovy.json.internal.JsonParserCharArray.decodeValue(JsonParserCharArray.java:153) ~[groovy-json-3.0.20.jar:3.0.20]
	at org.apache.groovy.json.internal.JsonParserCharArray.decodeFromChars(JsonParserCharArray.java:43) ~[groovy-json-3.0.20.jar:3.0.20]
	at org.apache.groovy.json.internal.JsonParserCharArray.parse(JsonParserCharArray.java:380) ~[groovy-json-3.0.20.jar:3.0.20]
	at org.apache.groovy.json.internal.BaseJsonParser.parse(BaseJsonParser.java:113) ~[groovy-json-3.0.20.jar:3.0.20]
	at groovy.json.JsonSlurper.parseText(JsonSlurper.java:204) ~[groovy-json-3.0.20.jar:3.0.20]
	at groovy.json.JsonSlurper$parseText.call(Unknown Source) ~[?:?]
	at Script5.run(Script5.groovy:1) ~[?:?]
	at org.codehaus.groovy.jsr223.GroovyScriptEngineImpl.eval(GroovyScriptEngineImpl.java:317) ~[groovy-jsr223-3.0.20.jar:3.0.20]
	... 10 more
2026-08-31 17:32:25,457 INFO o.a.j.t.JMeterThread: Thread started: Load - 6 VUs steady 1-4
2026-08-31 17:32:26,460 ERROR o.a.j.a.JSR223Assertion: Problem in JSR223 script: Validate coupon amounts
javax.script.ScriptException: groovy.json.JsonException: Unable to determine the current character, it is not a string, number, array, or object

The current character read is '<' with an int value of 60
Unable to determine the current character, it is not a string, number, array, or object
line number 1
index number 0
<!DOCTYPE html>
^
	at org.codehaus.groovy.jsr223.GroovyScriptEngineImpl.eval(GroovyScriptEngineImpl.java:320) ~[groovy-jsr223-3.0.20.jar:3.0.20]
	at org.codehaus.groovy.jsr223.GroovyCompiledScript.eval(GroovyCompiledScript.java:71) ~[groovy-jsr223-3.0.20.jar:3.0.20]
	at java.scripting/javax.script.CompiledScript.eval(CompiledScript.java:93) ~[java.scripting:?]
	at org.apache.jmeter.util.JSR223TestElement.processFileOrScript(JSR223TestElement.java:230) ~[ApacheJMeter_core.jar:5.6.3]
	at org.apache.jmeter.assertions.JSR223Assertion.getResult(JSR223Assertion.java:50) ~[ApacheJMeter_components.jar:5.6.3]
	at org.apache.jmeter.threads.JMeterThread.processAssertion(JMeterThread.java:949) ~[ApacheJMeter_core.jar:5.6.3]
	at org.apache.jmeter.threads.JMeterThread.checkAssertions(JMeterThread.java:918) ~[ApacheJMeter_core.jar:5.6.3]
	at org.apache.jmeter.threads.JMeterThread.executeSamplePackage(JMeterThread.java:586) ~[ApacheJMeter_core.jar:5.6.3]
	at org.apache.jmeter.threads.JMeterThread.processSampler(JMeterThread.java:501) ~[ApacheJMeter_core.jar:5.6.3]
	at org.apache.jmeter.threads.JMeterThread.run(JMeterThread.java:268) ~[ApacheJMeter_core.jar:5.6.3]
	at java.base/java.lang.Thread.run(Thread.java:1583) [?:?]
Caused by: groovy.json.JsonException: Unable to determine the current character, it is not a string, number, array, or object

The current character read is '<' with an int value of 60
Unable to determine the current character, it is not a string, number, array, or object
line number 1
index number 0
<!DOCTYPE html>
^
	at org.apache.groovy.json.internal.JsonParserCharArray.decodeValueInternal(JsonParserCharArray.java:202) ~[groovy-json-3.0.20.jar:3.0.20]
	at org.apache.groovy.json.internal.JsonParserCharArray.decodeValue(JsonParserCharArray.java:153) ~[groovy-json-3.0.20.jar:3.0.20]
	at org.apache.groovy.json.internal.JsonParserCharArray.decodeFromChars(JsonParserCharArray.java:43) ~[groovy-json-3.0.20.jar:3.0.20]
	at org.apache.groovy.json.internal.JsonParserCharArray.parse(JsonParserCharArray.java:380) ~[groovy-json-3.0.20.jar:3.0.20]
	at org.apache.groovy.json.internal.BaseJsonParser.parse(BaseJsonParser.java:113) ~[groovy-json-3.0.20.jar:3.0.20]
	at groovy.json.JsonSlurper.parseText(JsonSlurper.java:204) ~[groovy-json-3.0.20.jar:3.0.20]
	at groovy.json.JsonSlurper$parseText.call(Unknown Source) ~[?:?]
	at Script5.run(Script5.groovy:1) ~[?:?]
	at org.codehaus.groovy.jsr223.GroovyScriptEngineImpl.eval(GroovyScriptEngineImpl.java:317) ~[groovy-jsr223-3.0.20.jar:3.0.20]
	... 10 more
2026-08-31 17:32:26,694 ERROR o.a.j.a.JSR223Assertion: Problem in JSR223 script: Validate coupon amounts
javax.script.ScriptException: groovy.json.JsonException: Unable to determine the current character, it is not a string, number, array, or object

The current character read is '<' with an int value of 60
Unable to determine the current character, it is not a string, number, array, or object
line number 1
index number 0
<!DOCTYPE html>
^
	at org.codehaus.groovy.jsr223.GroovyScriptEngineImpl.eval(GroovyScriptEngineImpl.java:320) ~[groovy-jsr223-3.0.20.jar:3.0.20]
	at org.codehaus.groovy.jsr223.GroovyCompiledScript.eval(GroovyCompiledScript.java:71) ~[groovy-jsr223-3.0.20.jar:3.0.20]
	at java.scripting/javax.script.CompiledScript.eval(CompiledScript.java:93) ~[java.scripting:?]
	at org.apache.jmeter.util.JSR223TestElement.processFileOrScript(JSR223TestElement.java:230) ~[ApacheJMeter_core.jar:5.6.3]
	at org.apache.jmeter.assertions.JSR223Assertion.getResult(JSR223Assertion.java:50) ~[ApacheJMeter_components.jar:5.6.3]
	at org.apache.jmeter.threads.JMeterThread.processAssertion(JMeterThread.java:949) ~[ApacheJMeter_core.jar:5.6.3]
	at org.apache.jmeter.threads.JMeterThread.checkAssertions(JMeterThread.java:918) ~[ApacheJMeter_core.jar:5.6.3]
	at org.apache.jmeter.threads.JMeterThread.executeSamplePackage(JMeterThread.java:586) ~[ApacheJMeter_core.jar:5.6.3]
	at org.apache.jmeter.threads.JMeterThread.processSampler(JMeterThread.java:501) ~[ApacheJMeter_core.jar:5.6.3]
	at org.apache.jmeter.threads.JMeterThread.run(JMeterThread.java:268) ~[ApacheJMeter_core.jar:5.6.3]
	at java.base/java.lang.Thread.run(Thread.java:1583) [?:?]
Caused by: groovy.json.JsonException: Unable to determine the current character, it is not a string, number, array, or object

The current character read is '<' with an int value of 60
Unable to determine the current character, it is not a string, number, array, or object
line number 1
index number 0
<!DOCTYPE html>
^
	at org.apache.groovy.json.internal.JsonParserCharArray.decodeValueInternal(JsonParserCharArray.java:202) ~[groovy-json-3.0.20.jar:3.0.20]
	at org.apache.groovy.json.internal.JsonParserCharArray.decodeValue(JsonParserCharArray.java:153) ~[groovy-json-3.0.20.jar:3.0.20]
	at org.apache.groovy.json.internal.JsonParserCharArray.decodeFromChars(JsonParserCharArray.java:43) ~[groovy-json-3.0.20.jar:3.0.20]
	at org.apache.groovy.json.internal.JsonParserCharArray.parse(JsonParserCharArray.java:380) ~[groovy-json-3.0.20.jar:3.0.20]
	at org.apache.groovy.json.internal.BaseJsonParser.parse(BaseJsonParser.java:113) ~[groovy-json-3.0.20.jar:3.0.20]
	at groovy.json.JsonSlurper.parseText(JsonSlurper.java:204) ~[groovy-json-3.0.20.jar:3.0.20]
	at groovy.json.JsonSlurper$parseText.call(Unknown Source) ~[?:?]
	at Script5.run(Script5.groovy:1) ~[?:?]
	at org.codehaus.groovy.jsr223.GroovyScriptEngineImpl.eval(GroovyScriptEngineImpl.java:317) ~[groovy-jsr223-3.0.20.jar:3.0.20]
	... 10 more
2026-08-31 17:32:26,945 ERROR o.a.j.a.JSR223Assertion: Problem in JSR223 script: Validate coupon amounts
javax.script.ScriptException: groovy.json.JsonException: Unable to determine the current character, it is not a string, number, array, or object

The current character read is '<' with an int value of 60
Unable to determine the current character, it is not a string, number, array, or object
line number 1
index number 0
<!DOCTYPE html>
^
	at org.codehaus.groovy.jsr223.GroovyScriptEngineImpl.eval(GroovyScriptEngineImpl.java:320) ~[groovy-jsr223-3.0.20.jar:3.0.20]
	at org.codehaus.groovy.jsr223.GroovyCompiledScript.eval(GroovyCompiledScript.java:71) ~[groovy-jsr223-3.0.20.jar:3.0.20]
	at java.scripting/javax.script.CompiledScript.eval(CompiledScript.java:93) ~[java.scripting:?]
	at org.apache.jmeter.util.JSR223TestElement.processFileOrScript(JSR223TestElement.java:230) ~[ApacheJMeter_core.jar:5.6.3]
	at org.apache.jmeter.assertions.JSR223Assertion.getResult(JSR223Assertion.java:50) ~[ApacheJMeter_components.jar:5.6.3]
	at org.apache.jmeter.threads.JMeterThread.processAssertion(JMeterThread.java:949) ~[ApacheJMeter_core.jar:5.6.3]
	at org.apache.jmeter.threads.JMeterThread.checkAssertions(JMeterThread.java:918) ~[ApacheJMeter_core.jar:5.6.3]
	at org.apache.jmeter.threads.JMeterThread.executeSamplePackage(JMeterThread.java:586) ~[ApacheJMeter_core.jar:5.6.3]
	at org.apache.jmeter.threads.JMeterThread.processSampler(JMeterThread.java:501) ~[ApacheJMeter_core.jar:5.6.3]
	at org.apache.jmeter.threads.JMeterThread.run(JMeterThread.java:268) ~[ApacheJMeter_core.jar:5.6.3]
	at java.base/java.lang.Thread.run(Thread.java:1583) [?:?]
Caused by: groovy.json.JsonException: Unable to determine the current character, it is not a string, number, array, or object

The current character read is '<' with an int value of 60
Unable to determine the current character, it is not a string, number, array, or object
line number 1
index number 0
<!DOCTYPE html>
^
	at org.apache.groovy.json.internal.JsonParserCharArray.decodeValueInternal(JsonParserCharArray.java:202) ~[groovy-json-3.0.20.jar:3.0.20]
	at org.apache.groovy.json.internal.JsonParserCharArray.decodeValue(JsonParserCharArray.java:153) ~[groovy-json-3.0.20.jar:3.0.20]
	at org.apache.groovy.json.internal.JsonParserCharArray.decodeFromChars(JsonParserCharArray.java:43) ~[groovy-json-3.0.20.jar:3.0.20]
	at org.apache.groovy.json.internal.JsonParserCharArray.parse(JsonParserCharArray.java:380) ~[groovy-json-3.0.20.jar:3.0.20]
	at org.apache.groovy.json.internal.BaseJsonParser.parse(BaseJsonParser.java:113) ~[groovy-json-3.0.20.jar:3.0.20]
	at groovy.json.JsonSlurper.parseText(JsonSlurper.java:204) ~[groovy-json-3.0.20.jar:3.0.20]
	at groovy.json.JsonSlurper$parseText.call(Unknown Source) ~[?:?]
	at Script5.run(Script5.groovy:1) ~[?:?]
	at org.codehaus.groovy.jsr223.GroovyScriptEngineImpl.eval(GroovyScriptEngineImpl.java:317) ~[groovy-jsr223-3.0.20.jar:3.0.20]
	... 10 more
2026-08-31 17:32:27,116 ERROR o.a.j.a.JSR223Assertion: Problem in JSR223 script: Validate coupon amounts
javax.script.ScriptException: groovy.json.JsonException: Unable to determine the current character, it is not a string, number, array, or object

The current character read is '<' with an int value of 60
Unable to determine the current character, it is not a string, number, array, or object
line number 1
index number 0
<!DOCTYPE html>
^
	at org.codehaus.groovy.jsr223.GroovyScriptEngineImpl.eval(GroovyScriptEngineImpl.java:320) ~[groovy-jsr223-3.0.20.jar:3.0.20]
	at org.codehaus.groovy.jsr223.GroovyCompiledScript.eval(GroovyCompiledScript.java:71) ~[groovy-jsr223-3.0.20.jar:3.0.20]
	at java.scripting/javax.script.CompiledScript.eval(CompiledScript.java:93) ~[java.scripting:?]
	at org.apache.jmeter.util.JSR223TestElement.processFileOrScript(JSR223TestElement.java:230) ~[ApacheJMeter_core.jar:5.6.3]
	at org.apache.jmeter.assertions.JSR223Assertion.getResult(JSR223Assertion.java:50) ~[ApacheJMeter_components.jar:5.6.3]
	at org.apache.jmeter.threads.JMeterThread.processAssertion(JMeterThread.java:949) ~[ApacheJMeter_core.jar:5.6.3]
	at org.apache.jmeter.threads.JMeterThread.checkAssertions(JMeterThread.java:918) ~[ApacheJMeter_core.jar:5.6.3]
	at org.apache.jmeter.threads.JMeterThread.executeSamplePackage(JMeterThread.java:586) ~[ApacheJMeter_core.jar:5.6.3]
	at org.apache.jmeter.threads.JMeterThread.processSampler(JMeterThread.java:501) ~[ApacheJMeter_core.jar:5.6.3]
	at org.apache.jmeter.threads.JMeterThread.run(JMeterThread.java:268) ~[ApacheJMeter_core.jar:5.6.3]
	at java.base/java.lang.Thread.run(Thread.java:1583) [?:?]
Caused by: groovy.json.JsonException: Unable to determine the current character, it is not a string, number, array, or object

The current character read is '<' with an int value of 60
Unable to determine the current character, it is not a string, number, array, or object
line number 1
index number 0
<!DOCTYPE html>
^
	at org.apache.groovy.json.internal.JsonParserCharArray.decodeValueInternal(JsonParserCharArray.java:202) ~[groovy-json-3.0.20.jar:3.0.20]
	at org.apache.groovy.json.internal.JsonParserCharArray.decodeValue(JsonParserCharArray.java:153) ~[groovy-json-3.0.20.jar:3.0.20]
	at org.apache.groovy.json.internal.JsonParserCharArray.decodeFromChars(JsonParserCharArray.java:43) ~[groovy-json-3.0.20.jar:3.0.20]
	at org.apache.groovy.json.internal.JsonParserCharArray.parse(JsonParserCharArray.java:380) ~[groovy-json-3.0.20.jar:3.0.20]
	at org.apache.groovy.json.internal.BaseJsonParser.parse(BaseJsonParser.java:113) ~[groovy-json-3.0.20.jar:3.0.20]
	at groovy.json.JsonSlurper.parseText(JsonSlurper.java:204) ~[groovy-json-3.0.20.jar:3.0.20]
	at groovy.json.JsonSlurper$parseText.call(Unknown Source) ~[?:?]
	at Script5.run(Script5.groovy:1) ~[?:?]
	at org.codehaus.groovy.jsr223.GroovyScriptEngineImpl.eval(GroovyScriptEngineImpl.java:317) ~[groovy-jsr223-3.0.20.jar:3.0.20]
	... 10 more
2026-08-31 17:32:27,961 INFO o.a.j.t.JMeterThread: Thread started: Load - 6 VUs steady 1-5
2026-08-31 17:32:28,711 ERROR o.a.j.a.JSR223Assertion: Problem in JSR223 script: Validate coupon amounts
javax.script.ScriptException: groovy.json.JsonException: Unable to determine the current character, it is not a string, number, array, or object

The current character read is '<' with an int value of 60
Unable to determine the current character, it is not a string, number, array, or object
line number 1
index number 0
<!DOCTYPE html>
^
	at org.codehaus.groovy.jsr223.GroovyScriptEngineImpl.eval(GroovyScriptEngineImpl.java:320) ~[groovy-jsr223-3.0.20.jar:3.0.20]
	at org.codehaus.groovy.jsr223.GroovyCompiledScript.eval(GroovyCompiledScript.java:71) ~[groovy-jsr223-3.0.20.jar:3.0.20]
	at java.scripting/javax.script.CompiledScript.eval(CompiledScript.java:93) ~[java.scripting:?]
	at org.apache.jmeter.util.JSR223TestElement.processFileOrScript(JSR223TestElement.java:230) ~[ApacheJMeter_core.jar:5.6.3]
	at org.apache.jmeter.assertions.JSR223Assertion.getResult(JSR223Assertion.java:50) ~[ApacheJMeter_components.jar:5.6.3]
	at org.apache.jmeter.threads.JMeterThread.processAssertion(JMeterThread.java:949) ~[ApacheJMeter_core.jar:5.6.3]
	at org.apache.jmeter.threads.JMeterThread.checkAssertions(JMeterThread.java:918) ~[ApacheJMeter_core.jar:5.6.3]
	at org.apache.jmeter.threads.JMeterThread.executeSamplePackage(JMeterThread.java:586) ~[ApacheJMeter_core.jar:5.6.3]
	at org.apache.jmeter.threads.JMeterThread.processSampler(JMeterThread.java:501) ~[ApacheJMeter_core.jar:5.6.3]
	at org.apache.jmeter.threads.JMeterThread.run(JMeterThread.java:268) ~[ApacheJMeter_core.jar:5.6.3]
	at java.base/java.lang.Thread.run(Thread.java:1583) [?:?]
Caused by: groovy.json.JsonException: Unable to determine the current character, it is not a string, number, array, or object

The current character read is '<' with an int value of 60
Unable to determine the current character, it is not a string, number, array, or object
line number 1
index number 0
<!DOCTYPE html>
^
	at org.apache.groovy.json.internal.JsonParserCharArray.decodeValueInternal(JsonParserCharArray.java:202) ~[groovy-json-3.0.20.jar:3.0.20]
	at org.apache.groovy.json.internal.JsonParserCharArray.decodeValue(JsonParserCharArray.java:153) ~[groovy-json-3.0.20.jar:3.0.20]
	at org.apache.groovy.json.internal.JsonParserCharArray.decodeFromChars(JsonParserCharArray.java:43) ~[groovy-json-3.0.20.jar:3.0.20]
	at org.apache.groovy.json.internal.JsonParserCharArray.parse(JsonParserCharArray.java:380) ~[groovy-json-3.0.20.jar:3.0.20]
	at org.apache.groovy.json.internal.BaseJsonParser.parse(BaseJsonParser.java:113) ~[groovy-json-3.0.20.jar:3.0.20]
	at groovy.json.JsonSlurper.parseText(JsonSlurper.java:204) ~[groovy-json-3.0.20.jar:3.0.20]
	at groovy.json.JsonSlurper$parseText.call(Unknown Source) ~[?:?]
	at Script5.run(Script5.groovy:1) ~[?:?]
	at org.codehaus.groovy.jsr223.GroovyScriptEngineImpl.eval(GroovyScriptEngineImpl.java:317) ~[groovy-jsr223-3.0.20.jar:3.0.20]
	... 10 more
2026-08-31 17:32:28,988 ERROR o.a.j.a.JSR223Assertion: Problem in JSR223 script: Validate coupon amounts
javax.script.ScriptException: groovy.json.JsonException: Unable to determine the current character, it is not a string, number, array, or object

The current character read is '<' with an int value of 60
Unable to determine the current character, it is not a string, number, array, or object
line number 1
index number 0
<!DOCTYPE html>
^
	at org.codehaus.groovy.jsr223.GroovyScriptEngineImpl.eval(GroovyScriptEngineImpl.java:320) ~[groovy-jsr223-3.0.20.jar:3.0.20]
	at org.codehaus.groovy.jsr223.GroovyCompiledScript.eval(GroovyCompiledScript.java:71) ~[groovy-jsr223-3.0.20.jar:3.0.20]
	at java.scripting/javax.script.CompiledScript.eval(CompiledScript.java:93) ~[java.scripting:?]
	at org.apache.jmeter.util.JSR223TestElement.processFileOrScript(JSR223TestElement.java:230) ~[ApacheJMeter_core.jar:5.6.3]
	at org.apache.jmeter.assertions.JSR223Assertion.getResult(JSR223Assertion.java:50) ~[ApacheJMeter_components.jar:5.6.3]
	at org.apache.jmeter.threads.JMeterThread.processAssertion(JMeterThread.java:949) ~[ApacheJMeter_core.jar:5.6.3]
	at org.apache.jmeter.threads.JMeterThread.checkAssertions(JMeterThread.java:918) ~[ApacheJMeter_core.jar:5.6.3]
	at org.apache.jmeter.threads.JMeterThread.executeSamplePackage(JMeterThread.java:586) ~[ApacheJMeter_core.jar:5.6.3]
	at org.apache.jmeter.threads.JMeterThread.processSampler(JMeterThread.java:501) ~[ApacheJMeter_core.jar:5.6.3]
	at org.apache.jmeter.threads.JMeterThread.run(JMeterThread.java:268) ~[ApacheJMeter_core.jar:5.6.3]
	at java.base/java.lang.Thread.run(Thread.java:1583) [?:?]
Caused by: groovy.json.JsonException: Unable to determine the current character, it is not a string, number, array, or object

The current character read is '<' with an int value of 60
Unable to determine the current character, it is not a string, number, array, or object
line number 1
index number 0
<!DOCTYPE html>
^
	at org.apache.groovy.json.internal.JsonParserCharArray.decodeValueInternal(JsonParserCharArray.java:202) ~[groovy-json-3.0.20.jar:3.0.20]
	at org.apache.groovy.json.internal.JsonParserCharArray.decodeValue(JsonParserCharArray.java:153) ~[groovy-json-3.0.20.jar:3.0.20]
	at org.apache.groovy.json.internal.JsonParserCharArray.decodeFromChars(JsonParserCharArray.java:43) ~[groovy-json-3.0.20.jar:3.0.20]
	at org.apache.groovy.json.internal.JsonParserCharArray.parse(JsonParserCharArray.java:380) ~[groovy-json-3.0.20.jar:3.0.20]
	at org.apache.groovy.json.internal.BaseJsonParser.parse(BaseJsonParser.java:113) ~[groovy-json-3.0.20.jar:3.0.20]
	at groovy.json.JsonSlurper.parseText(JsonSlurper.java:204) ~[groovy-json-3.0.20.jar:3.0.20]
	at groovy.json.JsonSlurper$parseText.call(Unknown Source) ~[?:?]
	at Script5.run(Script5.groovy:1) ~[?:?]
	at org.codehaus.groovy.jsr223.GroovyScriptEngineImpl.eval(GroovyScriptEngineImpl.java:317) ~[groovy-jsr223-3.0.20.jar:3.0.20]
	... 10 more
2026-08-31 17:32:29,089 ERROR o.a.j.a.JSR223Assertion: Problem in JSR223 script: Validate coupon amounts
javax.script.ScriptException: groovy.json.JsonException: Unable to determine the current character, it is not a string, number, array, or object

The current character read is '<' with an int value of 60
Unable to determine the current character, it is not a string, number, array, or object
line number 1
index number 0
<!DOCTYPE html>
^
	at org.codehaus.groovy.jsr223.GroovyScriptEngineImpl.eval(GroovyScriptEngineImpl.java:320) ~[groovy-jsr223-3.0.20.jar:3.0.20]
	at org.codehaus.groovy.jsr223.GroovyCompiledScript.eval(GroovyCompiledScript.java:71) ~[groovy-jsr223-3.0.20.jar:3.0.20]
	at java.scripting/javax.script.CompiledScript.eval(CompiledScript.java:93) ~[java.scripting:?]
	at org.apache.jmeter.util.JSR223TestElement.processFileOrScript(JSR223TestElement.java:230) ~[ApacheJMeter_core.jar:5.6.3]
	at org.apache.jmeter.assertions.JSR223Assertion.getResult(JSR223Assertion.java:50) ~[ApacheJMeter_components.jar:5.6.3]
	at org.apache.jmeter.threads.JMeterThread.processAssertion(JMeterThread.java:949) ~[ApacheJMeter_core.jar:5.6.3]
	at org.apache.jmeter.threads.JMeterThread.checkAssertions(JMeterThread.java:918) ~[ApacheJMeter_core.jar:5.6.3]
	at org.apache.jmeter.threads.JMeterThread.executeSamplePackage(JMeterThread.java:586) ~[ApacheJMeter_core.jar:5.6.3]
	at org.apache.jmeter.threads.JMeterThread.processSampler(JMeterThread.java:501) ~[ApacheJMeter_core.jar:5.6.3]
	at org.apache.jmeter.threads.JMeterThread.run(JMeterThread.java:268) ~[ApacheJMeter_core.jar:5.6.3]
	at java.base/java.lang.Thread.run(Thread.java:1583) [?:?]
Caused by: groovy.json.JsonException: Unable to determine the current character, it is not a string, number, array, or object

The current character read is '<' with an int value of 60
Unable to determine the current character, it is not a string, number, array, or object
line number 1
index number 0
<!DOCTYPE html>
^
	at org.apache.groovy.json.internal.JsonParserCharArray.decodeValueInternal(JsonParserCharArray.java:202) ~[groovy-json-3.0.20.jar:3.0.20]
	at org.apache.groovy.json.internal.JsonParserCharArray.decodeValue(JsonParserCharArray.java:153) ~[groovy-json-3.0.20.jar:3.0.20]
	at org.apache.groovy.json.internal.JsonParserCharArray.decodeFromChars(JsonParserCharArray.java:43) ~[groovy-json-3.0.20.jar:3.0.20]
	at org.apache.groovy.json.internal.JsonParserCharArray.parse(JsonParserCharArray.java:380) ~[groovy-json-3.0.20.jar:3.0.20]
	at org.apache.groovy.json.internal.BaseJsonParser.parse(BaseJsonParser.java:113) ~[groovy-json-3.0.20.jar:3.0.20]
	at groovy.json.JsonSlurper.parseText(JsonSlurper.java:204) ~[groovy-json-3.0.20.jar:3.0.20]
	at groovy.json.JsonSlurper$parseText.call(Unknown Source) ~[?:?]
	at Script5.run(Script5.groovy:1) ~[?:?]
	at org.codehaus.groovy.jsr223.GroovyScriptEngineImpl.eval(GroovyScriptEngineImpl.java:317) ~[groovy-jsr223-3.0.20.jar:3.0.20]
	... 10 more
2026-08-31 17:32:29,164 ERROR o.a.j.a.JSR223Assertion: Problem in JSR223 script: Validate coupon amounts
javax.script.ScriptException: groovy.json.JsonException: Unable to determine the current character, it is not a string, number, array, or object

The current character read is '<' with an int value of 60
Unable to determine the current character, it is not a string, number, array, or object
line number 1
index number 0
<!DOCTYPE html>
^
	at org.codehaus.groovy.jsr223.GroovyScriptEngineImpl.eval(GroovyScriptEngineImpl.java:320) ~[groovy-jsr223-3.0.20.jar:3.0.20]
	at org.codehaus.groovy.jsr223.GroovyCompiledScript.eval(GroovyCompiledScript.java:71) ~[groovy-jsr223-3.0.20.jar:3.0.20]
	at java.scripting/javax.script.CompiledScript.eval(CompiledScript.java:93) ~[java.scripting:?]
	at org.apache.jmeter.util.JSR223TestElement.processFileOrScript(JSR223TestElement.java:230) ~[ApacheJMeter_core.jar:5.6.3]
	at org.apache.jmeter.assertions.JSR223Assertion.getResult(JSR223Assertion.java:50) ~[ApacheJMeter_components.jar:5.6.3]
	at org.apache.jmeter.threads.JMeterThread.processAssertion(JMeterThread.java:949) ~[ApacheJMeter_core.jar:5.6.3]
	at org.apache.jmeter.threads.JMeterThread.checkAssertions(JMeterThread.java:918) ~[ApacheJMeter_core.jar:5.6.3]
	at org.apache.jmeter.threads.JMeterThread.executeSamplePackage(JMeterThread.java:586) ~[ApacheJMeter_core.jar:5.6.3]
	at org.apache.jmeter.threads.JMeterThread.processSampler(JMeterThread.java:501) ~[ApacheJMeter_core.jar:5.6.3]
	at org.apache.jmeter.threads.JMeterThread.run(JMeterThread.java:268) ~[ApacheJMeter_core.jar:5.6.3]
	at java.base/java.lang.Thread.run(Thread.java:1583) [?:?]
Caused by: groovy.json.JsonException: Unable to determine the current character, it is not a string, number, array, or object

The current character read is '<' with an int value of 60
Unable to determine the current character, it is not a string, number, array, or object
line number 1
index number 0
<!DOCTYPE html>
^
	at org.apache.groovy.json.internal.JsonParserCharArray.decodeValueInternal(JsonParserCharArray.java:202) ~[groovy-json-3.0.20.jar:3.0.20]
	at org.apache.groovy.json.internal.JsonParserCharArray.decodeValue(JsonParserCharArray.java:153) ~[groovy-json-3.0.20.jar:3.0.20]
	at org.apache.groovy.json.internal.JsonParserCharArray.decodeFromChars(JsonParserCharArray.java:43) ~[groovy-json-3.0.20.jar:3.0.20]
	at org.apache.groovy.json.internal.JsonParserCharArray.parse(JsonParserCharArray.java:380) ~[groovy-json-3.0.20.jar:3.0.20]
	at org.apache.groovy.json.internal.BaseJsonParser.parse(BaseJsonParser.java:113) ~[groovy-json-3.0.20.jar:3.0.20]
	at groovy.json.JsonSlurper.parseText(JsonSlurper.java:204) ~[groovy-json-3.0.20.jar:3.0.20]
	at groovy.json.JsonSlurper$parseText.call(Unknown Source) ~[?:?]
	at Script5.run(Script5.groovy:1) ~[?:?]
	at org.codehaus.groovy.jsr223.GroovyScriptEngineImpl.eval(GroovyScriptEngineImpl.java:317) ~[groovy-jsr223-3.0.20.jar:3.0.20]
	... 10 more
2026-08-31 17:32:29,803 ERROR o.a.j.a.JSR223Assertion: Problem in JSR223 script: Validate coupon amounts
javax.script.ScriptException: groovy.json.JsonException: Unable to determine the current character, it is not a string, number, array, or object

The current character read is '<' with an int value of 60
Unable to determine the current character, it is not a string, number, array, or object
line number 1
index number 0
<!DOCTYPE html>
^
	at org.codehaus.groovy.jsr223.GroovyScriptEngineImpl.eval(GroovyScriptEngineImpl.java:320) ~[groovy-jsr223-3.0.20.jar:3.0.20]
	at org.codehaus.groovy.jsr223.GroovyCompiledScript.eval(GroovyCompiledScript.java:71) ~[groovy-jsr223-3.0.20.jar:3.0.20]
	at java.scripting/javax.script.CompiledScript.eval(CompiledScript.java:93) ~[java.scripting:?]
	at org.apache.jmeter.util.JSR223TestElement.processFileOrScript(JSR223TestElement.java:230) ~[ApacheJMeter_core.jar:5.6.3]
	at org.apache.jmeter.assertions.JSR223Assertion.getResult(JSR223Assertion.java:50) ~[ApacheJMeter_components.jar:5.6.3]
	at org.apache.jmeter.threads.JMeterThread.processAssertion(JMeterThread.java:949) ~[ApacheJMeter_core.jar:5.6.3]
	at org.apache.jmeter.threads.JMeterThread.checkAssertions(JMeterThread.java:918) ~[ApacheJMeter_core.jar:5.6.3]
	at org.apache.jmeter.threads.JMeterThread.executeSamplePackage(JMeterThread.java:586) ~[ApacheJMeter_core.jar:5.6.3]
	at org.apache.jmeter.threads.JMeterThread.processSampler(JMeterThread.java:501) ~[ApacheJMeter_core.jar:5.6.3]
	at org.apache.jmeter.threads.JMeterThread.run(JMeterThread.java:268) ~[ApacheJMeter_core.jar:5.6.3]
	at java.base/java.lang.Thread.run(Thread.java:1583) [?:?]
Caused by: groovy.json.JsonException: Unable to determine the current character, it is not a string, number, array, or object

The current character read is '<' with an int value of 60
Unable to determine the current character, it is not a string, number, array, or object
line number 1
index number 0
<!DOCTYPE html>
^
	at org.apache.groovy.json.internal.JsonParserCharArray.decodeValueInternal(JsonParserCharArray.java:202) ~[groovy-json-3.0.20.jar:3.0.20]
	at org.apache.groovy.json.internal.JsonParserCharArray.decodeValue(JsonParserCharArray.java:153) ~[groovy-json-3.0.20.jar:3.0.20]
	at org.apache.groovy.json.internal.JsonParserCharArray.decodeFromChars(JsonParserCharArray.java:43) ~[groovy-json-3.0.20.jar:3.0.20]
	at org.apache.groovy.json.internal.JsonParserCharArray.parse(JsonParserCharArray.java:380) ~[groovy-json-3.0.20.jar:3.0.20]
	at org.apache.groovy.json.internal.BaseJsonParser.parse(BaseJsonParser.java:113) ~[groovy-json-3.0.20.jar:3.0.20]
	at groovy.json.JsonSlurper.parseText(JsonSlurper.java:204) ~[groovy-json-3.0.20.jar:3.0.20]
	at groovy.json.JsonSlurper$parseText.call(Unknown Source) ~[?:?]
	at Script5.run(Script5.groovy:1) ~[?:?]
	at org.codehaus.groovy.jsr223.GroovyScriptEngineImpl.eval(GroovyScriptEngineImpl.java:317) ~[groovy-jsr223-3.0.20.jar:3.0.20]
	... 10 more
2026-08-31 17:32:30,054 INFO o.a.j.r.Summariser: summary +     90 in 00:00:12 =    7.4/s Avg:     2 Min:     0 Max:    17 Err:    85 (94.44%) Active: 5 Started: 5 Finished: 0
2026-08-31 17:32:30,460 INFO o.a.j.t.JMeterThread: Thread started: Load - 6 VUs steady 1-6
2026-08-31 17:32:30,871 ERROR o.a.j.a.JSR223Assertion: Problem in JSR223 script: Validate coupon amounts
javax.script.ScriptException: groovy.json.JsonException: Unable to determine the current character, it is not a string, number, array, or object

The current character read is '<' with an int value of 60
Unable to determine the current character, it is not a string, number, array, or object
line number 1
index number 0
<!DOCTYPE html>
^
	at org.codehaus.groovy.jsr223.GroovyScriptEngineImpl.eval(GroovyScriptEngineImpl.java:320) ~[groovy-jsr223-3.0.20.jar:3.0.20]
	at org.codehaus.groovy.jsr223.GroovyCompiledScript.eval(GroovyCompiledScript.java:71) ~[groovy-jsr223-3.0.20.jar:3.0.20]
	at java.scripting/javax.script.CompiledScript.eval(CompiledScript.java:93) ~[java.scripting:?]
	at org.apache.jmeter.util.JSR223TestElement.processFileOrScript(JSR223TestElement.java:230) ~[ApacheJMeter_core.jar:5.6.3]
	at org.apache.jmeter.assertions.JSR223Assertion.getResult(JSR223Assertion.java:50) ~[ApacheJMeter_components.jar:5.6.3]
	at org.apache.jmeter.threads.JMeterThread.processAssertion(JMeterThread.java:949) ~[ApacheJMeter_core.jar:5.6.3]
	at org.apache.jmeter.threads.JMeterThread.checkAssertions(JMeterThread.java:918) ~[ApacheJMeter_core.jar:5.6.3]
	at org.apache.jmeter.threads.JMeterThread.executeSamplePackage(JMeterThread.java:586) ~[ApacheJMeter_core.jar:5.6.3]
	at org.apache.jmeter.threads.JMeterThread.processSampler(JMeterThread.java:501) ~[ApacheJMeter_core.jar:5.6.3]
	at org.apache.jmeter.threads.JMeterThread.run(JMeterThread.java:268) ~[ApacheJMeter_core.jar:5.6.3]
	at java.base/java.lang.Thread.run(Thread.java:1583) [?:?]
Caused by: groovy.json.JsonException: Unable to determine the current character, it is not a string, number, array, or object

The current character read is '<' with an int value of 60
Unable to determine the current character, it is not a string, number, array, or object
line number 1
index number 0
<!DOCTYPE html>
^
	at org.apache.groovy.json.internal.JsonParserCharArray.decodeValueInternal(JsonParserCharArray.java:202) ~[groovy-json-3.0.20.jar:3.0.20]
	at org.apache.groovy.json.internal.JsonParserCharArray.decodeValue(JsonParserCharArray.java:153) ~[groovy-json-3.0.20.jar:3.0.20]
	at org.apache.groovy.json.internal.JsonParserCharArray.decodeFromChars(JsonParserCharArray.java:43) ~[groovy-json-3.0.20.jar:3.0.20]
	at org.apache.groovy.json.internal.JsonParserCharArray.parse(JsonParserCharArray.java:380) ~[groovy-json-3.0.20.jar:3.0.20]
	at org.apache.groovy.json.internal.BaseJsonParser.parse(BaseJsonParser.java:113) ~[groovy-json-3.0.20.jar:3.0.20]
	at groovy.json.JsonSlurper.parseText(JsonSlurper.java:204) ~[groovy-json-3.0.20.jar:3.0.20]
	at groovy.json.JsonSlurper$parseText.call(Unknown Source) ~[?:?]
	at Script5.run(Script5.groovy:1) ~[?:?]
	at org.codehaus.groovy.jsr223.GroovyScriptEngineImpl.eval(GroovyScriptEngineImpl.java:317) ~[groovy-jsr223-3.0.20.jar:3.0.20]
	... 10 more
2026-08-31 17:32:30,964 ERROR o.a.j.a.JSR223Assertion: Problem in JSR223 script: Validate coupon amounts
javax.script.ScriptException: groovy.json.JsonException: Unable to determine the current character, it is not a string, number, array, or object

The current character read is '<' with an int value of 60
Unable to determine the current character, it is not a string, number, array, or object
line number 1
index number 0
<!DOCTYPE html>
^
	at org.codehaus.groovy.jsr223.GroovyScriptEngineImpl.eval(GroovyScriptEngineImpl.java:320) ~[groovy-jsr223-3.0.20.jar:3.0.20]
	at org.codehaus.groovy.jsr223.GroovyCompiledScript.eval(GroovyCompiledScript.java:71) ~[groovy-jsr223-3.0.20.jar:3.0.20]
	at java.scripting/javax.script.CompiledScript.eval(CompiledScript.java:93) ~[java.scripting:?]
	at org.apache.jmeter.util.JSR223TestElement.processFileOrScript(JSR223TestElement.java:230) ~[ApacheJMeter_core.jar:5.6.3]
	at org.apache.jmeter.assertions.JSR223Assertion.getResult(JSR223Assertion.java:50) ~[ApacheJMeter_components.jar:5.6.3]
	at org.apache.jmeter.threads.JMeterThread.processAssertion(JMeterThread.java:949) ~[ApacheJMeter_core.jar:5.6.3]
	at org.apache.jmeter.threads.JMeterThread.checkAssertions(JMeterThread.java:918) ~[ApacheJMeter_core.jar:5.6.3]
	at org.apache.jmeter.threads.JMeterThread.executeSamplePackage(JMeterThread.java:586) ~[ApacheJMeter_core.jar:5.6.3]
	at org.apache.jmeter.threads.JMeterThread.processSampler(JMeterThread.java:501) ~[ApacheJMeter_core.jar:5.6.3]
	at org.apache.jmeter.threads.JMeterThread.run(JMeterThread.java:268) ~[ApacheJMeter_core.jar:5.6.3]
	at java.base/java.lang.Thread.run(Thread.java:1583) [?:?]
Caused by: groovy.json.JsonException: Unable to determine the current character, it is not a string, number, array, or object

The current character read is '<' with an int value of 60
Unable to determine the current character, it is not a string, number, array, or object
line number 1
index number 0
<!DOCTYPE html>
^
	at org.apache.groovy.json.internal.JsonParserCharArray.decodeValueInternal(JsonParserCharArray.java:202) ~[groovy-json-3.0.20.jar:3.0.20]
	at org.apache.groovy.json.internal.JsonParserCharArray.decodeValue(JsonParserCharArray.java:153) ~[groovy-json-3.0.20.jar:3.0.20]
	at org.apache.groovy.json.internal.JsonParserCharArray.decodeFromChars(JsonParserCharArray.java:43) ~[groovy-json-3.0.20.jar:3.0.20]
	at org.apache.groovy.json.internal.JsonParserCharArray.parse(JsonParserCharArray.java:380) ~[groovy-json-3.0.20.jar:3.0.20]
	at org.apache.groovy.json.internal.BaseJsonParser.parse(BaseJsonParser.java:113) ~[groovy-json-3.0.20.jar:3.0.20]
	at groovy.json.JsonSlurper.parseText(JsonSlurper.java:204) ~[groovy-json-3.0.20.jar:3.0.20]
	at groovy.json.JsonSlurper$parseText.call(Unknown Source) ~[?:?]
	at Script5.run(Script5.groovy:1) ~[?:?]
	at org.codehaus.groovy.jsr223.GroovyScriptEngineImpl.eval(GroovyScriptEngineImpl.java:317) ~[groovy-jsr223-3.0.20.jar:3.0.20]
	... 10 more
2026-08-31 17:32:31,211 ERROR o.a.j.a.JSR223Assertion: Problem in JSR223 script: Validate coupon amounts
javax.script.ScriptException: groovy.json.JsonException: Unable to determine the current character, it is not a string, number, array, or object

The current character read is '<' with an int value of 60
Unable to determine the current character, it is not a string, number, array, or object
line number 1
index number 0
<!DOCTYPE html>
^
	at org.codehaus.groovy.jsr223.GroovyScriptEngineImpl.eval(GroovyScriptEngineImpl.java:320) ~[groovy-jsr223-3.0.20.jar:3.0.20]
	at org.codehaus.groovy.jsr223.GroovyCompiledScript.eval(GroovyCompiledScript.java:71) ~[groovy-jsr223-3.0.20.jar:3.0.20]
	at java.scripting/javax.script.CompiledScript.eval(CompiledScript.java:93) ~[java.scripting:?]
	at org.apache.jmeter.util.JSR223TestElement.processFileOrScript(JSR223TestElement.java:230) ~[ApacheJMeter_core.jar:5.6.3]
	at org.apache.jmeter.assertions.JSR223Assertion.getResult(JSR223Assertion.java:50) ~[ApacheJMeter_components.jar:5.6.3]
	at org.apache.jmeter.threads.JMeterThread.processAssertion(JMeterThread.java:949) ~[ApacheJMeter_core.jar:5.6.3]
	at org.apache.jmeter.threads.JMeterThread.checkAssertions(JMeterThread.java:918) ~[ApacheJMeter_core.jar:5.6.3]
	at org.apache.jmeter.threads.JMeterThread.executeSamplePackage(JMeterThread.java:586) ~[ApacheJMeter_core.jar:5.6.3]
	at org.apache.jmeter.threads.JMeterThread.processSampler(JMeterThread.java:501) ~[ApacheJMeter_core.jar:5.6.3]
	at org.apache.jmeter.threads.JMeterThread.run(JMeterThread.java:268) ~[ApacheJMeter_core.jar:5.6.3]
	at java.base/java.lang.Thread.run(Thread.java:1583) [?:?]
Caused by: groovy.json.JsonException: Unable to determine the current character, it is not a string, number, array, or object

The current character read is '<' with an int value of 60
Unable to determine the current character, it is not a string, number, array, or object
line number 1
index number 0
<!DOCTYPE html>
^
	at org.apache.groovy.json.internal.JsonParserCharArray.decodeValueInternal(JsonParserCharArray.java:202) ~[groovy-json-3.0.20.jar:3.0.20]
	at org.apache.groovy.json.internal.JsonParserCharArray.decodeValue(JsonParserCharArray.java:153) ~[groovy-json-3.0.20.jar:3.0.20]
	at org.apache.groovy.json.internal.JsonParserCharArray.decodeFromChars(JsonParserCharArray.java:43) ~[groovy-json-3.0.20.jar:3.0.20]
	at org.apache.groovy.json.internal.JsonParserCharArray.parse(JsonParserCharArray.java:380) ~[groovy-json-3.0.20.jar:3.0.20]
	at org.apache.groovy.json.internal.BaseJsonParser.parse(BaseJsonParser.java:113) ~[groovy-json-3.0.20.jar:3.0.20]
	at groovy.json.JsonSlurper.parseText(JsonSlurper.java:204) ~[groovy-json-3.0.20.jar:3.0.20]
	at groovy.json.JsonSlurper$parseText.call(Unknown Source) ~[?:?]
	at Script5.run(Script5.groovy:1) ~[?:?]
	at org.codehaus.groovy.jsr223.GroovyScriptEngineImpl.eval(GroovyScriptEngineImpl.java:317) ~[groovy-jsr223-3.0.20.jar:3.0.20]
	... 10 more
2026-08-31 17:32:31,382 ERROR o.a.j.a.JSR223Assertion: Problem in JSR223 script: Validate coupon amounts
javax.script.ScriptException: groovy.json.JsonException: Unable to determine the current character, it is not a string, number, array, or object

The current character read is '<' with an int value of 60
Unable to determine the current character, it is not a string, number, array, or object
line number 1
index number 0
<!DOCTYPE html>
^
	at org.codehaus.groovy.jsr223.GroovyScriptEngineImpl.eval(GroovyScriptEngineImpl.java:320) ~[groovy-jsr223-3.0.20.jar:3.0.20]
	at org.codehaus.groovy.jsr223.GroovyCompiledScript.eval(GroovyCompiledScript.java:71) ~[groovy-jsr223-3.0.20.jar:3.0.20]
	at java.scripting/javax.script.CompiledScript.eval(CompiledScript.java:93) ~[java.scripting:?]
	at org.apache.jmeter.util.JSR223TestElement.processFileOrScript(JSR223TestElement.java:230) ~[ApacheJMeter_core.jar:5.6.3]
	at org.apache.jmeter.assertions.JSR223Assertion.getResult(JSR223Assertion.java:50) ~[ApacheJMeter_components.jar:5.6.3]
	at org.apache.jmeter.threads.JMeterThread.processAssertion(JMeterThread.java:949) ~[ApacheJMeter_core.jar:5.6.3]
	at org.apache.jmeter.threads.JMeterThread.checkAssertions(JMeterThread.java:918) ~[ApacheJMeter_core.jar:5.6.3]
	at org.apache.jmeter.threads.JMeterThread.executeSamplePackage(JMeterThread.java:586) ~[ApacheJMeter_core.jar:5.6.3]
	at org.apache.jmeter.threads.JMeterThread.processSampler(JMeterThread.java:501) ~[ApacheJMeter_core.jar:5.6.3]
	at org.apache.jmeter.threads.JMeterThread.run(JMeterThread.java:268) ~[ApacheJMeter_core.jar:5.6.3]
	at java.base/java.lang.Thread.run(Thread.java:1583) [?:?]
Caused by: groovy.json.JsonException: Unable to determine the current character, it is not a string, number, array, or object

The current character read is '<' with an int value of 60
Unable to determine the current character, it is not a string, number, array, or object
line number 1
index number 0
<!DOCTYPE html>
^
	at org.apache.groovy.json.internal.JsonParserCharArray.decodeValueInternal(JsonParserCharArray.java:202) ~[groovy-json-3.0.20.jar:3.0.20]
	at org.apache.groovy.json.internal.JsonParserCharArray.decodeValue(JsonParserCharArray.java:153) ~[groovy-json-3.0.20.jar:3.0.20]
	at org.apache.groovy.json.internal.JsonParserCharArray.decodeFromChars(JsonParserCharArray.java:43) ~[groovy-json-3.0.20.jar:3.0.20]
	at org.apache.groovy.json.internal.JsonParserCharArray.parse(JsonParserCharArray.java:380) ~[groovy-json-3.0.20.jar:3.0.20]
	at org.apache.groovy.json.internal.BaseJsonParser.parse(BaseJsonParser.java:113) ~[groovy-json-3.0.20.jar:3.0.20]
	at groovy.json.JsonSlurper.parseText(JsonSlurper.java:204) ~[groovy-json-3.0.20.jar:3.0.20]
	at groovy.json.JsonSlurper$parseText.call(Unknown Source) ~[?:?]
	at Script5.run(Script5.groovy:1) ~[?:?]
	at org.codehaus.groovy.jsr223.GroovyScriptEngineImpl.eval(GroovyScriptEngineImpl.java:317) ~[groovy-jsr223-3.0.20.jar:3.0.20]
	... 10 more
2026-08-31 17:32:32,030 ERROR o.a.j.a.JSR223Assertion: Problem in JSR223 script: Validate coupon amounts
javax.script.ScriptException: groovy.json.JsonException: Unable to determine the current character, it is not a string, number, array, or object

The current character read is '<' with an int value of 60
Unable to determine the current character, it is not a string, number, array, or object
line number 1
index number 0
<!DOCTYPE html>
^
	at org.codehaus.groovy.jsr223.GroovyScriptEngineImpl.eval(GroovyScriptEngineImpl.java:320) ~[groovy-jsr223-3.0.20.jar:3.0.20]
	at org.codehaus.groovy.jsr223.GroovyCompiledScript.eval(GroovyCompiledScript.java:71) ~[groovy-jsr223-3.0.20.jar:3.0.20]
	at java.scripting/javax.script.CompiledScript.eval(CompiledScript.java:93) ~[java.scripting:?]
	at org.apache.jmeter.util.JSR223TestElement.processFileOrScript(JSR223TestElement.java:230) ~[ApacheJMeter_core.jar:5.6.3]
	at org.apache.jmeter.assertions.JSR223Assertion.getResult(JSR223Assertion.java:50) ~[ApacheJMeter_components.jar:5.6.3]
	at org.apache.jmeter.threads.JMeterThread.processAssertion(JMeterThread.java:949) ~[ApacheJMeter_core.jar:5.6.3]
	at org.apache.jmeter.threads.JMeterThread.checkAssertions(JMeterThread.java:918) ~[ApacheJMeter_core.jar:5.6.3]
	at org.apache.jmeter.threads.JMeterThread.executeSamplePackage(JMeterThread.java:586) ~[ApacheJMeter_core.jar:5.6.3]
	at org.apache.jmeter.threads.JMeterThread.processSampler(JMeterThread.java:501) ~[ApacheJMeter_core.jar:5.6.3]
	at org.apache.jmeter.threads.JMeterThread.run(JMeterThread.java:268) ~[ApacheJMeter_core.jar:5.6.3]
	at java.base/java.lang.Thread.run(Thread.java:1583) [?:?]
Caused by: groovy.json.JsonException: Unable to determine the current character, it is not a string, number, array, or object

The current character read is '<' with an int value of 60
Unable to determine the current character, it is not a string, number, array, or object
line number 1
index number 0
<!DOCTYPE html>
^
	at org.apache.groovy.json.internal.JsonParserCharArray.decodeValueInternal(JsonParserCharArray.java:202) ~[groovy-json-3.0.20.jar:3.0.20]
	at org.apache.groovy.json.internal.JsonParserCharArray.decodeValue(JsonParserCharArray.java:153) ~[groovy-json-3.0.20.jar:3.0.20]
	at org.apache.groovy.json.internal.JsonParserCharArray.decodeFromChars(JsonParserCharArray.java:43) ~[groovy-json-3.0.20.jar:3.0.20]
	at org.apache.groovy.json.internal.JsonParserCharArray.parse(JsonParserCharArray.java:380) ~[groovy-json-3.0.20.jar:3.0.20]
	at org.apache.groovy.json.internal.BaseJsonParser.parse(BaseJsonParser.java:113) ~[groovy-json-3.0.20.jar:3.0.20]
	at groovy.json.JsonSlurper.parseText(JsonSlurper.java:204) ~[groovy-json-3.0.20.jar:3.0.20]
	at groovy.json.JsonSlurper$parseText.call(Unknown Source) ~[?:?]
	at Script5.run(Script5.groovy:1) ~[?:?]
	at org.codehaus.groovy.jsr223.GroovyScriptEngineImpl.eval(GroovyScriptEngineImpl.java:317) ~[groovy-jsr223-3.0.20.jar:3.0.20]
	... 10 more
2026-08-31 17:32:32,074 ERROR o.a.j.a.JSR223Assertion: Problem in JSR223 script: Validate coupon amounts
javax.script.ScriptException: groovy.json.JsonException: Unable to determine the current character, it is not a string, number, array, or object

The current character read is '<' with an int value of 60
Unable to determine the current character, it is not a string, number, array, or object
line number 1
index number 0
<!DOCTYPE html>
^
	at org.codehaus.groovy.jsr223.GroovyScriptEngineImpl.eval(GroovyScriptEngineImpl.java:320) ~[groovy-jsr223-3.0.20.jar:3.0.20]
	at org.codehaus.groovy.jsr223.GroovyCompiledScript.eval(GroovyCompiledScript.java:71) ~[groovy-jsr223-3.0.20.jar:3.0.20]
	at java.scripting/javax.script.CompiledScript.eval(CompiledScript.java:93) ~[java.scripting:?]
	at org.apache.jmeter.util.JSR223TestElement.processFileOrScript(JSR223TestElement.java:230) ~[ApacheJMeter_core.jar:5.6.3]
	at org.apache.jmeter.assertions.JSR223Assertion.getResult(JSR223Assertion.java:50) ~[ApacheJMeter_components.jar:5.6.3]
	at org.apache.jmeter.threads.JMeterThread.processAssertion(JMeterThread.java:949) ~[ApacheJMeter_core.jar:5.6.3]
	at org.apache.jmeter.threads.JMeterThread.checkAssertions(JMeterThread.java:918) ~[ApacheJMeter_core.jar:5.6.3]
	at org.apache.jmeter.threads.JMeterThread.executeSamplePackage(JMeterThread.java:586) ~[ApacheJMeter_core.jar:5.6.3]
	at org.apache.jmeter.threads.JMeterThread.processSampler(JMeterThread.java:501) ~[ApacheJMeter_core.jar:5.6.3]
	at org.apache.jmeter.threads.JMeterThread.run(JMeterThread.java:268) ~[ApacheJMeter_core.jar:5.6.3]
	at java.base/java.lang.Thread.run(Thread.java:1583) [?:?]
Caused by: groovy.json.JsonException: Unable to determine the current character, it is not a string, number, array, or object

The current character read is '<' with an int value of 60
Unable to determine the current character, it is not a string, number, array, or object
line number 1
index number 0
<!DOCTYPE html>
^
	at org.apache.groovy.json.internal.JsonParserCharArray.decodeValueInternal(JsonParserCharArray.java:202) ~[groovy-json-3.0.20.jar:3.0.20]
	at org.apache.groovy.json.internal.JsonParserCharArray.decodeValue(JsonParserCharArray.java:153) ~[groovy-json-3.0.20.jar:3.0.20]
	at org.apache.groovy.json.internal.JsonParserCharArray.decodeFromChars(JsonParserCharArray.java:43) ~[groovy-json-3.0.20.jar:3.0.20]
	at org.apache.groovy.json.internal.JsonParserCharArray.parse(JsonParserCharArray.java:380) ~[groovy-json-3.0.20.jar:3.0.20]
	at org.apache.groovy.json.internal.BaseJsonParser.parse(BaseJsonParser.java:113) ~[groovy-json-3.0.20.jar:3.0.20]
	at groovy.json.JsonSlurper.parseText(JsonSlurper.java:204) ~[groovy-json-3.0.20.jar:3.0.20]
	at groovy.json.JsonSlurper$parseText.call(Unknown Source) ~[?:?]
	at Script5.run(Script5.groovy:1) ~[?:?]
	at org.codehaus.groovy.jsr223.GroovyScriptEngineImpl.eval(GroovyScriptEngineImpl.java:317) ~[groovy-jsr223-3.0.20.jar:3.0.20]
	... 10 more
2026-08-31 17:32:33,123 ERROR o.a.j.a.JSR223Assertion: Problem in JSR223 script: Validate coupon amounts
javax.script.ScriptException: groovy.json.JsonException: Unable to determine the current character, it is not a string, number, array, or object

The current character read is '<' with an int value of 60
Unable to determine the current character, it is not a string, number, array, or object
line number 1
index number 0
<!DOCTYPE html>
^
	at org.codehaus.groovy.jsr223.GroovyScriptEngineImpl.eval(GroovyScriptEngineImpl.java:320) ~[groovy-jsr223-3.0.20.jar:3.0.20]
	at org.codehaus.groovy.jsr223.GroovyCompiledScript.eval(GroovyCompiledScript.java:71) ~[groovy-jsr223-3.0.20.jar:3.0.20]
	at java.scripting/javax.script.CompiledScript.eval(CompiledScript.java:93) ~[java.scripting:?]
	at org.apache.jmeter.util.JSR223TestElement.processFileOrScript(JSR223TestElement.java:230) ~[ApacheJMeter_core.jar:5.6.3]
	at org.apache.jmeter.assertions.JSR223Assertion.getResult(JSR223Assertion.java:50) ~[ApacheJMeter_components.jar:5.6.3]
	at org.apache.jmeter.threads.JMeterThread.processAssertion(JMeterThread.java:949) ~[ApacheJMeter_core.jar:5.6.3]
	at org.apache.jmeter.threads.JMeterThread.checkAssertions(JMeterThread.java:918) ~[ApacheJMeter_core.jar:5.6.3]
	at org.apache.jmeter.threads.JMeterThread.executeSamplePackage(JMeterThread.java:586) ~[ApacheJMeter_core.jar:5.6.3]
	at org.apache.jmeter.threads.JMeterThread.processSampler(JMeterThread.java:501) ~[ApacheJMeter_core.jar:5.6.3]
	at org.apache.jmeter.threads.JMeterThread.run(JMeterThread.java:268) ~[ApacheJMeter_core.jar:5.6.3]
	at java.base/java.lang.Thread.run(Thread.java:1583) [?:?]
Caused by: groovy.json.JsonException: Unable to determine the current character, it is not a string, number, array, or object

The current character read is '<' with an int value of 60
Unable to determine the current character, it is not a string, number, array, or object
line number 1
index number 0
<!DOCTYPE html>
^
	at org.apache.groovy.json.internal.JsonParserCharArray.decodeValueInternal(JsonParserCharArray.java:202) ~[groovy-json-3.0.20.jar:3.0.20]
	at org.apache.groovy.json.internal.JsonParserCharArray.decodeValue(JsonParserCharArray.java:153) ~[groovy-json-3.0.20.jar:3.0.20]
	at org.apache.groovy.json.internal.JsonParserCharArray.decodeFromChars(JsonParserCharArray.java:43) ~[groovy-json-3.0.20.jar:3.0.20]
	at org.apache.groovy.json.internal.JsonParserCharArray.parse(JsonParserCharArray.java:380) ~[groovy-json-3.0.20.jar:3.0.20]
	at org.apache.groovy.json.internal.BaseJsonParser.parse(BaseJsonParser.java:113) ~[groovy-json-3.0.20.jar:3.0.20]
	at groovy.json.JsonSlurper.parseText(JsonSlurper.java:204) ~[groovy-json-3.0.20.jar:3.0.20]
	at groovy.json.JsonSlurper$parseText.call(Unknown Source) ~[?:?]
	at Script5.run(Script5.groovy:1) ~[?:?]
	at org.codehaus.groovy.jsr223.GroovyScriptEngineImpl.eval(GroovyScriptEngineImpl.java:317) ~[groovy-jsr223-3.0.20.jar:3.0.20]
	... 10 more
2026-08-31 17:32:33,365 ERROR o.a.j.a.JSR223Assertion: Problem in JSR223 script: Validate coupon amounts
javax.script.ScriptException: groovy.json.JsonException: Unable to determine the current character, it is not a string, number, array, or object

The current character read is '<' with an int value of 60
Unable to determine the current character, it is not a string, number, array, or object
line number 1
index number 0
<!DOCTYPE html>
^
	at org.codehaus.groovy.jsr223.GroovyScriptEngineImpl.eval(GroovyScriptEngineImpl.java:320) ~[groovy-jsr223-3.0.20.jar:3.0.20]
	at org.codehaus.groovy.jsr223.GroovyCompiledScript.eval(GroovyCompiledScript.java:71) ~[groovy-jsr223-3.0.20.jar:3.0.20]
	at java.scripting/javax.script.CompiledScript.eval(CompiledScript.java:93) ~[java.scripting:?]
	at org.apache.jmeter.util.JSR223TestElement.processFileOrScript(JSR223TestElement.java:230) ~[ApacheJMeter_core.jar:5.6.3]
	at org.apache.jmeter.assertions.JSR223Assertion.getResult(JSR223Assertion.java:50) ~[ApacheJMeter_components.jar:5.6.3]
	at org.apache.jmeter.threads.JMeterThread.processAssertion(JMeterThread.java:949) ~[ApacheJMeter_core.jar:5.6.3]
	at org.apache.jmeter.threads.JMeterThread.checkAssertions(JMeterThread.java:918) ~[ApacheJMeter_core.jar:5.6.3]
	at org.apache.jmeter.threads.JMeterThread.executeSamplePackage(JMeterThread.java:586) ~[ApacheJMeter_core.jar:5.6.3]
	at org.apache.jmeter.threads.JMeterThread.processSampler(JMeterThread.java:501) ~[ApacheJMeter_core.jar:5.6.3]
	at org.apache.jmeter.threads.JMeterThread.run(JMeterThread.java:268) ~[ApacheJMeter_core.jar:5.6.3]
	at java.base/java.lang.Thread.run(Thread.java:1583) [?:?]
Caused by: groovy.json.JsonException: Unable to determine the current character, it is not a string, number, array, or object

The current character read is '<' with an int value of 60
Unable to determine the current character, it is not a string, number, array, or object
line number 1
index number 0
<!DOCTYPE html>
^
	at org.apache.groovy.json.internal.JsonParserCharArray.decodeValueInternal(JsonParserCharArray.java:202) ~[groovy-json-3.0.20.jar:3.0.20]
	at org.apache.groovy.json.internal.JsonParserCharArray.decodeValue(JsonParserCharArray.java:153) ~[groovy-json-3.0.20.jar:3.0.20]
	at org.apache.groovy.json.internal.JsonParserCharArray.decodeFromChars(JsonParserCharArray.java:43) ~[groovy-json-3.0.20.jar:3.0.20]
	at org.apache.groovy.json.internal.JsonParserCharArray.parse(JsonParserCharArray.java:380) ~[groovy-json-3.0.20.jar:3.0.20]
	at org.apache.groovy.json.internal.BaseJsonParser.parse(BaseJsonParser.java:113) ~[groovy-json-3.0.20.jar:3.0.20]
	at groovy.json.JsonSlurper.parseText(JsonSlurper.java:204) ~[groovy-json-3.0.20.jar:3.0.20]
	at groovy.json.JsonSlurper$parseText.call(Unknown Source) ~[?:?]
	at Script5.run(Script5.groovy:1) ~[?:?]
	at org.codehaus.groovy.jsr223.GroovyScriptEngineImpl.eval(GroovyScriptEngineImpl.java:317) ~[groovy-jsr223-3.0.20.jar:3.0.20]
	... 10 more
2026-08-31 17:32:33,589 ERROR o.a.j.a.JSR223Assertion: Problem in JSR223 script: Validate coupon amounts
javax.script.ScriptException: groovy.json.JsonException: Unable to determine the current character, it is not a string, number, array, or object

The current character read is '<' with an int value of 60
Unable to determine the current character, it is not a string, number, array, or object
line number 1
index number 0
<!DOCTYPE html>
^
	at org.codehaus.groovy.jsr223.GroovyScriptEngineImpl.eval(GroovyScriptEngineImpl.java:320) ~[groovy-jsr223-3.0.20.jar:3.0.20]
	at org.codehaus.groovy.jsr223.GroovyCompiledScript.eval(GroovyCompiledScript.java:71) ~[groovy-jsr223-3.0.20.jar:3.0.20]
	at java.scripting/javax.script.CompiledScript.eval(CompiledScript.java:93) ~[java.scripting:?]
	at org.apache.jmeter.util.JSR223TestElement.processFileOrScript(JSR223TestElement.java:230) ~[ApacheJMeter_core.jar:5.6.3]
	at org.apache.jmeter.assertions.JSR223Assertion.getResult(JSR223Assertion.java:50) ~[ApacheJMeter_components.jar:5.6.3]
	at org.apache.jmeter.threads.JMeterThread.processAssertion(JMeterThread.java:949) ~[ApacheJMeter_core.jar:5.6.3]
	at org.apache.jmeter.threads.JMeterThread.checkAssertions(JMeterThread.java:918) ~[ApacheJMeter_core.jar:5.6.3]
	at org.apache.jmeter.threads.JMeterThread.executeSamplePackage(JMeterThread.java:586) ~[ApacheJMeter_core.jar:5.6.3]
	at org.apache.jmeter.threads.JMeterThread.processSampler(JMeterThread.java:501) ~[ApacheJMeter_core.jar:5.6.3]
	at org.apache.jmeter.threads.JMeterThread.run(JMeterThread.java:268) ~[ApacheJMeter_core.jar:5.6.3]
	at java.base/java.lang.Thread.run(Thread.java:1583) [?:?]
Caused by: groovy.json.JsonException: Unable to determine the current character, it is not a string, number, array, or object

The current character read is '<' with an int value of 60
Unable to determine the current character, it is not a string, number, array, or object
line number 1
index number 0
<!DOCTYPE html>
^
	at org.apache.groovy.json.internal.JsonParserCharArray.decodeValueInternal(JsonParserCharArray.java:202) ~[groovy-json-3.0.20.jar:3.0.20]
	at org.apache.groovy.json.internal.JsonParserCharArray.decodeValue(JsonParserCharArray.java:153) ~[groovy-json-3.0.20.jar:3.0.20]
	at org.apache.groovy.json.internal.JsonParserCharArray.decodeFromChars(JsonParserCharArray.java:43) ~[groovy-json-3.0.20.jar:3.0.20]
	at org.apache.groovy.json.internal.JsonParserCharArray.parse(JsonParserCharArray.java:380) ~[groovy-json-3.0.20.jar:3.0.20]
	at org.apache.groovy.json.internal.BaseJsonParser.parse(BaseJsonParser.java:113) ~[groovy-json-3.0.20.jar:3.0.20]
	at groovy.json.JsonSlurper.parseText(JsonSlurper.java:204) ~[groovy-json-3.0.20.jar:3.0.20]
	at groovy.json.JsonSlurper$parseText.call(Unknown Source) ~[?:?]
	at Script5.run(Script5.groovy:1) ~[?:?]
	at org.codehaus.groovy.jsr223.GroovyScriptEngineImpl.eval(GroovyScriptEngineImpl.java:317) ~[groovy-jsr223-3.0.20.jar:3.0.20]
	... 10 more
2026-08-31 17:32:33,602 ERROR o.a.j.a.JSR223Assertion: Problem in JSR223 script: Validate coupon amounts
javax.script.ScriptException: groovy.json.JsonException: Unable to determine the current character, it is not a string, number, array, or object

The current character read is '<' with an int value of 60
Unable to determine the current character, it is not a string, number, array, or object
line number 1
index number 0
<!DOCTYPE html>
^
	at org.codehaus.groovy.jsr223.GroovyScriptEngineImpl.eval(GroovyScriptEngineImpl.java:320) ~[groovy-jsr223-3.0.20.jar:3.0.20]
	at org.codehaus.groovy.jsr223.GroovyCompiledScript.eval(GroovyCompiledScript.java:71) ~[groovy-jsr223-3.0.20.jar:3.0.20]
	at java.scripting/javax.script.CompiledScript.eval(CompiledScript.java:93) ~[java.scripting:?]
	at org.apache.jmeter.util.JSR223TestElement.processFileOrScript(JSR223TestElement.java:230) ~[ApacheJMeter_core.jar:5.6.3]
	at org.apache.jmeter.assertions.JSR223Assertion.getResult(JSR223Assertion.java:50) ~[ApacheJMeter_components.jar:5.6.3]
	at org.apache.jmeter.threads.JMeterThread.processAssertion(JMeterThread.java:949) ~[ApacheJMeter_core.jar:5.6.3]
	at org.apache.jmeter.threads.JMeterThread.checkAssertions(JMeterThread.java:918) ~[ApacheJMeter_core.jar:5.6.3]
	at org.apache.jmeter.threads.JMeterThread.executeSamplePackage(JMeterThread.java:586) ~[ApacheJMeter_core.jar:5.6.3]
	at org.apache.jmeter.threads.JMeterThread.processSampler(JMeterThread.java:501) ~[ApacheJMeter_core.jar:5.6.3]
	at org.apache.jmeter.threads.JMeterThread.run(JMeterThread.java:268) ~[ApacheJMeter_core.jar:5.6.3]
	at java.base/java.lang.Thread.run(Thread.java:1583) [?:?]
Caused by: groovy.json.JsonException: Unable to determine the current character, it is not a string, number, array, or object

The current character read is '<' with an int value of 60
Unable to determine the current character, it is not a string, number, array, or object
line number 1
index number 0
<!DOCTYPE html>
^
	at org.apache.groovy.json.internal.JsonParserCharArray.decodeValueInternal(JsonParserCharArray.java:202) ~[groovy-json-3.0.20.jar:3.0.20]
	at org.apache.groovy.json.internal.JsonParserCharArray.decodeValue(JsonParserCharArray.java:153) ~[groovy-json-3.0.20.jar:3.0.20]
	at org.apache.groovy.json.internal.JsonParserCharArray.decodeFromChars(JsonParserCharArray.java:43) ~[groovy-json-3.0.20.jar:3.0.20]
	at org.apache.groovy.json.internal.JsonParserCharArray.parse(JsonParserCharArray.java:380) ~[groovy-json-3.0.20.jar:3.0.20]
	at org.apache.groovy.json.internal.BaseJsonParser.parse(BaseJsonParser.java:113) ~[groovy-json-3.0.20.jar:3.0.20]
	at groovy.json.JsonSlurper.parseText(JsonSlurper.java:204) ~[groovy-json-3.0.20.jar:3.0.20]
	at groovy.json.JsonSlurper$parseText.call(Unknown Source) ~[?:?]
	at Script5.run(Script5.groovy:1) ~[?:?]
	at org.codehaus.groovy.jsr223.GroovyScriptEngineImpl.eval(GroovyScriptEngineImpl.java:317) ~[groovy-jsr223-3.0.20.jar:3.0.20]
	... 10 more
2026-08-31 17:32:34,310 ERROR o.a.j.a.JSR223Assertion: Problem in JSR223 script: Validate coupon amounts
javax.script.ScriptException: groovy.json.JsonException: Unable to determine the current character, it is not a string, number, array, or object

The current character read is '<' with an int value of 60
Unable to determine the current character, it is not a string, number, array, or object
line number 1
index number 0
<!DOCTYPE html>
^
	at org.codehaus.groovy.jsr223.GroovyScriptEngineImpl.eval(GroovyScriptEngineImpl.java:320) ~[groovy-jsr223-3.0.20.jar:3.0.20]
	at org.codehaus.groovy.jsr223.GroovyCompiledScript.eval(GroovyCompiledScript.java:71) ~[groovy-jsr223-3.0.20.jar:3.0.20]
	at java.scripting/javax.script.CompiledScript.eval(CompiledScript.java:93) ~[java.scripting:?]
	at org.apache.jmeter.util.JSR223TestElement.processFileOrScript(JSR223TestElement.java:230) ~[ApacheJMeter_core.jar:5.6.3]
	at org.apache.jmeter.assertions.JSR223Assertion.getResult(JSR223Assertion.java:50) ~[ApacheJMeter_components.jar:5.6.3]
	at org.apache.jmeter.threads.JMeterThread.processAssertion(JMeterThread.java:949) ~[ApacheJMeter_core.jar:5.6.3]
	at org.apache.jmeter.threads.JMeterThread.checkAssertions(JMeterThread.java:918) ~[ApacheJMeter_core.jar:5.6.3]
	at org.apache.jmeter.threads.JMeterThread.executeSamplePackage(JMeterThread.java:586) ~[ApacheJMeter_core.jar:5.6.3]
	at org.apache.jmeter.threads.JMeterThread.processSampler(JMeterThread.java:501) ~[ApacheJMeter_core.jar:5.6.3]
	at org.apache.jmeter.threads.JMeterThread.run(JMeterThread.java:268) ~[ApacheJMeter_core.jar:5.6.3]
	at java.base/java.lang.Thread.run(Thread.java:1583) [?:?]
Caused by: groovy.json.JsonException: Unable to determine the current character, it is not a string, number, array, or object

The current character read is '<' with an int value of 60
Unable to determine the current character, it is not a string, number, array, or object
line number 1
index number 0
<!DOCTYPE html>
^
	at org.apache.groovy.json.internal.JsonParserCharArray.decodeValueInternal(JsonParserCharArray.java:202) ~[groovy-json-3.0.20.jar:3.0.20]
	at org.apache.groovy.json.internal.JsonParserCharArray.decodeValue(JsonParserCharArray.java:153) ~[groovy-json-3.0.20.jar:3.0.20]
	at org.apache.groovy.json.internal.JsonParserCharArray.decodeFromChars(JsonParserCharArray.java:43) ~[groovy-json-3.0.20.jar:3.0.20]
	at org.apache.groovy.json.internal.JsonParserCharArray.parse(JsonParserCharArray.java:380) ~[groovy-json-3.0.20.jar:3.0.20]
	at org.apache.groovy.json.internal.BaseJsonParser.parse(BaseJsonParser.java:113) ~[groovy-json-3.0.20.jar:3.0.20]
	at groovy.json.JsonSlurper.parseText(JsonSlurper.java:204) ~[groovy-json-3.0.20.jar:3.0.20]
	at groovy.json.JsonSlurper$parseText.call(Unknown Source) ~[?:?]
	at Script5.run(Script5.groovy:1) ~[?:?]
	at org.codehaus.groovy.jsr223.GroovyScriptEngineImpl.eval(GroovyScriptEngineImpl.java:317) ~[groovy-jsr223-3.0.20.jar:3.0.20]
	... 10 more
2026-08-31 17:32:34,484 ERROR o.a.j.a.JSR223Assertion: Problem in JSR223 script: Validate coupon amounts
javax.script.ScriptException: groovy.json.JsonException: Unable to determine the current character, it is not a string, number, array, or object

The current character read is '<' with an int value of 60
Unable to determine the current character, it is not a string, number, array, or object
line number 1
index number 0
<!DOCTYPE html>
^
	at org.codehaus.groovy.jsr223.GroovyScriptEngineImpl.eval(GroovyScriptEngineImpl.java:320) ~[groovy-jsr223-3.0.20.jar:3.0.20]
	at org.codehaus.groovy.jsr223.GroovyCompiledScript.eval(GroovyCompiledScript.java:71) ~[groovy-jsr223-3.0.20.jar:3.0.20]
	at java.scripting/javax.script.CompiledScript.eval(CompiledScript.java:93) ~[java.scripting:?]
	at org.apache.jmeter.util.JSR223TestElement.processFileOrScript(JSR223TestElement.java:230) ~[ApacheJMeter_core.jar:5.6.3]
	at org.apache.jmeter.assertions.JSR223Assertion.getResult(JSR223Assertion.java:50) ~[ApacheJMeter_components.jar:5.6.3]
	at org.apache.jmeter.threads.JMeterThread.processAssertion(JMeterThread.java:949) ~[ApacheJMeter_core.jar:5.6.3]
	at org.apache.jmeter.threads.JMeterThread.checkAssertions(JMeterThread.java:918) ~[ApacheJMeter_core.jar:5.6.3]
	at org.apache.jmeter.threads.JMeterThread.executeSamplePackage(JMeterThread.java:586) ~[ApacheJMeter_core.jar:5.6.3]
	at org.apache.jmeter.threads.JMeterThread.processSampler(JMeterThread.java:501) ~[ApacheJMeter_core.jar:5.6.3]
	at org.apache.jmeter.threads.JMeterThread.run(JMeterThread.java:268) ~[ApacheJMeter_core.jar:5.6.3]
	at java.base/java.lang.Thread.run(Thread.java:1583) [?:?]
Caused by: groovy.json.JsonException: Unable to determine the current character, it is not a string, number, array, or object

The current character read is '<' with an int value of 60
Unable to determine the current character, it is not a string, number, array, or object
line number 1
index number 0
<!DOCTYPE html>
^
	at org.apache.groovy.json.internal.JsonParserCharArray.decodeValueInternal(JsonParserCharArray.java:202) ~[groovy-json-3.0.20.jar:3.0.20]
	at org.apache.groovy.json.internal.JsonParserCharArray.decodeValue(JsonParserCharArray.java:153) ~[groovy-json-3.0.20.jar:3.0.20]
	at org.apache.groovy.json.internal.JsonParserCharArray.decodeFromChars(JsonParserCharArray.java:43) ~[groovy-json-3.0.20.jar:3.0.20]
	at org.apache.groovy.json.internal.JsonParserCharArray.parse(JsonParserCharArray.java:380) ~[groovy-json-3.0.20.jar:3.0.20]
	at org.apache.groovy.json.internal.BaseJsonParser.parse(BaseJsonParser.java:113) ~[groovy-json-3.0.20.jar:3.0.20]
	at groovy.json.JsonSlurper.parseText(JsonSlurper.java:204) ~[groovy-json-3.0.20.jar:3.0.20]
	at groovy.json.JsonSlurper$parseText.call(Unknown Source) ~[?:?]
	at Script5.run(Script5.groovy:1) ~[?:?]
	at org.codehaus.groovy.jsr223.GroovyScriptEngineImpl.eval(GroovyScriptEngineImpl.java:317) ~[groovy-jsr223-3.0.20.jar:3.0.20]
	... 10 more
2026-08-31 17:32:35,389 ERROR o.a.j.a.JSR223Assertion: Problem in JSR223 script: Validate coupon amounts
javax.script.ScriptException: groovy.json.JsonException: Unable to determine the current character, it is not a string, number, array, or object

The current character read is '<' with an int value of 60
Unable to determine the current character, it is not a string, number, array, or object
line number 1
index number 0
<!DOCTYPE html>
^
	at org.codehaus.groovy.jsr223.GroovyScriptEngineImpl.eval(GroovyScriptEngineImpl.java:320) ~[groovy-jsr223-3.0.20.jar:3.0.20]
	at org.codehaus.groovy.jsr223.GroovyCompiledScript.eval(GroovyCompiledScript.java:71) ~[groovy-jsr223-3.0.20.jar:3.0.20]
	at java.scripting/javax.script.CompiledScript.eval(CompiledScript.java:93) ~[java.scripting:?]
	at org.apache.jmeter.util.JSR223TestElement.processFileOrScript(JSR223TestElement.java:230) ~[ApacheJMeter_core.jar:5.6.3]
	at org.apache.jmeter.assertions.JSR223Assertion.getResult(JSR223Assertion.java:50) ~[ApacheJMeter_components.jar:5.6.3]
	at org.apache.jmeter.threads.JMeterThread.processAssertion(JMeterThread.java:949) ~[ApacheJMeter_core.jar:5.6.3]
	at org.apache.jmeter.threads.JMeterThread.checkAssertions(JMeterThread.java:918) ~[ApacheJMeter_core.jar:5.6.3]
	at org.apache.jmeter.threads.JMeterThread.executeSamplePackage(JMeterThread.java:586) ~[ApacheJMeter_core.jar:5.6.3]
	at org.apache.jmeter.threads.JMeterThread.processSampler(JMeterThread.java:501) ~[ApacheJMeter_core.jar:5.6.3]
	at org.apache.jmeter.threads.JMeterThread.run(JMeterThread.java:268) ~[ApacheJMeter_core.jar:5.6.3]
	at java.base/java.lang.Thread.run(Thread.java:1583) [?:?]
Caused by: groovy.json.JsonException: Unable to determine the current character, it is not a string, number, array, or object

The current character read is '<' with an int value of 60
Unable to determine the current character, it is not a string, number, array, or object
line number 1
index number 0
<!DOCTYPE html>
^
	at org.apache.groovy.json.internal.JsonParserCharArray.decodeValueInternal(JsonParserCharArray.java:202) ~[groovy-json-3.0.20.jar:3.0.20]
	at org.apache.groovy.json.internal.JsonParserCharArray.decodeValue(JsonParserCharArray.java:153) ~[groovy-json-3.0.20.jar:3.0.20]
	at org.apache.groovy.json.internal.JsonParserCharArray.decodeFromChars(JsonParserCharArray.java:43) ~[groovy-json-3.0.20.jar:3.0.20]
	at org.apache.groovy.json.internal.JsonParserCharArray.parse(JsonParserCharArray.java:380) ~[groovy-json-3.0.20.jar:3.0.20]
	at org.apache.groovy.json.internal.BaseJsonParser.parse(BaseJsonParser.java:113) ~[groovy-json-3.0.20.jar:3.0.20]
	at groovy.json.JsonSlurper.parseText(JsonSlurper.java:204) ~[groovy-json-3.0.20.jar:3.0.20]
	at groovy.json.JsonSlurper$parseText.call(Unknown Source) ~[?:?]
	at Script5.run(Script5.groovy:1) ~[?:?]
	at org.codehaus.groovy.jsr223.GroovyScriptEngineImpl.eval(GroovyScriptEngineImpl.java:317) ~[groovy-jsr223-3.0.20.jar:3.0.20]
	... 10 more
2026-08-31 17:32:35,421 ERROR o.a.j.a.JSR223Assertion: Problem in JSR223 script: Validate coupon amounts
javax.script.ScriptException: groovy.json.JsonException: Unable to determine the current character, it is not a string, number, array, or object

The current character read is '<' with an int value of 60
Unable to determine the current character, it is not a string, number, array, or object
line number 1
index number 0
<!DOCTYPE html>
^
	at org.codehaus.groovy.jsr223.GroovyScriptEngineImpl.eval(GroovyScriptEngineImpl.java:320) ~[groovy-jsr223-3.0.20.jar:3.0.20]
	at org.codehaus.groovy.jsr223.GroovyCompiledScript.eval(GroovyCompiledScript.java:71) ~[groovy-jsr223-3.0.20.jar:3.0.20]
	at java.scripting/javax.script.CompiledScript.eval(CompiledScript.java:93) ~[java.scripting:?]
	at org.apache.jmeter.util.JSR223TestElement.processFileOrScript(JSR223TestElement.java:230) ~[ApacheJMeter_core.jar:5.6.3]
	at org.apache.jmeter.assertions.JSR223Assertion.getResult(JSR223Assertion.java:50) ~[ApacheJMeter_components.jar:5.6.3]
	at org.apache.jmeter.threads.JMeterThread.processAssertion(JMeterThread.java:949) ~[ApacheJMeter_core.jar:5.6.3]
	at org.apache.jmeter.threads.JMeterThread.checkAssertions(JMeterThread.java:918) ~[ApacheJMeter_core.jar:5.6.3]
	at org.apache.jmeter.threads.JMeterThread.executeSamplePackage(JMeterThread.java:586) ~[ApacheJMeter_core.jar:5.6.3]
	at org.apache.jmeter.threads.JMeterThread.processSampler(JMeterThread.java:501) ~[ApacheJMeter_core.jar:5.6.3]
	at org.apache.jmeter.threads.JMeterThread.run(JMeterThread.java:268) ~[ApacheJMeter_core.jar:5.6.3]
	at java.base/java.lang.Thread.run(Thread.java:1583) [?:?]
Caused by: groovy.json.JsonException: Unable to determine the current character, it is not a string, number, array, or object

The current character read is '<' with an int value of 60
Unable to determine the current character, it is not a string, number, array, or object
line number 1
index number 0
<!DOCTYPE html>
^
	at org.apache.groovy.json.internal.JsonParserCharArray.decodeValueInternal(JsonParserCharArray.java:202) ~[groovy-json-3.0.20.jar:3.0.20]
	at org.apache.groovy.json.internal.JsonParserCharArray.decodeValue(JsonParserCharArray.java:153) ~[groovy-json-3.0.20.jar:3.0.20]
	at org.apache.groovy.json.internal.JsonParserCharArray.decodeFromChars(JsonParserCharArray.java:43) ~[groovy-json-3.0.20.jar:3.0.20]
	at org.apache.groovy.json.internal.JsonParserCharArray.parse(JsonParserCharArray.java:380) ~[groovy-json-3.0.20.jar:3.0.20]
	at org.apache.groovy.json.internal.BaseJsonParser.parse(BaseJsonParser.java:113) ~[groovy-json-3.0.20.jar:3.0.20]
	at groovy.json.JsonSlurper.parseText(JsonSlurper.java:204) ~[groovy-json-3.0.20.jar:3.0.20]
	at groovy.json.JsonSlurper$parseText.call(Unknown Source) ~[?:?]
	at Script5.run(Script5.groovy:1) ~[?:?]
	at org.codehaus.groovy.jsr223.GroovyScriptEngineImpl.eval(GroovyScriptEngineImpl.java:317) ~[groovy-jsr223-3.0.20.jar:3.0.20]
	... 10 more
2026-08-31 17:32:35,436 ERROR o.a.j.a.JSR223Assertion: Problem in JSR223 script: Validate coupon amounts
javax.script.ScriptException: groovy.json.JsonException: Unable to determine the current character, it is not a string, number, array, or object

The current character read is '<' with an int value of 60
Unable to determine the current character, it is not a string, number, array, or object
line number 1
index number 0
<!DOCTYPE html>
^
	at org.codehaus.groovy.jsr223.GroovyScriptEngineImpl.eval(GroovyScriptEngineImpl.java:320) ~[groovy-jsr223-3.0.20.jar:3.0.20]
	at org.codehaus.groovy.jsr223.GroovyCompiledScript.eval(GroovyCompiledScript.java:71) ~[groovy-jsr223-3.0.20.jar:3.0.20]
	at java.scripting/javax.script.CompiledScript.eval(CompiledScript.java:93) ~[java.scripting:?]
	at org.apache.jmeter.util.JSR223TestElement.processFileOrScript(JSR223TestElement.java:230) ~[ApacheJMeter_core.jar:5.6.3]
	at org.apache.jmeter.assertions.JSR223Assertion.getResult(JSR223Assertion.java:50) ~[ApacheJMeter_components.jar:5.6.3]
	at org.apache.jmeter.threads.JMeterThread.processAssertion(JMeterThread.java:949) ~[ApacheJMeter_core.jar:5.6.3]
	at org.apache.jmeter.threads.JMeterThread.checkAssertions(JMeterThread.java:918) ~[ApacheJMeter_core.jar:5.6.3]
	at org.apache.jmeter.threads.JMeterThread.executeSamplePackage(JMeterThread.java:586) ~[ApacheJMeter_core.jar:5.6.3]
	at org.apache.jmeter.threads.JMeterThread.processSampler(JMeterThread.java:501) ~[ApacheJMeter_core.jar:5.6.3]
	at org.apache.jmeter.threads.JMeterThread.run(JMeterThread.java:268) ~[ApacheJMeter_core.jar:5.6.3]
	at java.base/java.lang.Thread.run(Thread.java:1583) [?:?]
Caused by: groovy.json.JsonException: Unable to determine the current character, it is not a string, number, array, or object

The current character read is '<' with an int value of 60
Unable to determine the current character, it is not a string, number, array, or object
line number 1
index number 0
<!DOCTYPE html>
^
	at org.apache.groovy.json.internal.JsonParserCharArray.decodeValueInternal(JsonParserCharArray.java:202) ~[groovy-json-3.0.20.jar:3.0.20]
	at org.apache.groovy.json.internal.JsonParserCharArray.decodeValue(JsonParserCharArray.java:153) ~[groovy-json-3.0.20.jar:3.0.20]
	at org.apache.groovy.json.internal.JsonParserCharArray.decodeFromChars(JsonParserCharArray.java:43) ~[groovy-json-3.0.20.jar:3.0.20]
	at org.apache.groovy.json.internal.JsonParserCharArray.parse(JsonParserCharArray.java:380) ~[groovy-json-3.0.20.jar:3.0.20]
	at org.apache.groovy.json.internal.BaseJsonParser.parse(BaseJsonParser.java:113) ~[groovy-json-3.0.20.jar:3.0.20]
	at groovy.json.JsonSlurper.parseText(JsonSlurper.java:204) ~[groovy-json-3.0.20.jar:3.0.20]
	at groovy.json.JsonSlurper$parseText.call(Unknown Source) ~[?:?]
	at Script5.run(Script5.groovy:1) ~[?:?]
	at org.codehaus.groovy.jsr223.GroovyScriptEngineImpl.eval(GroovyScriptEngineImpl.java:317) ~[groovy-jsr223-3.0.20.jar:3.0.20]
	... 10 more
2026-08-31 17:32:35,884 ERROR o.a.j.a.JSR223Assertion: Problem in JSR223 script: Validate coupon amounts
javax.script.ScriptException: groovy.json.JsonException: Unable to determine the current character, it is not a string, number, array, or object

The current character read is '<' with an int value of 60
Unable to determine the current character, it is not a string, number, array, or object
line number 1
index number 0
<!DOCTYPE html>
^
	at org.codehaus.groovy.jsr223.GroovyScriptEngineImpl.eval(GroovyScriptEngineImpl.java:320) ~[groovy-jsr223-3.0.20.jar:3.0.20]
	at org.codehaus.groovy.jsr223.GroovyCompiledScript.eval(GroovyCompiledScript.java:71) ~[groovy-jsr223-3.0.20.jar:3.0.20]
	at java.scripting/javax.script.CompiledScript.eval(CompiledScript.java:93) ~[java.scripting:?]
	at org.apache.jmeter.util.JSR223TestElement.processFileOrScript(JSR223TestElement.java:230) ~[ApacheJMeter_core.jar:5.6.3]
	at org.apache.jmeter.assertions.JSR223Assertion.getResult(JSR223Assertion.java:50) ~[ApacheJMeter_components.jar:5.6.3]
	at org.apache.jmeter.threads.JMeterThread.processAssertion(JMeterThread.java:949) ~[ApacheJMeter_core.jar:5.6.3]
	at org.apache.jmeter.threads.JMeterThread.checkAssertions(JMeterThread.java:918) ~[ApacheJMeter_core.jar:5.6.3]
	at org.apache.jmeter.threads.JMeterThread.executeSamplePackage(JMeterThread.java:586) ~[ApacheJMeter_core.jar:5.6.3]
	at org.apache.jmeter.threads.JMeterThread.processSampler(JMeterThread.java:501) ~[ApacheJMeter_core.jar:5.6.3]
	at org.apache.jmeter.threads.JMeterThread.run(JMeterThread.java:268) ~[ApacheJMeter_core.jar:5.6.3]
	at java.base/java.lang.Thread.run(Thread.java:1583) [?:?]
Caused by: groovy.json.JsonException: Unable to determine the current character, it is not a string, number, array, or object

The current character read is '<' with an int value of 60
Unable to determine the current character, it is not a string, number, array, or object
line number 1
index number 0
<!DOCTYPE html>
^
	at org.apache.groovy.json.internal.JsonParserCharArray.decodeValueInternal(JsonParserCharArray.java:202) ~[groovy-json-3.0.20.jar:3.0.20]
	at org.apache.groovy.json.internal.JsonParserCharArray.decodeValue(JsonParserCharArray.java:153) ~[groovy-json-3.0.20.jar:3.0.20]
	at org.apache.groovy.json.internal.JsonParserCharArray.decodeFromChars(JsonParserCharArray.java:43) ~[groovy-json-3.0.20.jar:3.0.20]
	at org.apache.groovy.json.internal.JsonParserCharArray.parse(JsonParserCharArray.java:380) ~[groovy-json-3.0.20.jar:3.0.20]
	at org.apache.groovy.json.internal.BaseJsonParser.parse(BaseJsonParser.java:113) ~[groovy-json-3.0.20.jar:3.0.20]
	at groovy.json.JsonSlurper.parseText(JsonSlurper.java:204) ~[groovy-json-3.0.20.jar:3.0.20]
	at groovy.json.JsonSlurper$parseText.call(Unknown Source) ~[?:?]
	at Script5.run(Script5.groovy:1) ~[?:?]
	at org.codehaus.groovy.jsr223.GroovyScriptEngineImpl.eval(GroovyScriptEngineImpl.java:317) ~[groovy-jsr223-3.0.20.jar:3.0.20]
	... 10 more
2026-08-31 17:32:36,455 ERROR o.a.j.a.JSR223Assertion: Problem in JSR223 script: Validate coupon amounts
javax.script.ScriptException: groovy.json.JsonException: Unable to determine the current character, it is not a string, number, array, or object

The current character read is '<' with an int value of 60
Unable to determine the current character, it is not a string, number, array, or object
line number 1
index number 0
<!DOCTYPE html>
^
	at org.codehaus.groovy.jsr223.GroovyScriptEngineImpl.eval(GroovyScriptEngineImpl.java:320) ~[groovy-jsr223-3.0.20.jar:3.0.20]
	at org.codehaus.groovy.jsr223.GroovyCompiledScript.eval(GroovyCompiledScript.java:71) ~[groovy-jsr223-3.0.20.jar:3.0.20]
	at java.scripting/javax.script.CompiledScript.eval(CompiledScript.java:93) ~[java.scripting:?]
	at org.apache.jmeter.util.JSR223TestElement.processFileOrScript(JSR223TestElement.java:230) ~[ApacheJMeter_core.jar:5.6.3]
	at org.apache.jmeter.assertions.JSR223Assertion.getResult(JSR223Assertion.java:50) ~[ApacheJMeter_components.jar:5.6.3]
	at org.apache.jmeter.threads.JMeterThread.processAssertion(JMeterThread.java:949) ~[ApacheJMeter_core.jar:5.6.3]
	at org.apache.jmeter.threads.JMeterThread.checkAssertions(JMeterThread.java:918) ~[ApacheJMeter_core.jar:5.6.3]
	at org.apache.jmeter.threads.JMeterThread.executeSamplePackage(JMeterThread.java:586) ~[ApacheJMeter_core.jar:5.6.3]
	at org.apache.jmeter.threads.JMeterThread.processSampler(JMeterThread.java:501) ~[ApacheJMeter_core.jar:5.6.3]
	at org.apache.jmeter.threads.JMeterThread.run(JMeterThread.java:268) ~[ApacheJMeter_core.jar:5.6.3]
	at java.base/java.lang.Thread.run(Thread.java:1583) [?:?]
Caused by: groovy.json.JsonException: Unable to determine the current character, it is not a string, number, array, or object

The current character read is '<' with an int value of 60
Unable to determine the current character, it is not a string, number, array, or object
line number 1
index number 0
<!DOCTYPE html>
^
	at org.apache.groovy.json.internal.JsonParserCharArray.decodeValueInternal(JsonParserCharArray.java:202) ~[groovy-json-3.0.20.jar:3.0.20]
	at org.apache.groovy.json.internal.JsonParserCharArray.decodeValue(JsonParserCharArray.java:153) ~[groovy-json-3.0.20.jar:3.0.20]
	at org.apache.groovy.json.internal.JsonParserCharArray.decodeFromChars(JsonParserCharArray.java:43) ~[groovy-json-3.0.20.jar:3.0.20]
	at org.apache.groovy.json.internal.JsonParserCharArray.parse(JsonParserCharArray.java:380) ~[groovy-json-3.0.20.jar:3.0.20]
	at org.apache.groovy.json.internal.BaseJsonParser.parse(BaseJsonParser.java:113) ~[groovy-json-3.0.20.jar:3.0.20]
	at groovy.json.JsonSlurper.parseText(JsonSlurper.java:204) ~[groovy-json-3.0.20.jar:3.0.20]
	at groovy.json.JsonSlurper$parseText.call(Unknown Source) ~[?:?]
	at Script5.run(Script5.groovy:1) ~[?:?]
	at org.codehaus.groovy.jsr223.GroovyScriptEngineImpl.eval(GroovyScriptEngineImpl.java:317) ~[groovy-jsr223-3.0.20.jar:3.0.20]
	... 10 more
2026-08-31 17:32:36,907 ERROR o.a.j.a.JSR223Assertion: Problem in JSR223 script: Validate coupon amounts
javax.script.ScriptException: groovy.json.JsonException: Unable to determine the current character, it is not a string, number, array, or object

The current character read is '<' with an int value of 60
Unable to determine the current character, it is not a string, number, array, or object
line number 1
index number 0
<!DOCTYPE html>
^
	at org.codehaus.groovy.jsr223.GroovyScriptEngineImpl.eval(GroovyScriptEngineImpl.java:320) ~[groovy-jsr223-3.0.20.jar:3.0.20]
	at org.codehaus.groovy.jsr223.GroovyCompiledScript.eval(GroovyCompiledScript.java:71) ~[groovy-jsr223-3.0.20.jar:3.0.20]
	at java.scripting/javax.script.CompiledScript.eval(CompiledScript.java:93) ~[java.scripting:?]
	at org.apache.jmeter.util.JSR223TestElement.processFileOrScript(JSR223TestElement.java:230) ~[ApacheJMeter_core.jar:5.6.3]
	at org.apache.jmeter.assertions.JSR223Assertion.getResult(JSR223Assertion.java:50) ~[ApacheJMeter_components.jar:5.6.3]
	at org.apache.jmeter.threads.JMeterThread.processAssertion(JMeterThread.java:949) ~[ApacheJMeter_core.jar:5.6.3]
	at org.apache.jmeter.threads.JMeterThread.checkAssertions(JMeterThread.java:918) ~[ApacheJMeter_core.jar:5.6.3]
	at org.apache.jmeter.threads.JMeterThread.executeSamplePackage(JMeterThread.java:586) ~[ApacheJMeter_core.jar:5.6.3]
	at org.apache.jmeter.threads.JMeterThread.processSampler(JMeterThread.java:501) ~[ApacheJMeter_core.jar:5.6.3]
	at org.apache.jmeter.threads.JMeterThread.run(JMeterThread.java:268) ~[ApacheJMeter_core.jar:5.6.3]
	at java.base/java.lang.Thread.run(Thread.java:1583) [?:?]
Caused by: groovy.json.JsonException: Unable to determine the current character, it is not a string, number, array, or object

The current character read is '<' with an int value of 60
Unable to determine the current character, it is not a string, number, array, or object
line number 1
index number 0
<!DOCTYPE html>
^
	at org.apache.groovy.json.internal.JsonParserCharArray.decodeValueInternal(JsonParserCharArray.java:202) ~[groovy-json-3.0.20.jar:3.0.20]
	at org.apache.groovy.json.internal.JsonParserCharArray.decodeValue(JsonParserCharArray.java:153) ~[groovy-json-3.0.20.jar:3.0.20]
	at org.apache.groovy.json.internal.JsonParserCharArray.decodeFromChars(JsonParserCharArray.java:43) ~[groovy-json-3.0.20.jar:3.0.20]
	at org.apache.groovy.json.internal.JsonParserCharArray.parse(JsonParserCharArray.java:380) ~[groovy-json-3.0.20.jar:3.0.20]
	at org.apache.groovy.json.internal.BaseJsonParser.parse(BaseJsonParser.java:113) ~[groovy-json-3.0.20.jar:3.0.20]
	at groovy.json.JsonSlurper.parseText(JsonSlurper.java:204) ~[groovy-json-3.0.20.jar:3.0.20]
	at groovy.json.JsonSlurper$parseText.call(Unknown Source) ~[?:?]
	at Script5.run(Script5.groovy:1) ~[?:?]
	at org.codehaus.groovy.jsr223.GroovyScriptEngineImpl.eval(GroovyScriptEngineImpl.java:317) ~[groovy-jsr223-3.0.20.jar:3.0.20]
	... 10 more
2026-08-31 17:32:37,436 ERROR o.a.j.a.JSR223Assertion: Problem in JSR223 script: Validate coupon amounts
javax.script.ScriptException: groovy.json.JsonException: Unable to determine the current character, it is not a string, number, array, or object

The current character read is '<' with an int value of 60
Unable to determine the current character, it is not a string, number, array, or object
line number 1
index number 0
<!DOCTYPE html>
^
	at org.codehaus.groovy.jsr223.GroovyScriptEngineImpl.eval(GroovyScriptEngineImpl.java:320) ~[groovy-jsr223-3.0.20.jar:3.0.20]
	at org.codehaus.groovy.jsr223.GroovyCompiledScript.eval(GroovyCompiledScript.java:71) ~[groovy-jsr223-3.0.20.jar:3.0.20]
	at java.scripting/javax.script.CompiledScript.eval(CompiledScript.java:93) ~[java.scripting:?]
	at org.apache.jmeter.util.JSR223TestElement.processFileOrScript(JSR223TestElement.java:230) ~[ApacheJMeter_core.jar:5.6.3]
	at org.apache.jmeter.assertions.JSR223Assertion.getResult(JSR223Assertion.java:50) ~[ApacheJMeter_components.jar:5.6.3]
	at org.apache.jmeter.threads.JMeterThread.processAssertion(JMeterThread.java:949) ~[ApacheJMeter_core.jar:5.6.3]
	at org.apache.jmeter.threads.JMeterThread.checkAssertions(JMeterThread.java:918) ~[ApacheJMeter_core.jar:5.6.3]
	at org.apache.jmeter.threads.JMeterThread.executeSamplePackage(JMeterThread.java:586) ~[ApacheJMeter_core.jar:5.6.3]
	at org.apache.jmeter.threads.JMeterThread.processSampler(JMeterThread.java:501) ~[ApacheJMeter_core.jar:5.6.3]
	at org.apache.jmeter.threads.JMeterThread.run(JMeterThread.java:268) ~[ApacheJMeter_core.jar:5.6.3]
	at java.base/java.lang.Thread.run(Thread.java:1583) [?:?]
Caused by: groovy.json.JsonException: Unable to determine the current character, it is not a string, number, array, or object

The current character read is '<' with an int value of 60
Unable to determine the current character, it is not a string, number, array, or object
line number 1
index number 0
<!DOCTYPE html>
^
	at org.apache.groovy.json.internal.JsonParserCharArray.decodeValueInternal(JsonParserCharArray.java:202) ~[groovy-json-3.0.20.jar:3.0.20]
	at org.apache.groovy.json.internal.JsonParserCharArray.decodeValue(JsonParserCharArray.java:153) ~[groovy-json-3.0.20.jar:3.0.20]
	at org.apache.groovy.json.internal.JsonParserCharArray.decodeFromChars(JsonParserCharArray.java:43) ~[groovy-json-3.0.20.jar:3.0.20]
	at org.apache.groovy.json.internal.JsonParserCharArray.parse(JsonParserCharArray.java:380) ~[groovy-json-3.0.20.jar:3.0.20]
	at org.apache.groovy.json.internal.BaseJsonParser.parse(BaseJsonParser.java:113) ~[groovy-json-3.0.20.jar:3.0.20]
	at groovy.json.JsonSlurper.parseText(JsonSlurper.java:204) ~[groovy-json-3.0.20.jar:3.0.20]
	at groovy.json.JsonSlurper$parseText.call(Unknown Source) ~[?:?]
	at Script5.run(Script5.groovy:1) ~[?:?]
	at org.codehaus.groovy.jsr223.GroovyScriptEngineImpl.eval(GroovyScriptEngineImpl.java:317) ~[groovy-jsr223-3.0.20.jar:3.0.20]
	... 10 more
2026-08-31 17:32:37,460 ERROR o.a.j.a.JSR223Assertion: Problem in JSR223 script: Validate coupon amounts
javax.script.ScriptException: groovy.json.JsonException: Unable to determine the current character, it is not a string, number, array, or object

The current character read is '<' with an int value of 60
Unable to determine the current character, it is not a string, number, array, or object
line number 1
index number 0
<!DOCTYPE html>
^
	at org.codehaus.groovy.jsr223.GroovyScriptEngineImpl.eval(GroovyScriptEngineImpl.java:320) ~[groovy-jsr223-3.0.20.jar:3.0.20]
	at org.codehaus.groovy.jsr223.GroovyCompiledScript.eval(GroovyCompiledScript.java:71) ~[groovy-jsr223-3.0.20.jar:3.0.20]
	at java.scripting/javax.script.CompiledScript.eval(CompiledScript.java:93) ~[java.scripting:?]
	at org.apache.jmeter.util.JSR223TestElement.processFileOrScript(JSR223TestElement.java:230) ~[ApacheJMeter_core.jar:5.6.3]
	at org.apache.jmeter.assertions.JSR223Assertion.getResult(JSR223Assertion.java:50) ~[ApacheJMeter_components.jar:5.6.3]
	at org.apache.jmeter.threads.JMeterThread.processAssertion(JMeterThread.java:949) ~[ApacheJMeter_core.jar:5.6.3]
	at org.apache.jmeter.threads.JMeterThread.checkAssertions(JMeterThread.java:918) ~[ApacheJMeter_core.jar:5.6.3]
	at org.apache.jmeter.threads.JMeterThread.executeSamplePackage(JMeterThread.java:586) ~[ApacheJMeter_core.jar:5.6.3]
	at org.apache.jmeter.threads.JMeterThread.processSampler(JMeterThread.java:501) ~[ApacheJMeter_core.jar:5.6.3]
	at org.apache.jmeter.threads.JMeterThread.run(JMeterThread.java:268) ~[ApacheJMeter_core.jar:5.6.3]
	at java.base/java.lang.Thread.run(Thread.java:1583) [?:?]
Caused by: groovy.json.JsonException: Unable to determine the current character, it is not a string, number, array, or object

The current character read is '<' with an int value of 60
Unable to determine the current character, it is not a string, number, array, or object
line number 1
index number 0
<!DOCTYPE html>
^
	at org.apache.groovy.json.internal.JsonParserCharArray.decodeValueInternal(JsonParserCharArray.java:202) ~[groovy-json-3.0.20.jar:3.0.20]
	at org.apache.groovy.json.internal.JsonParserCharArray.decodeValue(JsonParserCharArray.java:153) ~[groovy-json-3.0.20.jar:3.0.20]
	at org.apache.groovy.json.internal.JsonParserCharArray.decodeFromChars(JsonParserCharArray.java:43) ~[groovy-json-3.0.20.jar:3.0.20]
	at org.apache.groovy.json.internal.JsonParserCharArray.parse(JsonParserCharArray.java:380) ~[groovy-json-3.0.20.jar:3.0.20]
	at org.apache.groovy.json.internal.BaseJsonParser.parse(BaseJsonParser.java:113) ~[groovy-json-3.0.20.jar:3.0.20]
	at groovy.json.JsonSlurper.parseText(JsonSlurper.java:204) ~[groovy-json-3.0.20.jar:3.0.20]
	at groovy.json.JsonSlurper$parseText.call(Unknown Source) ~[?:?]
	at Script5.run(Script5.groovy:1) ~[?:?]
	at org.codehaus.groovy.jsr223.GroovyScriptEngineImpl.eval(GroovyScriptEngineImpl.java:317) ~[groovy-jsr223-3.0.20.jar:3.0.20]
	... 10 more
2026-08-31 17:32:37,674 ERROR o.a.j.a.JSR223Assertion: Problem in JSR223 script: Validate coupon amounts
javax.script.ScriptException: groovy.json.JsonException: Unable to determine the current character, it is not a string, number, array, or object

The current character read is '<' with an int value of 60
Unable to determine the current character, it is not a string, number, array, or object
line number 1
index number 0
<!DOCTYPE html>
^
	at org.codehaus.groovy.jsr223.GroovyScriptEngineImpl.eval(GroovyScriptEngineImpl.java:320) ~[groovy-jsr223-3.0.20.jar:3.0.20]
	at org.codehaus.groovy.jsr223.GroovyCompiledScript.eval(GroovyCompiledScript.java:71) ~[groovy-jsr223-3.0.20.jar:3.0.20]
	at java.scripting/javax.script.CompiledScript.eval(CompiledScript.java:93) ~[java.scripting:?]
	at org.apache.jmeter.util.JSR223TestElement.processFileOrScript(JSR223TestElement.java:230) ~[ApacheJMeter_core.jar:5.6.3]
	at org.apache.jmeter.assertions.JSR223Assertion.getResult(JSR223Assertion.java:50) ~[ApacheJMeter_components.jar:5.6.3]
	at org.apache.jmeter.threads.JMeterThread.processAssertion(JMeterThread.java:949) ~[ApacheJMeter_core.jar:5.6.3]
	at org.apache.jmeter.threads.JMeterThread.checkAssertions(JMeterThread.java:918) ~[ApacheJMeter_core.jar:5.6.3]
	at org.apache.jmeter.threads.JMeterThread.executeSamplePackage(JMeterThread.java:586) ~[ApacheJMeter_core.jar:5.6.3]
	at org.apache.jmeter.threads.JMeterThread.processSampler(JMeterThread.java:501) ~[ApacheJMeter_core.jar:5.6.3]
	at org.apache.jmeter.threads.JMeterThread.run(JMeterThread.java:268) ~[ApacheJMeter_core.jar:5.6.3]
	at java.base/java.lang.Thread.run(Thread.java:1583) [?:?]
Caused by: groovy.json.JsonException: Unable to determine the current character, it is not a string, number, array, or object

The current character read is '<' with an int value of 60
Unable to determine the current character, it is not a string, number, array, or object
line number 1
index number 0
<!DOCTYPE html>
^
	at org.apache.groovy.json.internal.JsonParserCharArray.decodeValueInternal(JsonParserCharArray.java:202) ~[groovy-json-3.0.20.jar:3.0.20]
	at org.apache.groovy.json.internal.JsonParserCharArray.decodeValue(JsonParserCharArray.java:153) ~[groovy-json-3.0.20.jar:3.0.20]
	at org.apache.groovy.json.internal.JsonParserCharArray.decodeFromChars(JsonParserCharArray.java:43) ~[groovy-json-3.0.20.jar:3.0.20]
	at org.apache.groovy.json.internal.JsonParserCharArray.parse(JsonParserCharArray.java:380) ~[groovy-json-3.0.20.jar:3.0.20]
	at org.apache.groovy.json.internal.BaseJsonParser.parse(BaseJsonParser.java:113) ~[groovy-json-3.0.20.jar:3.0.20]
	at groovy.json.JsonSlurper.parseText(JsonSlurper.java:204) ~[groovy-json-3.0.20.jar:3.0.20]
	at groovy.json.JsonSlurper$parseText.call(Unknown Source) ~[?:?]
	at Script5.run(Script5.groovy:1) ~[?:?]
	at org.codehaus.groovy.jsr223.GroovyScriptEngineImpl.eval(GroovyScriptEngineImpl.java:317) ~[groovy-jsr223-3.0.20.jar:3.0.20]
	... 10 more
2026-08-31 17:32:37,839 ERROR o.a.j.a.JSR223Assertion: Problem in JSR223 script: Validate coupon amounts
javax.script.ScriptException: groovy.json.JsonException: Unable to determine the current character, it is not a string, number, array, or object

The current character read is '<' with an int value of 60
Unable to determine the current character, it is not a string, number, array, or object
line number 1
index number 0
<!DOCTYPE html>
^
	at org.codehaus.groovy.jsr223.GroovyScriptEngineImpl.eval(GroovyScriptEngineImpl.java:320) ~[groovy-jsr223-3.0.20.jar:3.0.20]
	at org.codehaus.groovy.jsr223.GroovyCompiledScript.eval(GroovyCompiledScript.java:71) ~[groovy-jsr223-3.0.20.jar:3.0.20]
	at java.scripting/javax.script.CompiledScript.eval(CompiledScript.java:93) ~[java.scripting:?]
	at org.apache.jmeter.util.JSR223TestElement.processFileOrScript(JSR223TestElement.java:230) ~[ApacheJMeter_core.jar:5.6.3]
	at org.apache.jmeter.assertions.JSR223Assertion.getResult(JSR223Assertion.java:50) ~[ApacheJMeter_components.jar:5.6.3]
	at org.apache.jmeter.threads.JMeterThread.processAssertion(JMeterThread.java:949) ~[ApacheJMeter_core.jar:5.6.3]
	at org.apache.jmeter.threads.JMeterThread.checkAssertions(JMeterThread.java:918) ~[ApacheJMeter_core.jar:5.6.3]
	at org.apache.jmeter.threads.JMeterThread.executeSamplePackage(JMeterThread.java:586) ~[ApacheJMeter_core.jar:5.6.3]
	at org.apache.jmeter.threads.JMeterThread.processSampler(JMeterThread.java:501) ~[ApacheJMeter_core.jar:5.6.3]
	at org.apache.jmeter.threads.JMeterThread.run(JMeterThread.java:268) ~[ApacheJMeter_core.jar:5.6.3]
	at java.base/java.lang.Thread.run(Thread.java:1583) [?:?]
Caused by: groovy.json.JsonException: Unable to determine the current character, it is not a string, number, array, or object

The current character read is '<' with an int value of 60
Unable to determine the current character, it is not a string, number, array, or object
line number 1
index number 0
<!DOCTYPE html>
^
	at org.apache.groovy.json.internal.JsonParserCharArray.decodeValueInternal(JsonParserCharArray.java:202) ~[groovy-json-3.0.20.jar:3.0.20]
	at org.apache.groovy.json.internal.JsonParserCharArray.decodeValue(JsonParserCharArray.java:153) ~[groovy-json-3.0.20.jar:3.0.20]
	at org.apache.groovy.json.internal.JsonParserCharArray.decodeFromChars(JsonParserCharArray.java:43) ~[groovy-json-3.0.20.jar:3.0.20]
	at org.apache.groovy.json.internal.JsonParserCharArray.parse(JsonParserCharArray.java:380) ~[groovy-json-3.0.20.jar:3.0.20]
	at org.apache.groovy.json.internal.BaseJsonParser.parse(BaseJsonParser.java:113) ~[groovy-json-3.0.20.jar:3.0.20]
	at groovy.json.JsonSlurper.parseText(JsonSlurper.java:204) ~[groovy-json-3.0.20.jar:3.0.20]
	at groovy.json.JsonSlurper$parseText.call(Unknown Source) ~[?:?]
	at Script5.run(Script5.groovy:1) ~[?:?]
	at org.codehaus.groovy.jsr223.GroovyScriptEngineImpl.eval(GroovyScriptEngineImpl.java:317) ~[groovy-jsr223-3.0.20.jar:3.0.20]
	... 10 more
2026-08-31 17:32:38,730 ERROR o.a.j.a.JSR223Assertion: Problem in JSR223 script: Validate coupon amounts
javax.script.ScriptException: groovy.json.JsonException: Unable to determine the current character, it is not a string, number, array, or object

The current character read is '<' with an int value of 60
Unable to determine the current character, it is not a string, number, array, or object
line number 1
index number 0
<!DOCTYPE html>
^
	at org.codehaus.groovy.jsr223.GroovyScriptEngineImpl.eval(GroovyScriptEngineImpl.java:320) ~[groovy-jsr223-3.0.20.jar:3.0.20]
	at org.codehaus.groovy.jsr223.GroovyCompiledScript.eval(GroovyCompiledScript.java:71) ~[groovy-jsr223-3.0.20.jar:3.0.20]
	at java.scripting/javax.script.CompiledScript.eval(CompiledScript.java:93) ~[java.scripting:?]
	at org.apache.jmeter.util.JSR223TestElement.processFileOrScript(JSR223TestElement.java:230) ~[ApacheJMeter_core.jar:5.6.3]
	at org.apache.jmeter.assertions.JSR223Assertion.getResult(JSR223Assertion.java:50) ~[ApacheJMeter_components.jar:5.6.3]
	at org.apache.jmeter.threads.JMeterThread.processAssertion(JMeterThread.java:949) ~[ApacheJMeter_core.jar:5.6.3]
	at org.apache.jmeter.threads.JMeterThread.checkAssertions(JMeterThread.java:918) ~[ApacheJMeter_core.jar:5.6.3]
	at org.apache.jmeter.threads.JMeterThread.executeSamplePackage(JMeterThread.java:586) ~[ApacheJMeter_core.jar:5.6.3]
	at org.apache.jmeter.threads.JMeterThread.processSampler(JMeterThread.java:501) ~[ApacheJMeter_core.jar:5.6.3]
	at org.apache.jmeter.threads.JMeterThread.run(JMeterThread.java:268) ~[ApacheJMeter_core.jar:5.6.3]
	at java.base/java.lang.Thread.run(Thread.java:1583) [?:?]
Caused by: groovy.json.JsonException: Unable to determine the current character, it is not a string, number, array, or object

The current character read is '<' with an int value of 60
Unable to determine the current character, it is not a string, number, array, or object
line number 1
index number 0
<!DOCTYPE html>
^
	at org.apache.groovy.json.internal.JsonParserCharArray.decodeValueInternal(JsonParserCharArray.java:202) ~[groovy-json-3.0.20.jar:3.0.20]
	at org.apache.groovy.json.internal.JsonParserCharArray.decodeValue(JsonParserCharArray.java:153) ~[groovy-json-3.0.20.jar:3.0.20]
	at org.apache.groovy.json.internal.JsonParserCharArray.decodeFromChars(JsonParserCharArray.java:43) ~[groovy-json-3.0.20.jar:3.0.20]
	at org.apache.groovy.json.internal.JsonParserCharArray.parse(JsonParserCharArray.java:380) ~[groovy-json-3.0.20.jar:3.0.20]
	at org.apache.groovy.json.internal.BaseJsonParser.parse(BaseJsonParser.java:113) ~[groovy-json-3.0.20.jar:3.0.20]
	at groovy.json.JsonSlurper.parseText(JsonSlurper.java:204) ~[groovy-json-3.0.20.jar:3.0.20]
	at groovy.json.JsonSlurper$parseText.call(Unknown Source) ~[?:?]
	at Script5.run(Script5.groovy:1) ~[?:?]
	at org.codehaus.groovy.jsr223.GroovyScriptEngineImpl.eval(GroovyScriptEngineImpl.java:317) ~[groovy-jsr223-3.0.20.jar:3.0.20]
	... 10 more
2026-08-31 17:32:39,018 ERROR o.a.j.a.JSR223Assertion: Problem in JSR223 script: Validate coupon amounts
javax.script.ScriptException: groovy.json.JsonException: Unable to determine the current character, it is not a string, number, array, or object

The current character read is '<' with an int value of 60
Unable to determine the current character, it is not a string, number, array, or object
line number 1
index number 0
<!DOCTYPE html>
^
	at org.codehaus.groovy.jsr223.GroovyScriptEngineImpl.eval(GroovyScriptEngineImpl.java:320) ~[groovy-jsr223-3.0.20.jar:3.0.20]
	at org.codehaus.groovy.jsr223.GroovyCompiledScript.eval(GroovyCompiledScript.java:71) ~[groovy-jsr223-3.0.20.jar:3.0.20]
	at java.scripting/javax.script.CompiledScript.eval(CompiledScript.java:93) ~[java.scripting:?]
	at org.apache.jmeter.util.JSR223TestElement.processFileOrScript(JSR223TestElement.java:230) ~[ApacheJMeter_core.jar:5.6.3]
	at org.apache.jmeter.assertions.JSR223Assertion.getResult(JSR223Assertion.java:50) ~[ApacheJMeter_components.jar:5.6.3]
	at org.apache.jmeter.threads.JMeterThread.processAssertion(JMeterThread.java:949) ~[ApacheJMeter_core.jar:5.6.3]
	at org.apache.jmeter.threads.JMeterThread.checkAssertions(JMeterThread.java:918) ~[ApacheJMeter_core.jar:5.6.3]
	at org.apache.jmeter.threads.JMeterThread.executeSamplePackage(JMeterThread.java:586) ~[ApacheJMeter_core.jar:5.6.3]
	at org.apache.jmeter.threads.JMeterThread.processSampler(JMeterThread.java:501) ~[ApacheJMeter_core.jar:5.6.3]
	at org.apache.jmeter.threads.JMeterThread.run(JMeterThread.java:268) ~[ApacheJMeter_core.jar:5.6.3]
	at java.base/java.lang.Thread.run(Thread.java:1583) [?:?]
Caused by: groovy.json.JsonException: Unable to determine the current character, it is not a string, number, array, or object

The current character read is '<' with an int value of 60
Unable to determine the current character, it is not a string, number, array, or object
line number 1
index number 0
<!DOCTYPE html>
^
	at org.apache.groovy.json.internal.JsonParserCharArray.decodeValueInternal(JsonParserCharArray.java:202) ~[groovy-json-3.0.20.jar:3.0.20]
	at org.apache.groovy.json.internal.JsonParserCharArray.decodeValue(JsonParserCharArray.java:153) ~[groovy-json-3.0.20.jar:3.0.20]
	at org.apache.groovy.json.internal.JsonParserCharArray.decodeFromChars(JsonParserCharArray.java:43) ~[groovy-json-3.0.20.jar:3.0.20]
	at org.apache.groovy.json.internal.JsonParserCharArray.parse(JsonParserCharArray.java:380) ~[groovy-json-3.0.20.jar:3.0.20]
	at org.apache.groovy.json.internal.BaseJsonParser.parse(BaseJsonParser.java:113) ~[groovy-json-3.0.20.jar:3.0.20]
	at groovy.json.JsonSlurper.parseText(JsonSlurper.java:204) ~[groovy-json-3.0.20.jar:3.0.20]
	at groovy.json.JsonSlurper$parseText.call(Unknown Source) ~[?:?]
	at Script5.run(Script5.groovy:1) ~[?:?]
	at org.codehaus.groovy.jsr223.GroovyScriptEngineImpl.eval(GroovyScriptEngineImpl.java:317) ~[groovy-jsr223-3.0.20.jar:3.0.20]
	... 10 more
2026-08-31 17:32:39,261 ERROR o.a.j.a.JSR223Assertion: Problem in JSR223 script: Validate coupon amounts
javax.script.ScriptException: groovy.json.JsonException: Unable to determine the current character, it is not a string, number, array, or object

The current character read is '<' with an int value of 60
Unable to determine the current character, it is not a string, number, array, or object
line number 1
index number 0
<!DOCTYPE html>
^
	at org.codehaus.groovy.jsr223.GroovyScriptEngineImpl.eval(GroovyScriptEngineImpl.java:320) ~[groovy-jsr223-3.0.20.jar:3.0.20]
	at org.codehaus.groovy.jsr223.GroovyCompiledScript.eval(GroovyCompiledScript.java:71) ~[groovy-jsr223-3.0.20.jar:3.0.20]
	at java.scripting/javax.script.CompiledScript.eval(CompiledScript.java:93) ~[java.scripting:?]
	at org.apache.jmeter.util.JSR223TestElement.processFileOrScript(JSR223TestElement.java:230) ~[ApacheJMeter_core.jar:5.6.3]
	at org.apache.jmeter.assertions.JSR223Assertion.getResult(JSR223Assertion.java:50) ~[ApacheJMeter_components.jar:5.6.3]
	at org.apache.jmeter.threads.JMeterThread.processAssertion(JMeterThread.java:949) ~[ApacheJMeter_core.jar:5.6.3]
	at org.apache.jmeter.threads.JMeterThread.checkAssertions(JMeterThread.java:918) ~[ApacheJMeter_core.jar:5.6.3]
	at org.apache.jmeter.threads.JMeterThread.executeSamplePackage(JMeterThread.java:586) ~[ApacheJMeter_core.jar:5.6.3]
	at org.apache.jmeter.threads.JMeterThread.processSampler(JMeterThread.java:501) ~[ApacheJMeter_core.jar:5.6.3]
	at org.apache.jmeter.threads.JMeterThread.run(JMeterThread.java:268) ~[ApacheJMeter_core.jar:5.6.3]
	at java.base/java.lang.Thread.run(Thread.java:1583) [?:?]
Caused by: groovy.json.JsonException: Unable to determine the current character, it is not a string, number, array, or object

The current character read is '<' with an int value of 60
Unable to determine the current character, it is not a string, number, array, or object
line number 1
index number 0
<!DOCTYPE html>
^
	at org.apache.groovy.json.internal.JsonParserCharArray.decodeValueInternal(JsonParserCharArray.java:202) ~[groovy-json-3.0.20.jar:3.0.20]
	at org.apache.groovy.json.internal.JsonParserCharArray.decodeValue(JsonParserCharArray.java:153) ~[groovy-json-3.0.20.jar:3.0.20]
	at org.apache.groovy.json.internal.JsonParserCharArray.decodeFromChars(JsonParserCharArray.java:43) ~[groovy-json-3.0.20.jar:3.0.20]
	at org.apache.groovy.json.internal.JsonParserCharArray.parse(JsonParserCharArray.java:380) ~[groovy-json-3.0.20.jar:3.0.20]
	at org.apache.groovy.json.internal.BaseJsonParser.parse(BaseJsonParser.java:113) ~[groovy-json-3.0.20.jar:3.0.20]
	at groovy.json.JsonSlurper.parseText(JsonSlurper.java:204) ~[groovy-json-3.0.20.jar:3.0.20]
	at groovy.json.JsonSlurper$parseText.call(Unknown Source) ~[?:?]
	at Script5.run(Script5.groovy:1) ~[?:?]
	at org.codehaus.groovy.jsr223.GroovyScriptEngineImpl.eval(GroovyScriptEngineImpl.java:317) ~[groovy-jsr223-3.0.20.jar:3.0.20]
	... 10 more
2026-08-31 17:32:39,487 ERROR o.a.j.a.JSR223Assertion: Problem in JSR223 script: Validate coupon amounts
javax.script.ScriptException: groovy.json.JsonException: Unable to determine the current character, it is not a string, number, array, or object

The current character read is '<' with an int value of 60
Unable to determine the current character, it is not a string, number, array, or object
line number 1
index number 0
<!DOCTYPE html>
^
	at org.codehaus.groovy.jsr223.GroovyScriptEngineImpl.eval(GroovyScriptEngineImpl.java:320) ~[groovy-jsr223-3.0.20.jar:3.0.20]
	at org.codehaus.groovy.jsr223.GroovyCompiledScript.eval(GroovyCompiledScript.java:71) ~[groovy-jsr223-3.0.20.jar:3.0.20]
	at java.scripting/javax.script.CompiledScript.eval(CompiledScript.java:93) ~[java.scripting:?]
	at org.apache.jmeter.util.JSR223TestElement.processFileOrScript(JSR223TestElement.java:230) ~[ApacheJMeter_core.jar:5.6.3]
	at org.apache.jmeter.assertions.JSR223Assertion.getResult(JSR223Assertion.java:50) ~[ApacheJMeter_components.jar:5.6.3]
	at org.apache.jmeter.threads.JMeterThread.processAssertion(JMeterThread.java:949) ~[ApacheJMeter_core.jar:5.6.3]
	at org.apache.jmeter.threads.JMeterThread.checkAssertions(JMeterThread.java:918) ~[ApacheJMeter_core.jar:5.6.3]
	at org.apache.jmeter.threads.JMeterThread.executeSamplePackage(JMeterThread.java:586) ~[ApacheJMeter_core.jar:5.6.3]
	at org.apache.jmeter.threads.JMeterThread.processSampler(JMeterThread.java:501) ~[ApacheJMeter_core.jar:5.6.3]
	at org.apache.jmeter.threads.JMeterThread.run(JMeterThread.java:268) ~[ApacheJMeter_core.jar:5.6.3]
	at java.base/java.lang.Thread.run(Thread.java:1583) [?:?]
Caused by: groovy.json.JsonException: Unable to determine the current character, it is not a string, number, array, or object

The current character read is '<' with an int value of 60
Unable to determine the current character, it is not a string, number, array, or object
line number 1
index number 0
<!DOCTYPE html>
^
	at org.apache.groovy.json.internal.JsonParserCharArray.decodeValueInternal(JsonParserCharArray.java:202) ~[groovy-json-3.0.20.jar:3.0.20]
	at org.apache.groovy.json.internal.JsonParserCharArray.decodeValue(JsonParserCharArray.java:153) ~[groovy-json-3.0.20.jar:3.0.20]
	at org.apache.groovy.json.internal.JsonParserCharArray.decodeFromChars(JsonParserCharArray.java:43) ~[groovy-json-3.0.20.jar:3.0.20]
	at org.apache.groovy.json.internal.JsonParserCharArray.parse(JsonParserCharArray.java:380) ~[groovy-json-3.0.20.jar:3.0.20]
	at org.apache.groovy.json.internal.BaseJsonParser.parse(BaseJsonParser.java:113) ~[groovy-json-3.0.20.jar:3.0.20]
	at groovy.json.JsonSlurper.parseText(JsonSlurper.java:204) ~[groovy-json-3.0.20.jar:3.0.20]
	at groovy.json.JsonSlurper$parseText.call(Unknown Source) ~[?:?]
	at Script5.run(Script5.groovy:1) ~[?:?]
	at org.codehaus.groovy.jsr223.GroovyScriptEngineImpl.eval(GroovyScriptEngineImpl.java:317) ~[groovy-jsr223-3.0.20.jar:3.0.20]
	... 10 more
2026-08-31 17:32:39,674 ERROR o.a.j.a.JSR223Assertion: Problem in JSR223 script: Validate coupon amounts
javax.script.ScriptException: groovy.json.JsonException: Unable to determine the current character, it is not a string, number, array, or object

The current character read is '<' with an int value of 60
Unable to determine the current character, it is not a string, number, array, or object
line number 1
index number 0
<!DOCTYPE html>
^
	at org.codehaus.groovy.jsr223.GroovyScriptEngineImpl.eval(GroovyScriptEngineImpl.java:320) ~[groovy-jsr223-3.0.20.jar:3.0.20]
	at org.codehaus.groovy.jsr223.GroovyCompiledScript.eval(GroovyCompiledScript.java:71) ~[groovy-jsr223-3.0.20.jar:3.0.20]
	at java.scripting/javax.script.CompiledScript.eval(CompiledScript.java:93) ~[java.scripting:?]
	at org.apache.jmeter.util.JSR223TestElement.processFileOrScript(JSR223TestElement.java:230) ~[ApacheJMeter_core.jar:5.6.3]
	at org.apache.jmeter.assertions.JSR223Assertion.getResult(JSR223Assertion.java:50) ~[ApacheJMeter_components.jar:5.6.3]
	at org.apache.jmeter.threads.JMeterThread.processAssertion(JMeterThread.java:949) ~[ApacheJMeter_core.jar:5.6.3]
	at org.apache.jmeter.threads.JMeterThread.checkAssertions(JMeterThread.java:918) ~[ApacheJMeter_core.jar:5.6.3]
	at org.apache.jmeter.threads.JMeterThread.executeSamplePackage(JMeterThread.java:586) ~[ApacheJMeter_core.jar:5.6.3]
	at org.apache.jmeter.threads.JMeterThread.processSampler(JMeterThread.java:501) ~[ApacheJMeter_core.jar:5.6.3]
	at org.apache.jmeter.threads.JMeterThread.run(JMeterThread.java:268) ~[ApacheJMeter_core.jar:5.6.3]
	at java.base/java.lang.Thread.run(Thread.java:1583) [?:?]
Caused by: groovy.json.JsonException: Unable to determine the current character, it is not a string, number, array, or object

The current character read is '<' with an int value of 60
Unable to determine the current character, it is not a string, number, array, or object
line number 1
index number 0
<!DOCTYPE html>
^
	at org.apache.groovy.json.internal.JsonParserCharArray.decodeValueInternal(JsonParserCharArray.java:202) ~[groovy-json-3.0.20.jar:3.0.20]
	at org.apache.groovy.json.internal.JsonParserCharArray.decodeValue(JsonParserCharArray.java:153) ~[groovy-json-3.0.20.jar:3.0.20]
	at org.apache.groovy.json.internal.JsonParserCharArray.decodeFromChars(JsonParserCharArray.java:43) ~[groovy-json-3.0.20.jar:3.0.20]
	at org.apache.groovy.json.internal.JsonParserCharArray.parse(JsonParserCharArray.java:380) ~[groovy-json-3.0.20.jar:3.0.20]
	at org.apache.groovy.json.internal.BaseJsonParser.parse(BaseJsonParser.java:113) ~[groovy-json-3.0.20.jar:3.0.20]
	at groovy.json.JsonSlurper.parseText(JsonSlurper.java:204) ~[groovy-json-3.0.20.jar:3.0.20]
	at groovy.json.JsonSlurper$parseText.call(Unknown Source) ~[?:?]
	at Script5.run(Script5.groovy:1) ~[?:?]
	at org.codehaus.groovy.jsr223.GroovyScriptEngineImpl.eval(GroovyScriptEngineImpl.java:317) ~[groovy-jsr223-3.0.20.jar:3.0.20]
	... 10 more
2026-08-31 17:32:39,758 ERROR o.a.j.a.JSR223Assertion: Problem in JSR223 script: Validate coupon amounts
javax.script.ScriptException: groovy.json.JsonException: Unable to determine the current character, it is not a string, number, array, or object

The current character read is '<' with an int value of 60
Unable to determine the current character, it is not a string, number, array, or object
line number 1
index number 0
<!DOCTYPE html>
^
	at org.codehaus.groovy.jsr223.GroovyScriptEngineImpl.eval(GroovyScriptEngineImpl.java:320) ~[groovy-jsr223-3.0.20.jar:3.0.20]
	at org.codehaus.groovy.jsr223.GroovyCompiledScript.eval(GroovyCompiledScript.java:71) ~[groovy-jsr223-3.0.20.jar:3.0.20]
	at java.scripting/javax.script.CompiledScript.eval(CompiledScript.java:93) ~[java.scripting:?]
	at org.apache.jmeter.util.JSR223TestElement.processFileOrScript(JSR223TestElement.java:230) ~[ApacheJMeter_core.jar:5.6.3]
	at org.apache.jmeter.assertions.JSR223Assertion.getResult(JSR223Assertion.java:50) ~[ApacheJMeter_components.jar:5.6.3]
	at org.apache.jmeter.threads.JMeterThread.processAssertion(JMeterThread.java:949) ~[ApacheJMeter_core.jar:5.6.3]
	at org.apache.jmeter.threads.JMeterThread.checkAssertions(JMeterThread.java:918) ~[ApacheJMeter_core.jar:5.6.3]
	at org.apache.jmeter.threads.JMeterThread.executeSamplePackage(JMeterThread.java:586) ~[ApacheJMeter_core.jar:5.6.3]
	at org.apache.jmeter.threads.JMeterThread.processSampler(JMeterThread.java:501) ~[ApacheJMeter_core.jar:5.6.3]
	at org.apache.jmeter.threads.JMeterThread.run(JMeterThread.java:268) ~[ApacheJMeter_core.jar:5.6.3]
	at java.base/java.lang.Thread.run(Thread.java:1583) [?:?]
Caused by: groovy.json.JsonException: Unable to determine the current character, it is not a string, number, array, or object

The current character read is '<' with an int value of 60
Unable to determine the current character, it is not a string, number, array, or object
line number 1
index number 0
<!DOCTYPE html>
^
	at org.apache.groovy.json.internal.JsonParserCharArray.decodeValueInternal(JsonParserCharArray.java:202) ~[groovy-json-3.0.20.jar:3.0.20]
	at org.apache.groovy.json.internal.JsonParserCharArray.decodeValue(JsonParserCharArray.java:153) ~[groovy-json-3.0.20.jar:3.0.20]
	at org.apache.groovy.json.internal.JsonParserCharArray.decodeFromChars(JsonParserCharArray.java:43) ~[groovy-json-3.0.20.jar:3.0.20]
	at org.apache.groovy.json.internal.JsonParserCharArray.parse(JsonParserCharArray.java:380) ~[groovy-json-3.0.20.jar:3.0.20]
	at org.apache.groovy.json.internal.BaseJsonParser.parse(BaseJsonParser.java:113) ~[groovy-json-3.0.20.jar:3.0.20]
	at groovy.json.JsonSlurper.parseText(JsonSlurper.java:204) ~[groovy-json-3.0.20.jar:3.0.20]
	at groovy.json.JsonSlurper$parseText.call(Unknown Source) ~[?:?]
	at Script5.run(Script5.groovy:1) ~[?:?]
	at org.codehaus.groovy.jsr223.GroovyScriptEngineImpl.eval(GroovyScriptEngineImpl.java:317) ~[groovy-jsr223-3.0.20.jar:3.0.20]
	... 10 more
2026-08-31 17:32:40,871 ERROR o.a.j.a.JSR223Assertion: Problem in JSR223 script: Validate coupon amounts
javax.script.ScriptException: groovy.json.JsonException: Unable to determine the current character, it is not a string, number, array, or object

The current character read is '<' with an int value of 60
Unable to determine the current character, it is not a string, number, array, or object
line number 1
index number 0
<!DOCTYPE html>
^
	at org.codehaus.groovy.jsr223.GroovyScriptEngineImpl.eval(GroovyScriptEngineImpl.java:320) ~[groovy-jsr223-3.0.20.jar:3.0.20]
	at org.codehaus.groovy.jsr223.GroovyCompiledScript.eval(GroovyCompiledScript.java:71) ~[groovy-jsr223-3.0.20.jar:3.0.20]
	at java.scripting/javax.script.CompiledScript.eval(CompiledScript.java:93) ~[java.scripting:?]
	at org.apache.jmeter.util.JSR223TestElement.processFileOrScript(JSR223TestElement.java:230) ~[ApacheJMeter_core.jar:5.6.3]
	at org.apache.jmeter.assertions.JSR223Assertion.getResult(JSR223Assertion.java:50) ~[ApacheJMeter_components.jar:5.6.3]
	at org.apache.jmeter.threads.JMeterThread.processAssertion(JMeterThread.java:949) ~[ApacheJMeter_core.jar:5.6.3]
	at org.apache.jmeter.threads.JMeterThread.checkAssertions(JMeterThread.java:918) ~[ApacheJMeter_core.jar:5.6.3]
	at org.apache.jmeter.threads.JMeterThread.executeSamplePackage(JMeterThread.java:586) ~[ApacheJMeter_core.jar:5.6.3]
	at org.apache.jmeter.threads.JMeterThread.processSampler(JMeterThread.java:501) ~[ApacheJMeter_core.jar:5.6.3]
	at org.apache.jmeter.threads.JMeterThread.run(JMeterThread.java:268) ~[ApacheJMeter_core.jar:5.6.3]
	at java.base/java.lang.Thread.run(Thread.java:1583) [?:?]
Caused by: groovy.json.JsonException: Unable to determine the current character, it is not a string, number, array, or object

The current character read is '<' with an int value of 60
Unable to determine the current character, it is not a string, number, array, or object
line number 1
index number 0
<!DOCTYPE html>
^
	at org.apache.groovy.json.internal.JsonParserCharArray.decodeValueInternal(JsonParserCharArray.java:202) ~[groovy-json-3.0.20.jar:3.0.20]
	at org.apache.groovy.json.internal.JsonParserCharArray.decodeValue(JsonParserCharArray.java:153) ~[groovy-json-3.0.20.jar:3.0.20]
	at org.apache.groovy.json.internal.JsonParserCharArray.decodeFromChars(JsonParserCharArray.java:43) ~[groovy-json-3.0.20.jar:3.0.20]
	at org.apache.groovy.json.internal.JsonParserCharArray.parse(JsonParserCharArray.java:380) ~[groovy-json-3.0.20.jar:3.0.20]
	at org.apache.groovy.json.internal.BaseJsonParser.parse(BaseJsonParser.java:113) ~[groovy-json-3.0.20.jar:3.0.20]
	at groovy.json.JsonSlurper.parseText(JsonSlurper.java:204) ~[groovy-json-3.0.20.jar:3.0.20]
	at groovy.json.JsonSlurper$parseText.call(Unknown Source) ~[?:?]
	at Script5.run(Script5.groovy:1) ~[?:?]
	at org.codehaus.groovy.jsr223.GroovyScriptEngineImpl.eval(GroovyScriptEngineImpl.java:317) ~[groovy-jsr223-3.0.20.jar:3.0.20]
	... 10 more
2026-08-31 17:32:41,254 ERROR o.a.j.a.JSR223Assertion: Problem in JSR223 script: Validate coupon amounts
javax.script.ScriptException: groovy.json.JsonException: Unable to determine the current character, it is not a string, number, array, or object

The current character read is '<' with an int value of 60
Unable to determine the current character, it is not a string, number, array, or object
line number 1
index number 0
<!DOCTYPE html>
^
	at org.codehaus.groovy.jsr223.GroovyScriptEngineImpl.eval(GroovyScriptEngineImpl.java:320) ~[groovy-jsr223-3.0.20.jar:3.0.20]
	at org.codehaus.groovy.jsr223.GroovyCompiledScript.eval(GroovyCompiledScript.java:71) ~[groovy-jsr223-3.0.20.jar:3.0.20]
	at java.scripting/javax.script.CompiledScript.eval(CompiledScript.java:93) ~[java.scripting:?]
	at org.apache.jmeter.util.JSR223TestElement.processFileOrScript(JSR223TestElement.java:230) ~[ApacheJMeter_core.jar:5.6.3]
	at org.apache.jmeter.assertions.JSR223Assertion.getResult(JSR223Assertion.java:50) ~[ApacheJMeter_components.jar:5.6.3]
	at org.apache.jmeter.threads.JMeterThread.processAssertion(JMeterThread.java:949) ~[ApacheJMeter_core.jar:5.6.3]
	at org.apache.jmeter.threads.JMeterThread.checkAssertions(JMeterThread.java:918) ~[ApacheJMeter_core.jar:5.6.3]
	at org.apache.jmeter.threads.JMeterThread.executeSamplePackage(JMeterThread.java:586) ~[ApacheJMeter_core.jar:5.6.3]
	at org.apache.jmeter.threads.JMeterThread.processSampler(JMeterThread.java:501) ~[ApacheJMeter_core.jar:5.6.3]
	at org.apache.jmeter.threads.JMeterThread.run(JMeterThread.java:268) ~[ApacheJMeter_core.jar:5.6.3]
	at java.base/java.lang.Thread.run(Thread.java:1583) [?:?]
Caused by: groovy.json.JsonException: Unable to determine the current character, it is not a string, number, array, or object

The current character read is '<' with an int value of 60
Unable to determine the current character, it is not a string, number, array, or object
line number 1
index number 0
<!DOCTYPE html>
^
	at org.apache.groovy.json.internal.JsonParserCharArray.decodeValueInternal(JsonParserCharArray.java:202) ~[groovy-json-3.0.20.jar:3.0.20]
	at org.apache.groovy.json.internal.JsonParserCharArray.decodeValue(JsonParserCharArray.java:153) ~[groovy-json-3.0.20.jar:3.0.20]
	at org.apache.groovy.json.internal.JsonParserCharArray.decodeFromChars(JsonParserCharArray.java:43) ~[groovy-json-3.0.20.jar:3.0.20]
	at org.apache.groovy.json.internal.JsonParserCharArray.parse(JsonParserCharArray.java:380) ~[groovy-json-3.0.20.jar:3.0.20]
	at org.apache.groovy.json.internal.BaseJsonParser.parse(BaseJsonParser.java:113) ~[groovy-json-3.0.20.jar:3.0.20]
	at groovy.json.JsonSlurper.parseText(JsonSlurper.java:204) ~[groovy-json-3.0.20.jar:3.0.20]
	at groovy.json.JsonSlurper$parseText.call(Unknown Source) ~[?:?]
	at Script5.run(Script5.groovy:1) ~[?:?]
	at org.codehaus.groovy.jsr223.GroovyScriptEngineImpl.eval(GroovyScriptEngineImpl.java:317) ~[groovy-jsr223-3.0.20.jar:3.0.20]
	... 10 more
2026-08-31 17:32:41,535 ERROR o.a.j.a.JSR223Assertion: Problem in JSR223 script: Validate coupon amounts
javax.script.ScriptException: groovy.json.JsonException: Unable to determine the current character, it is not a string, number, array, or object

The current character read is '<' with an int value of 60
Unable to determine the current character, it is not a string, number, array, or object
line number 1
index number 0
<!DOCTYPE html>
^
	at org.codehaus.groovy.jsr223.GroovyScriptEngineImpl.eval(GroovyScriptEngineImpl.java:320) ~[groovy-jsr223-3.0.20.jar:3.0.20]
	at org.codehaus.groovy.jsr223.GroovyCompiledScript.eval(GroovyCompiledScript.java:71) ~[groovy-jsr223-3.0.20.jar:3.0.20]
	at java.scripting/javax.script.CompiledScript.eval(CompiledScript.java:93) ~[java.scripting:?]
	at org.apache.jmeter.util.JSR223TestElement.processFileOrScript(JSR223TestElement.java:230) ~[ApacheJMeter_core.jar:5.6.3]
	at org.apache.jmeter.assertions.JSR223Assertion.getResult(JSR223Assertion.java:50) ~[ApacheJMeter_components.jar:5.6.3]
	at org.apache.jmeter.threads.JMeterThread.processAssertion(JMeterThread.java:949) ~[ApacheJMeter_core.jar:5.6.3]
	at org.apache.jmeter.threads.JMeterThread.checkAssertions(JMeterThread.java:918) ~[ApacheJMeter_core.jar:5.6.3]
	at org.apache.jmeter.threads.JMeterThread.executeSamplePackage(JMeterThread.java:586) ~[ApacheJMeter_core.jar:5.6.3]
	at org.apache.jmeter.threads.JMeterThread.processSampler(JMeterThread.java:501) ~[ApacheJMeter_core.jar:5.6.3]
	at org.apache.jmeter.threads.JMeterThread.run(JMeterThread.java:268) ~[ApacheJMeter_core.jar:5.6.3]
	at java.base/java.lang.Thread.run(Thread.java:1583) [?:?]
Caused by: groovy.json.JsonException: Unable to determine the current character, it is not a string, number, array, or object

The current character read is '<' with an int value of 60
Unable to determine the current character, it is not a string, number, array, or object
line number 1
index number 0
<!DOCTYPE html>
^
	at org.apache.groovy.json.internal.JsonParserCharArray.decodeValueInternal(JsonParserCharArray.java:202) ~[groovy-json-3.0.20.jar:3.0.20]
	at org.apache.groovy.json.internal.JsonParserCharArray.decodeValue(JsonParserCharArray.java:153) ~[groovy-json-3.0.20.jar:3.0.20]
	at org.apache.groovy.json.internal.JsonParserCharArray.decodeFromChars(JsonParserCharArray.java:43) ~[groovy-json-3.0.20.jar:3.0.20]
	at org.apache.groovy.json.internal.JsonParserCharArray.parse(JsonParserCharArray.java:380) ~[groovy-json-3.0.20.jar:3.0.20]
	at org.apache.groovy.json.internal.BaseJsonParser.parse(BaseJsonParser.java:113) ~[groovy-json-3.0.20.jar:3.0.20]
	at groovy.json.JsonSlurper.parseText(JsonSlurper.java:204) ~[groovy-json-3.0.20.jar:3.0.20]
	at groovy.json.JsonSlurper$parseText.call(Unknown Source) ~[?:?]
	at Script5.run(Script5.groovy:1) ~[?:?]
	at org.codehaus.groovy.jsr223.GroovyScriptEngineImpl.eval(GroovyScriptEngineImpl.java:317) ~[groovy-jsr223-3.0.20.jar:3.0.20]
	... 10 more
2026-08-31 17:32:41,697 ERROR o.a.j.a.JSR223Assertion: Problem in JSR223 script: Validate coupon amounts
javax.script.ScriptException: groovy.json.JsonException: Unable to determine the current character, it is not a string, number, array, or object

The current character read is '<' with an int value of 60
Unable to determine the current character, it is not a string, number, array, or object
line number 1
index number 0
<!DOCTYPE html>
^
	at org.codehaus.groovy.jsr223.GroovyScriptEngineImpl.eval(GroovyScriptEngineImpl.java:320) ~[groovy-jsr223-3.0.20.jar:3.0.20]
	at org.codehaus.groovy.jsr223.GroovyCompiledScript.eval(GroovyCompiledScript.java:71) ~[groovy-jsr223-3.0.20.jar:3.0.20]
	at java.scripting/javax.script.CompiledScript.eval(CompiledScript.java:93) ~[java.scripting:?]
	at org.apache.jmeter.util.JSR223TestElement.processFileOrScript(JSR223TestElement.java:230) ~[ApacheJMeter_core.jar:5.6.3]
	at org.apache.jmeter.assertions.JSR223Assertion.getResult(JSR223Assertion.java:50) ~[ApacheJMeter_components.jar:5.6.3]
	at org.apache.jmeter.threads.JMeterThread.processAssertion(JMeterThread.java:949) ~[ApacheJMeter_core.jar:5.6.3]
	at org.apache.jmeter.threads.JMeterThread.checkAssertions(JMeterThread.java:918) ~[ApacheJMeter_core.jar:5.6.3]
	at org.apache.jmeter.threads.JMeterThread.executeSamplePackage(JMeterThread.java:586) ~[ApacheJMeter_core.jar:5.6.3]
	at org.apache.jmeter.threads.JMeterThread.processSampler(JMeterThread.java:501) ~[ApacheJMeter_core.jar:5.6.3]
	at org.apache.jmeter.threads.JMeterThread.run(JMeterThread.java:268) ~[ApacheJMeter_core.jar:5.6.3]
	at java.base/java.lang.Thread.run(Thread.java:1583) [?:?]
Caused by: groovy.json.JsonException: Unable to determine the current character, it is not a string, number, array, or object

The current character read is '<' with an int value of 60
Unable to determine the current character, it is not a string, number, array, or object
line number 1
index number 0
<!DOCTYPE html>
^
	at org.apache.groovy.json.internal.JsonParserCharArray.decodeValueInternal(JsonParserCharArray.java:202) ~[groovy-json-3.0.20.jar:3.0.20]
	at org.apache.groovy.json.internal.JsonParserCharArray.decodeValue(JsonParserCharArray.java:153) ~[groovy-json-3.0.20.jar:3.0.20]
	at org.apache.groovy.json.internal.JsonParserCharArray.decodeFromChars(JsonParserCharArray.java:43) ~[groovy-json-3.0.20.jar:3.0.20]
	at org.apache.groovy.json.internal.JsonParserCharArray.parse(JsonParserCharArray.java:380) ~[groovy-json-3.0.20.jar:3.0.20]
	at org.apache.groovy.json.internal.BaseJsonParser.parse(BaseJsonParser.java:113) ~[groovy-json-3.0.20.jar:3.0.20]
	at groovy.json.JsonSlurper.parseText(JsonSlurper.java:204) ~[groovy-json-3.0.20.jar:3.0.20]
	at groovy.json.JsonSlurper$parseText.call(Unknown Source) ~[?:?]
	at Script5.run(Script5.groovy:1) ~[?:?]
	at org.codehaus.groovy.jsr223.GroovyScriptEngineImpl.eval(GroovyScriptEngineImpl.java:317) ~[groovy-jsr223-3.0.20.jar:3.0.20]
	... 10 more
2026-08-31 17:32:41,905 ERROR o.a.j.a.JSR223Assertion: Problem in JSR223 script: Validate coupon amounts
javax.script.ScriptException: groovy.json.JsonException: Unable to determine the current character, it is not a string, number, array, or object

The current character read is '<' with an int value of 60
Unable to determine the current character, it is not a string, number, array, or object
line number 1
index number 0
<!DOCTYPE html>
^
	at org.codehaus.groovy.jsr223.GroovyScriptEngineImpl.eval(GroovyScriptEngineImpl.java:320) ~[groovy-jsr223-3.0.20.jar:3.0.20]
	at org.codehaus.groovy.jsr223.GroovyCompiledScript.eval(GroovyCompiledScript.java:71) ~[groovy-jsr223-3.0.20.jar:3.0.20]
	at java.scripting/javax.script.CompiledScript.eval(CompiledScript.java:93) ~[java.scripting:?]
	at org.apache.jmeter.util.JSR223TestElement.processFileOrScript(JSR223TestElement.java:230) ~[ApacheJMeter_core.jar:5.6.3]
	at org.apache.jmeter.assertions.JSR223Assertion.getResult(JSR223Assertion.java:50) ~[ApacheJMeter_components.jar:5.6.3]
	at org.apache.jmeter.threads.JMeterThread.processAssertion(JMeterThread.java:949) ~[ApacheJMeter_core.jar:5.6.3]
	at org.apache.jmeter.threads.JMeterThread.checkAssertions(JMeterThread.java:918) ~[ApacheJMeter_core.jar:5.6.3]
	at org.apache.jmeter.threads.JMeterThread.executeSamplePackage(JMeterThread.java:586) ~[ApacheJMeter_core.jar:5.6.3]
	at org.apache.jmeter.threads.JMeterThread.processSampler(JMeterThread.java:501) ~[ApacheJMeter_core.jar:5.6.3]
	at org.apache.jmeter.threads.JMeterThread.run(JMeterThread.java:268) ~[ApacheJMeter_core.jar:5.6.3]
	at java.base/java.lang.Thread.run(Thread.java:1583) [?:?]
Caused by: groovy.json.JsonException: Unable to determine the current character, it is not a string, number, array, or object

The current character read is '<' with an int value of 60
Unable to determine the current character, it is not a string, number, array, or object
line number 1
index number 0
<!DOCTYPE html>
^
	at org.apache.groovy.json.internal.JsonParserCharArray.decodeValueInternal(JsonParserCharArray.java:202) ~[groovy-json-3.0.20.jar:3.0.20]
	at org.apache.groovy.json.internal.JsonParserCharArray.decodeValue(JsonParserCharArray.java:153) ~[groovy-json-3.0.20.jar:3.0.20]
	at org.apache.groovy.json.internal.JsonParserCharArray.decodeFromChars(JsonParserCharArray.java:43) ~[groovy-json-3.0.20.jar:3.0.20]
	at org.apache.groovy.json.internal.JsonParserCharArray.parse(JsonParserCharArray.java:380) ~[groovy-json-3.0.20.jar:3.0.20]
	at org.apache.groovy.json.internal.BaseJsonParser.parse(BaseJsonParser.java:113) ~[groovy-json-3.0.20.jar:3.0.20]
	at groovy.json.JsonSlurper.parseText(JsonSlurper.java:204) ~[groovy-json-3.0.20.jar:3.0.20]
	at groovy.json.JsonSlurper$parseText.call(Unknown Source) ~[?:?]
	at Script5.run(Script5.groovy:1) ~[?:?]
	at org.codehaus.groovy.jsr223.GroovyScriptEngineImpl.eval(GroovyScriptEngineImpl.java:317) ~[groovy-jsr223-3.0.20.jar:3.0.20]
	... 10 more
2026-08-31 17:32:42,000 ERROR o.a.j.a.JSR223Assertion: Problem in JSR223 script: Validate coupon amounts
javax.script.ScriptException: groovy.json.JsonException: Unable to determine the current character, it is not a string, number, array, or object

The current character read is '<' with an int value of 60
Unable to determine the current character, it is not a string, number, array, or object
line number 1
index number 0
<!DOCTYPE html>
^
	at org.codehaus.groovy.jsr223.GroovyScriptEngineImpl.eval(GroovyScriptEngineImpl.java:320) ~[groovy-jsr223-3.0.20.jar:3.0.20]
	at org.codehaus.groovy.jsr223.GroovyCompiledScript.eval(GroovyCompiledScript.java:71) ~[groovy-jsr223-3.0.20.jar:3.0.20]
	at java.scripting/javax.script.CompiledScript.eval(CompiledScript.java:93) ~[java.scripting:?]
	at org.apache.jmeter.util.JSR223TestElement.processFileOrScript(JSR223TestElement.java:230) ~[ApacheJMeter_core.jar:5.6.3]
	at org.apache.jmeter.assertions.JSR223Assertion.getResult(JSR223Assertion.java:50) ~[ApacheJMeter_components.jar:5.6.3]
	at org.apache.jmeter.threads.JMeterThread.processAssertion(JMeterThread.java:949) ~[ApacheJMeter_core.jar:5.6.3]
	at org.apache.jmeter.threads.JMeterThread.checkAssertions(JMeterThread.java:918) ~[ApacheJMeter_core.jar:5.6.3]
	at org.apache.jmeter.threads.JMeterThread.executeSamplePackage(JMeterThread.java:586) ~[ApacheJMeter_core.jar:5.6.3]
	at org.apache.jmeter.threads.JMeterThread.processSampler(JMeterThread.java:501) ~[ApacheJMeter_core.jar:5.6.3]
	at org.apache.jmeter.threads.JMeterThread.run(JMeterThread.java:268) ~[ApacheJMeter_core.jar:5.6.3]
	at java.base/java.lang.Thread.run(Thread.java:1583) [?:?]
Caused by: groovy.json.JsonException: Unable to determine the current character, it is not a string, number, array, or object

The current character read is '<' with an int value of 60
Unable to determine the current character, it is not a string, number, array, or object
line number 1
index number 0
<!DOCTYPE html>
^
	at org.apache.groovy.json.internal.JsonParserCharArray.decodeValueInternal(JsonParserCharArray.java:202) ~[groovy-json-3.0.20.jar:3.0.20]
	at org.apache.groovy.json.internal.JsonParserCharArray.decodeValue(JsonParserCharArray.java:153) ~[groovy-json-3.0.20.jar:3.0.20]
	at org.apache.groovy.json.internal.JsonParserCharArray.decodeFromChars(JsonParserCharArray.java:43) ~[groovy-json-3.0.20.jar:3.0.20]
	at org.apache.groovy.json.internal.JsonParserCharArray.parse(JsonParserCharArray.java:380) ~[groovy-json-3.0.20.jar:3.0.20]
	at org.apache.groovy.json.internal.BaseJsonParser.parse(BaseJsonParser.java:113) ~[groovy-json-3.0.20.jar:3.0.20]
	at groovy.json.JsonSlurper.parseText(JsonSlurper.java:204) ~[groovy-json-3.0.20.jar:3.0.20]
	at groovy.json.JsonSlurper$parseText.call(Unknown Source) ~[?:?]
	at Script5.run(Script5.groovy:1) ~[?:?]
	at org.codehaus.groovy.jsr223.GroovyScriptEngineImpl.eval(GroovyScriptEngineImpl.java:317) ~[groovy-jsr223-3.0.20.jar:3.0.20]
	... 10 more
2026-08-31 17:32:43,059 ERROR o.a.j.a.JSR223Assertion: Problem in JSR223 script: Validate coupon amounts
javax.script.ScriptException: groovy.json.JsonException: Unable to determine the current character, it is not a string, number, array, or object

The current character read is '<' with an int value of 60
Unable to determine the current character, it is not a string, number, array, or object
line number 1
index number 0
<!DOCTYPE html>
^
	at org.codehaus.groovy.jsr223.GroovyScriptEngineImpl.eval(GroovyScriptEngineImpl.java:320) ~[groovy-jsr223-3.0.20.jar:3.0.20]
	at org.codehaus.groovy.jsr223.GroovyCompiledScript.eval(GroovyCompiledScript.java:71) ~[groovy-jsr223-3.0.20.jar:3.0.20]
	at java.scripting/javax.script.CompiledScript.eval(CompiledScript.java:93) ~[java.scripting:?]
	at org.apache.jmeter.util.JSR223TestElement.processFileOrScript(JSR223TestElement.java:230) ~[ApacheJMeter_core.jar:5.6.3]
	at org.apache.jmeter.assertions.JSR223Assertion.getResult(JSR223Assertion.java:50) ~[ApacheJMeter_components.jar:5.6.3]
	at org.apache.jmeter.threads.JMeterThread.processAssertion(JMeterThread.java:949) ~[ApacheJMeter_core.jar:5.6.3]
	at org.apache.jmeter.threads.JMeterThread.checkAssertions(JMeterThread.java:918) ~[ApacheJMeter_core.jar:5.6.3]
	at org.apache.jmeter.threads.JMeterThread.executeSamplePackage(JMeterThread.java:586) ~[ApacheJMeter_core.jar:5.6.3]
	at org.apache.jmeter.threads.JMeterThread.processSampler(JMeterThread.java:501) ~[ApacheJMeter_core.jar:5.6.3]
	at org.apache.jmeter.threads.JMeterThread.run(JMeterThread.java:268) ~[ApacheJMeter_core.jar:5.6.3]
	at java.base/java.lang.Thread.run(Thread.java:1583) [?:?]
Caused by: groovy.json.JsonException: Unable to determine the current character, it is not a string, number, array, or object

The current character read is '<' with an int value of 60
Unable to determine the current character, it is not a string, number, array, or object
line number 1
index number 0
<!DOCTYPE html>
^
	at org.apache.groovy.json.internal.JsonParserCharArray.decodeValueInternal(JsonParserCharArray.java:202) ~[groovy-json-3.0.20.jar:3.0.20]
	at org.apache.groovy.json.internal.JsonParserCharArray.decodeValue(JsonParserCharArray.java:153) ~[groovy-json-3.0.20.jar:3.0.20]
	at org.apache.groovy.json.internal.JsonParserCharArray.decodeFromChars(JsonParserCharArray.java:43) ~[groovy-json-3.0.20.jar:3.0.20]
	at org.apache.groovy.json.internal.JsonParserCharArray.parse(JsonParserCharArray.java:380) ~[groovy-json-3.0.20.jar:3.0.20]
	at org.apache.groovy.json.internal.BaseJsonParser.parse(BaseJsonParser.java:113) ~[groovy-json-3.0.20.jar:3.0.20]
	at groovy.json.JsonSlurper.parseText(JsonSlurper.java:204) ~[groovy-json-3.0.20.jar:3.0.20]
	at groovy.json.JsonSlurper$parseText.call(Unknown Source) ~[?:?]
	at Script5.run(Script5.groovy:1) ~[?:?]
	at org.codehaus.groovy.jsr223.GroovyScriptEngineImpl.eval(GroovyScriptEngineImpl.java:317) ~[groovy-jsr223-3.0.20.jar:3.0.20]
	... 10 more
2026-08-31 17:32:43,605 ERROR o.a.j.a.JSR223Assertion: Problem in JSR223 script: Validate coupon amounts
javax.script.ScriptException: groovy.json.JsonException: Unable to determine the current character, it is not a string, number, array, or object

The current character read is '<' with an int value of 60
Unable to determine the current character, it is not a string, number, array, or object
line number 1
index number 0
<!DOCTYPE html>
^
	at org.codehaus.groovy.jsr223.GroovyScriptEngineImpl.eval(GroovyScriptEngineImpl.java:320) ~[groovy-jsr223-3.0.20.jar:3.0.20]
	at org.codehaus.groovy.jsr223.GroovyCompiledScript.eval(GroovyCompiledScript.java:71) ~[groovy-jsr223-3.0.20.jar:3.0.20]
	at java.scripting/javax.script.CompiledScript.eval(CompiledScript.java:93) ~[java.scripting:?]
	at org.apache.jmeter.util.JSR223TestElement.processFileOrScript(JSR223TestElement.java:230) ~[ApacheJMeter_core.jar:5.6.3]
	at org.apache.jmeter.assertions.JSR223Assertion.getResult(JSR223Assertion.java:50) ~[ApacheJMeter_components.jar:5.6.3]
	at org.apache.jmeter.threads.JMeterThread.processAssertion(JMeterThread.java:949) ~[ApacheJMeter_core.jar:5.6.3]
	at org.apache.jmeter.threads.JMeterThread.checkAssertions(JMeterThread.java:918) ~[ApacheJMeter_core.jar:5.6.3]
	at org.apache.jmeter.threads.JMeterThread.executeSamplePackage(JMeterThread.java:586) ~[ApacheJMeter_core.jar:5.6.3]
	at org.apache.jmeter.threads.JMeterThread.processSampler(JMeterThread.java:501) ~[ApacheJMeter_core.jar:5.6.3]
	at org.apache.jmeter.threads.JMeterThread.run(JMeterThread.java:268) ~[ApacheJMeter_core.jar:5.6.3]
	at java.base/java.lang.Thread.run(Thread.java:1583) [?:?]
Caused by: groovy.json.JsonException: Unable to determine the current character, it is not a string, number, array, or object

The current character read is '<' with an int value of 60
Unable to determine the current character, it is not a string, number, array, or object
line number 1
index number 0
<!DOCTYPE html>
^
	at org.apache.groovy.json.internal.JsonParserCharArray.decodeValueInternal(JsonParserCharArray.java:202) ~[groovy-json-3.0.20.jar:3.0.20]
	at org.apache.groovy.json.internal.JsonParserCharArray.decodeValue(JsonParserCharArray.java:153) ~[groovy-json-3.0.20.jar:3.0.20]
	at org.apache.groovy.json.internal.JsonParserCharArray.decodeFromChars(JsonParserCharArray.java:43) ~[groovy-json-3.0.20.jar:3.0.20]
	at org.apache.groovy.json.internal.JsonParserCharArray.parse(JsonParserCharArray.java:380) ~[groovy-json-3.0.20.jar:3.0.20]
	at org.apache.groovy.json.internal.BaseJsonParser.parse(BaseJsonParser.java:113) ~[groovy-json-3.0.20.jar:3.0.20]
	at groovy.json.JsonSlurper.parseText(JsonSlurper.java:204) ~[groovy-json-3.0.20.jar:3.0.20]
	at groovy.json.JsonSlurper$parseText.call(Unknown Source) ~[?:?]
	at Script5.run(Script5.groovy:1) ~[?:?]
	at org.codehaus.groovy.jsr223.GroovyScriptEngineImpl.eval(GroovyScriptEngineImpl.java:317) ~[groovy-jsr223-3.0.20.jar:3.0.20]
	... 10 more
2026-08-31 17:32:43,611 ERROR o.a.j.a.JSR223Assertion: Problem in JSR223 script: Validate coupon amounts
javax.script.ScriptException: groovy.json.JsonException: Unable to determine the current character, it is not a string, number, array, or object

The current character read is '<' with an int value of 60
Unable to determine the current character, it is not a string, number, array, or object
line number 1
index number 0
<!DOCTYPE html>
^
	at org.codehaus.groovy.jsr223.GroovyScriptEngineImpl.eval(GroovyScriptEngineImpl.java:320) ~[groovy-jsr223-3.0.20.jar:3.0.20]
	at org.codehaus.groovy.jsr223.GroovyCompiledScript.eval(GroovyCompiledScript.java:71) ~[groovy-jsr223-3.0.20.jar:3.0.20]
	at java.scripting/javax.script.CompiledScript.eval(CompiledScript.java:93) ~[java.scripting:?]
	at org.apache.jmeter.util.JSR223TestElement.processFileOrScript(JSR223TestElement.java:230) ~[ApacheJMeter_core.jar:5.6.3]
	at org.apache.jmeter.assertions.JSR223Assertion.getResult(JSR223Assertion.java:50) ~[ApacheJMeter_components.jar:5.6.3]
	at org.apache.jmeter.threads.JMeterThread.processAssertion(JMeterThread.java:949) ~[ApacheJMeter_core.jar:5.6.3]
	at org.apache.jmeter.threads.JMeterThread.checkAssertions(JMeterThread.java:918) ~[ApacheJMeter_core.jar:5.6.3]
	at org.apache.jmeter.threads.JMeterThread.executeSamplePackage(JMeterThread.java:586) ~[ApacheJMeter_core.jar:5.6.3]
	at org.apache.jmeter.threads.JMeterThread.processSampler(JMeterThread.java:501) ~[ApacheJMeter_core.jar:5.6.3]
	at org.apache.jmeter.threads.JMeterThread.run(JMeterThread.java:268) ~[ApacheJMeter_core.jar:5.6.3]
	at java.base/java.lang.Thread.run(Thread.java:1583) [?:?]
Caused by: groovy.json.JsonException: Unable to determine the current character, it is not a string, number, array, or object

The current character read is '<' with an int value of 60
Unable to determine the current character, it is not a string, number, array, or object
line number 1
index number 0
<!DOCTYPE html>
^
	at org.apache.groovy.json.internal.JsonParserCharArray.decodeValueInternal(JsonParserCharArray.java:202) ~[groovy-json-3.0.20.jar:3.0.20]
	at org.apache.groovy.json.internal.JsonParserCharArray.decodeValue(JsonParserCharArray.java:153) ~[groovy-json-3.0.20.jar:3.0.20]
	at org.apache.groovy.json.internal.JsonParserCharArray.decodeFromChars(JsonParserCharArray.java:43) ~[groovy-json-3.0.20.jar:3.0.20]
	at org.apache.groovy.json.internal.JsonParserCharArray.parse(JsonParserCharArray.java:380) ~[groovy-json-3.0.20.jar:3.0.20]
	at org.apache.groovy.json.internal.BaseJsonParser.parse(BaseJsonParser.java:113) ~[groovy-json-3.0.20.jar:3.0.20]
	at groovy.json.JsonSlurper.parseText(JsonSlurper.java:204) ~[groovy-json-3.0.20.jar:3.0.20]
	at groovy.json.JsonSlurper$parseText.call(Unknown Source) ~[?:?]
	at Script5.run(Script5.groovy:1) ~[?:?]
	at org.codehaus.groovy.jsr223.GroovyScriptEngineImpl.eval(GroovyScriptEngineImpl.java:317) ~[groovy-jsr223-3.0.20.jar:3.0.20]
	... 10 more
2026-08-31 17:32:43,777 ERROR o.a.j.a.JSR223Assertion: Problem in JSR223 script: Validate coupon amounts
javax.script.ScriptException: groovy.json.JsonException: Unable to determine the current character, it is not a string, number, array, or object

The current character read is '<' with an int value of 60
Unable to determine the current character, it is not a string, number, array, or object
line number 1
index number 0
<!DOCTYPE html>
^
	at org.codehaus.groovy.jsr223.GroovyScriptEngineImpl.eval(GroovyScriptEngineImpl.java:320) ~[groovy-jsr223-3.0.20.jar:3.0.20]
	at org.codehaus.groovy.jsr223.GroovyCompiledScript.eval(GroovyCompiledScript.java:71) ~[groovy-jsr223-3.0.20.jar:3.0.20]
	at java.scripting/javax.script.CompiledScript.eval(CompiledScript.java:93) ~[java.scripting:?]
	at org.apache.jmeter.util.JSR223TestElement.processFileOrScript(JSR223TestElement.java:230) ~[ApacheJMeter_core.jar:5.6.3]
	at org.apache.jmeter.assertions.JSR223Assertion.getResult(JSR223Assertion.java:50) ~[ApacheJMeter_components.jar:5.6.3]
	at org.apache.jmeter.threads.JMeterThread.processAssertion(JMeterThread.java:949) ~[ApacheJMeter_core.jar:5.6.3]
	at org.apache.jmeter.threads.JMeterThread.checkAssertions(JMeterThread.java:918) ~[ApacheJMeter_core.jar:5.6.3]
	at org.apache.jmeter.threads.JMeterThread.executeSamplePackage(JMeterThread.java:586) ~[ApacheJMeter_core.jar:5.6.3]
	at org.apache.jmeter.threads.JMeterThread.processSampler(JMeterThread.java:501) ~[ApacheJMeter_core.jar:5.6.3]
	at org.apache.jmeter.threads.JMeterThread.run(JMeterThread.java:268) ~[ApacheJMeter_core.jar:5.6.3]
	at java.base/java.lang.Thread.run(Thread.java:1583) [?:?]
Caused by: groovy.json.JsonException: Unable to determine the current character, it is not a string, number, array, or object

The current character read is '<' with an int value of 60
Unable to determine the current character, it is not a string, number, array, or object
line number 1
index number 0
<!DOCTYPE html>
^
	at org.apache.groovy.json.internal.JsonParserCharArray.decodeValueInternal(JsonParserCharArray.java:202) ~[groovy-json-3.0.20.jar:3.0.20]
	at org.apache.groovy.json.internal.JsonParserCharArray.decodeValue(JsonParserCharArray.java:153) ~[groovy-json-3.0.20.jar:3.0.20]
	at org.apache.groovy.json.internal.JsonParserCharArray.decodeFromChars(JsonParserCharArray.java:43) ~[groovy-json-3.0.20.jar:3.0.20]
	at org.apache.groovy.json.internal.JsonParserCharArray.parse(JsonParserCharArray.java:380) ~[groovy-json-3.0.20.jar:3.0.20]
	at org.apache.groovy.json.internal.BaseJsonParser.parse(BaseJsonParser.java:113) ~[groovy-json-3.0.20.jar:3.0.20]
	at groovy.json.JsonSlurper.parseText(JsonSlurper.java:204) ~[groovy-json-3.0.20.jar:3.0.20]
	at groovy.json.JsonSlurper$parseText.call(Unknown Source) ~[?:?]
	at Script5.run(Script5.groovy:1) ~[?:?]
	at org.codehaus.groovy.jsr223.GroovyScriptEngineImpl.eval(GroovyScriptEngineImpl.java:317) ~[groovy-jsr223-3.0.20.jar:3.0.20]
	... 10 more
2026-08-31 17:32:43,900 ERROR o.a.j.a.JSR223Assertion: Problem in JSR223 script: Validate coupon amounts
javax.script.ScriptException: groovy.json.JsonException: Unable to determine the current character, it is not a string, number, array, or object

The current character read is '<' with an int value of 60
Unable to determine the current character, it is not a string, number, array, or object
line number 1
index number 0
<!DOCTYPE html>
^
	at org.codehaus.groovy.jsr223.GroovyScriptEngineImpl.eval(GroovyScriptEngineImpl.java:320) ~[groovy-jsr223-3.0.20.jar:3.0.20]
	at org.codehaus.groovy.jsr223.GroovyCompiledScript.eval(GroovyCompiledScript.java:71) ~[groovy-jsr223-3.0.20.jar:3.0.20]
	at java.scripting/javax.script.CompiledScript.eval(CompiledScript.java:93) ~[java.scripting:?]
	at org.apache.jmeter.util.JSR223TestElement.processFileOrScript(JSR223TestElement.java:230) ~[ApacheJMeter_core.jar:5.6.3]
	at org.apache.jmeter.assertions.JSR223Assertion.getResult(JSR223Assertion.java:50) ~[ApacheJMeter_components.jar:5.6.3]
	at org.apache.jmeter.threads.JMeterThread.processAssertion(JMeterThread.java:949) ~[ApacheJMeter_core.jar:5.6.3]
	at org.apache.jmeter.threads.JMeterThread.checkAssertions(JMeterThread.java:918) ~[ApacheJMeter_core.jar:5.6.3]
	at org.apache.jmeter.threads.JMeterThread.executeSamplePackage(JMeterThread.java:586) ~[ApacheJMeter_core.jar:5.6.3]
	at org.apache.jmeter.threads.JMeterThread.processSampler(JMeterThread.java:501) ~[ApacheJMeter_core.jar:5.6.3]
	at org.apache.jmeter.threads.JMeterThread.run(JMeterThread.java:268) ~[ApacheJMeter_core.jar:5.6.3]
	at java.base/java.lang.Thread.run(Thread.java:1583) [?:?]
Caused by: groovy.json.JsonException: Unable to determine the current character, it is not a string, number, array, or object

The current character read is '<' with an int value of 60
Unable to determine the current character, it is not a string, number, array, or object
line number 1
index number 0
<!DOCTYPE html>
^
	at org.apache.groovy.json.internal.JsonParserCharArray.decodeValueInternal(JsonParserCharArray.java:202) ~[groovy-json-3.0.20.jar:3.0.20]
	at org.apache.groovy.json.internal.JsonParserCharArray.decodeValue(JsonParserCharArray.java:153) ~[groovy-json-3.0.20.jar:3.0.20]
	at org.apache.groovy.json.internal.JsonParserCharArray.decodeFromChars(JsonParserCharArray.java:43) ~[groovy-json-3.0.20.jar:3.0.20]
	at org.apache.groovy.json.internal.JsonParserCharArray.parse(JsonParserCharArray.java:380) ~[groovy-json-3.0.20.jar:3.0.20]
	at org.apache.groovy.json.internal.BaseJsonParser.parse(BaseJsonParser.java:113) ~[groovy-json-3.0.20.jar:3.0.20]
	at groovy.json.JsonSlurper.parseText(JsonSlurper.java:204) ~[groovy-json-3.0.20.jar:3.0.20]
	at groovy.json.JsonSlurper$parseText.call(Unknown Source) ~[?:?]
	at Script5.run(Script5.groovy:1) ~[?:?]
	at org.codehaus.groovy.jsr223.GroovyScriptEngineImpl.eval(GroovyScriptEngineImpl.java:317) ~[groovy-jsr223-3.0.20.jar:3.0.20]
	... 10 more
2026-08-31 17:32:44,545 ERROR o.a.j.a.JSR223Assertion: Problem in JSR223 script: Validate coupon amounts
javax.script.ScriptException: groovy.json.JsonException: Unable to determine the current character, it is not a string, number, array, or object

The current character read is '<' with an int value of 60
Unable to determine the current character, it is not a string, number, array, or object
line number 1
index number 0
<!DOCTYPE html>
^
	at org.codehaus.groovy.jsr223.GroovyScriptEngineImpl.eval(GroovyScriptEngineImpl.java:320) ~[groovy-jsr223-3.0.20.jar:3.0.20]
	at org.codehaus.groovy.jsr223.GroovyCompiledScript.eval(GroovyCompiledScript.java:71) ~[groovy-jsr223-3.0.20.jar:3.0.20]
	at java.scripting/javax.script.CompiledScript.eval(CompiledScript.java:93) ~[java.scripting:?]
	at org.apache.jmeter.util.JSR223TestElement.processFileOrScript(JSR223TestElement.java:230) ~[ApacheJMeter_core.jar:5.6.3]
	at org.apache.jmeter.assertions.JSR223Assertion.getResult(JSR223Assertion.java:50) ~[ApacheJMeter_components.jar:5.6.3]
	at org.apache.jmeter.threads.JMeterThread.processAssertion(JMeterThread.java:949) ~[ApacheJMeter_core.jar:5.6.3]
	at org.apache.jmeter.threads.JMeterThread.checkAssertions(JMeterThread.java:918) ~[ApacheJMeter_core.jar:5.6.3]
	at org.apache.jmeter.threads.JMeterThread.executeSamplePackage(JMeterThread.java:586) ~[ApacheJMeter_core.jar:5.6.3]
	at org.apache.jmeter.threads.JMeterThread.processSampler(JMeterThread.java:501) ~[ApacheJMeter_core.jar:5.6.3]
	at org.apache.jmeter.threads.JMeterThread.run(JMeterThread.java:268) ~[ApacheJMeter_core.jar:5.6.3]
	at java.base/java.lang.Thread.run(Thread.java:1583) [?:?]
Caused by: groovy.json.JsonException: Unable to determine the current character, it is not a string, number, array, or object

The current character read is '<' with an int value of 60
Unable to determine the current character, it is not a string, number, array, or object
line number 1
index number 0
<!DOCTYPE html>
^
	at org.apache.groovy.json.internal.JsonParserCharArray.decodeValueInternal(JsonParserCharArray.java:202) ~[groovy-json-3.0.20.jar:3.0.20]
	at org.apache.groovy.json.internal.JsonParserCharArray.decodeValue(JsonParserCharArray.java:153) ~[groovy-json-3.0.20.jar:3.0.20]
	at org.apache.groovy.json.internal.JsonParserCharArray.decodeFromChars(JsonParserCharArray.java:43) ~[groovy-json-3.0.20.jar:3.0.20]
	at org.apache.groovy.json.internal.JsonParserCharArray.parse(JsonParserCharArray.java:380) ~[groovy-json-3.0.20.jar:3.0.20]
	at org.apache.groovy.json.internal.BaseJsonParser.parse(BaseJsonParser.java:113) ~[groovy-json-3.0.20.jar:3.0.20]
	at groovy.json.JsonSlurper.parseText(JsonSlurper.java:204) ~[groovy-json-3.0.20.jar:3.0.20]
	at groovy.json.JsonSlurper$parseText.call(Unknown Source) ~[?:?]
	at Script5.run(Script5.groovy:1) ~[?:?]
	at org.codehaus.groovy.jsr223.GroovyScriptEngineImpl.eval(GroovyScriptEngineImpl.java:317) ~[groovy-jsr223-3.0.20.jar:3.0.20]
	... 10 more
2026-08-31 17:32:45,141 ERROR o.a.j.a.JSR223Assertion: Problem in JSR223 script: Validate coupon amounts
javax.script.ScriptException: groovy.json.JsonException: Unable to determine the current character, it is not a string, number, array, or object

The current character read is '<' with an int value of 60
Unable to determine the current character, it is not a string, number, array, or object
line number 1
index number 0
<!DOCTYPE html>
^
	at org.codehaus.groovy.jsr223.GroovyScriptEngineImpl.eval(GroovyScriptEngineImpl.java:320) ~[groovy-jsr223-3.0.20.jar:3.0.20]
	at org.codehaus.groovy.jsr223.GroovyCompiledScript.eval(GroovyCompiledScript.java:71) ~[groovy-jsr223-3.0.20.jar:3.0.20]
	at java.scripting/javax.script.CompiledScript.eval(CompiledScript.java:93) ~[java.scripting:?]
	at org.apache.jmeter.util.JSR223TestElement.processFileOrScript(JSR223TestElement.java:230) ~[ApacheJMeter_core.jar:5.6.3]
	at org.apache.jmeter.assertions.JSR223Assertion.getResult(JSR223Assertion.java:50) ~[ApacheJMeter_components.jar:5.6.3]
	at org.apache.jmeter.threads.JMeterThread.processAssertion(JMeterThread.java:949) ~[ApacheJMeter_core.jar:5.6.3]
	at org.apache.jmeter.threads.JMeterThread.checkAssertions(JMeterThread.java:918) ~[ApacheJMeter_core.jar:5.6.3]
	at org.apache.jmeter.threads.JMeterThread.executeSamplePackage(JMeterThread.java:586) ~[ApacheJMeter_core.jar:5.6.3]
	at org.apache.jmeter.threads.JMeterThread.processSampler(JMeterThread.java:501) ~[ApacheJMeter_core.jar:5.6.3]
	at org.apache.jmeter.threads.JMeterThread.run(JMeterThread.java:268) ~[ApacheJMeter_core.jar:5.6.3]
	at java.base/java.lang.Thread.run(Thread.java:1583) [?:?]
Caused by: groovy.json.JsonException: Unable to determine the current character, it is not a string, number, array, or object

The current character read is '<' with an int value of 60
Unable to determine the current character, it is not a string, number, array, or object
line number 1
index number 0
<!DOCTYPE html>
^
	at org.apache.groovy.json.internal.JsonParserCharArray.decodeValueInternal(JsonParserCharArray.java:202) ~[groovy-json-3.0.20.jar:3.0.20]
	at org.apache.groovy.json.internal.JsonParserCharArray.decodeValue(JsonParserCharArray.java:153) ~[groovy-json-3.0.20.jar:3.0.20]
	at org.apache.groovy.json.internal.JsonParserCharArray.decodeFromChars(JsonParserCharArray.java:43) ~[groovy-json-3.0.20.jar:3.0.20]
	at org.apache.groovy.json.internal.JsonParserCharArray.parse(JsonParserCharArray.java:380) ~[groovy-json-3.0.20.jar:3.0.20]
	at org.apache.groovy.json.internal.BaseJsonParser.parse(BaseJsonParser.java:113) ~[groovy-json-3.0.20.jar:3.0.20]
	at groovy.json.JsonSlurper.parseText(JsonSlurper.java:204) ~[groovy-json-3.0.20.jar:3.0.20]
	at groovy.json.JsonSlurper$parseText.call(Unknown Source) ~[?:?]
	at Script5.run(Script5.groovy:1) ~[?:?]
	at org.codehaus.groovy.jsr223.GroovyScriptEngineImpl.eval(GroovyScriptEngineImpl.java:317) ~[groovy-jsr223-3.0.20.jar:3.0.20]
	... 10 more
2026-08-31 17:32:45,384 ERROR o.a.j.a.JSR223Assertion: Problem in JSR223 script: Validate coupon amounts
javax.script.ScriptException: groovy.json.JsonException: Unable to determine the current character, it is not a string, number, array, or object

The current character read is '<' with an int value of 60
Unable to determine the current character, it is not a string, number, array, or object
line number 1
index number 0
<!DOCTYPE html>
^
	at org.codehaus.groovy.jsr223.GroovyScriptEngineImpl.eval(GroovyScriptEngineImpl.java:320) ~[groovy-jsr223-3.0.20.jar:3.0.20]
	at org.codehaus.groovy.jsr223.GroovyCompiledScript.eval(GroovyCompiledScript.java:71) ~[groovy-jsr223-3.0.20.jar:3.0.20]
	at java.scripting/javax.script.CompiledScript.eval(CompiledScript.java:93) ~[java.scripting:?]
	at org.apache.jmeter.util.JSR223TestElement.processFileOrScript(JSR223TestElement.java:230) ~[ApacheJMeter_core.jar:5.6.3]
	at org.apache.jmeter.assertions.JSR223Assertion.getResult(JSR223Assertion.java:50) ~[ApacheJMeter_components.jar:5.6.3]
	at org.apache.jmeter.threads.JMeterThread.processAssertion(JMeterThread.java:949) ~[ApacheJMeter_core.jar:5.6.3]
	at org.apache.jmeter.threads.JMeterThread.checkAssertions(JMeterThread.java:918) ~[ApacheJMeter_core.jar:5.6.3]
	at org.apache.jmeter.threads.JMeterThread.executeSamplePackage(JMeterThread.java:586) ~[ApacheJMeter_core.jar:5.6.3]
	at org.apache.jmeter.threads.JMeterThread.processSampler(JMeterThread.java:501) ~[ApacheJMeter_core.jar:5.6.3]
	at org.apache.jmeter.threads.JMeterThread.run(JMeterThread.java:268) ~[ApacheJMeter_core.jar:5.6.3]
	at java.base/java.lang.Thread.run(Thread.java:1583) [?:?]
Caused by: groovy.json.JsonException: Unable to determine the current character, it is not a string, number, array, or object

The current character read is '<' with an int value of 60
Unable to determine the current character, it is not a string, number, array, or object
line number 1
index number 0
<!DOCTYPE html>
^
	at org.apache.groovy.json.internal.JsonParserCharArray.decodeValueInternal(JsonParserCharArray.java:202) ~[groovy-json-3.0.20.jar:3.0.20]
	at org.apache.groovy.json.internal.JsonParserCharArray.decodeValue(JsonParserCharArray.java:153) ~[groovy-json-3.0.20.jar:3.0.20]
	at org.apache.groovy.json.internal.JsonParserCharArray.decodeFromChars(JsonParserCharArray.java:43) ~[groovy-json-3.0.20.jar:3.0.20]
	at org.apache.groovy.json.internal.JsonParserCharArray.parse(JsonParserCharArray.java:380) ~[groovy-json-3.0.20.jar:3.0.20]
	at org.apache.groovy.json.internal.BaseJsonParser.parse(BaseJsonParser.java:113) ~[groovy-json-3.0.20.jar:3.0.20]
	at groovy.json.JsonSlurper.parseText(JsonSlurper.java:204) ~[groovy-json-3.0.20.jar:3.0.20]
	at groovy.json.JsonSlurper$parseText.call(Unknown Source) ~[?:?]
	at Script5.run(Script5.groovy:1) ~[?:?]
	at org.codehaus.groovy.jsr223.GroovyScriptEngineImpl.eval(GroovyScriptEngineImpl.java:317) ~[groovy-jsr223-3.0.20.jar:3.0.20]
	... 10 more
2026-08-31 17:32:45,509 ERROR o.a.j.a.JSR223Assertion: Problem in JSR223 script: Validate coupon amounts
javax.script.ScriptException: groovy.json.JsonException: Unable to determine the current character, it is not a string, number, array, or object

The current character read is '<' with an int value of 60
Unable to determine the current character, it is not a string, number, array, or object
line number 1
index number 0
<!DOCTYPE html>
^
	at org.codehaus.groovy.jsr223.GroovyScriptEngineImpl.eval(GroovyScriptEngineImpl.java:320) ~[groovy-jsr223-3.0.20.jar:3.0.20]
	at org.codehaus.groovy.jsr223.GroovyCompiledScript.eval(GroovyCompiledScript.java:71) ~[groovy-jsr223-3.0.20.jar:3.0.20]
	at java.scripting/javax.script.CompiledScript.eval(CompiledScript.java:93) ~[java.scripting:?]
	at org.apache.jmeter.util.JSR223TestElement.processFileOrScript(JSR223TestElement.java:230) ~[ApacheJMeter_core.jar:5.6.3]
	at org.apache.jmeter.assertions.JSR223Assertion.getResult(JSR223Assertion.java:50) ~[ApacheJMeter_components.jar:5.6.3]
	at org.apache.jmeter.threads.JMeterThread.processAssertion(JMeterThread.java:949) ~[ApacheJMeter_core.jar:5.6.3]
	at org.apache.jmeter.threads.JMeterThread.checkAssertions(JMeterThread.java:918) ~[ApacheJMeter_core.jar:5.6.3]
	at org.apache.jmeter.threads.JMeterThread.executeSamplePackage(JMeterThread.java:586) ~[ApacheJMeter_core.jar:5.6.3]
	at org.apache.jmeter.threads.JMeterThread.processSampler(JMeterThread.java:501) ~[ApacheJMeter_core.jar:5.6.3]
	at org.apache.jmeter.threads.JMeterThread.run(JMeterThread.java:268) ~[ApacheJMeter_core.jar:5.6.3]
	at java.base/java.lang.Thread.run(Thread.java:1583) [?:?]
Caused by: groovy.json.JsonException: Unable to determine the current character, it is not a string, number, array, or object

The current character read is '<' with an int value of 60
Unable to determine the current character, it is not a string, number, array, or object
line number 1
index number 0
<!DOCTYPE html>
^
	at org.apache.groovy.json.internal.JsonParserCharArray.decodeValueInternal(JsonParserCharArray.java:202) ~[groovy-json-3.0.20.jar:3.0.20]
	at org.apache.groovy.json.internal.JsonParserCharArray.decodeValue(JsonParserCharArray.java:153) ~[groovy-json-3.0.20.jar:3.0.20]
	at org.apache.groovy.json.internal.JsonParserCharArray.decodeFromChars(JsonParserCharArray.java:43) ~[groovy-json-3.0.20.jar:3.0.20]
	at org.apache.groovy.json.internal.JsonParserCharArray.parse(JsonParserCharArray.java:380) ~[groovy-json-3.0.20.jar:3.0.20]
	at org.apache.groovy.json.internal.BaseJsonParser.parse(BaseJsonParser.java:113) ~[groovy-json-3.0.20.jar:3.0.20]
	at groovy.json.JsonSlurper.parseText(JsonSlurper.java:204) ~[groovy-json-3.0.20.jar:3.0.20]
	at groovy.json.JsonSlurper$parseText.call(Unknown Source) ~[?:?]
	at Script5.run(Script5.groovy:1) ~[?:?]
	at org.codehaus.groovy.jsr223.GroovyScriptEngineImpl.eval(GroovyScriptEngineImpl.java:317) ~[groovy-jsr223-3.0.20.jar:3.0.20]
	... 10 more
2026-08-31 17:32:45,886 ERROR o.a.j.a.JSR223Assertion: Problem in JSR223 script: Validate coupon amounts
javax.script.ScriptException: groovy.json.JsonException: Unable to determine the current character, it is not a string, number, array, or object

The current character read is '<' with an int value of 60
Unable to determine the current character, it is not a string, number, array, or object
line number 1
index number 0
<!DOCTYPE html>
^
	at org.codehaus.groovy.jsr223.GroovyScriptEngineImpl.eval(GroovyScriptEngineImpl.java:320) ~[groovy-jsr223-3.0.20.jar:3.0.20]
	at org.codehaus.groovy.jsr223.GroovyCompiledScript.eval(GroovyCompiledScript.java:71) ~[groovy-jsr223-3.0.20.jar:3.0.20]
	at java.scripting/javax.script.CompiledScript.eval(CompiledScript.java:93) ~[java.scripting:?]
	at org.apache.jmeter.util.JSR223TestElement.processFileOrScript(JSR223TestElement.java:230) ~[ApacheJMeter_core.jar:5.6.3]
	at org.apache.jmeter.assertions.JSR223Assertion.getResult(JSR223Assertion.java:50) ~[ApacheJMeter_components.jar:5.6.3]
	at org.apache.jmeter.threads.JMeterThread.processAssertion(JMeterThread.java:949) ~[ApacheJMeter_core.jar:5.6.3]
	at org.apache.jmeter.threads.JMeterThread.checkAssertions(JMeterThread.java:918) ~[ApacheJMeter_core.jar:5.6.3]
	at org.apache.jmeter.threads.JMeterThread.executeSamplePackage(JMeterThread.java:586) ~[ApacheJMeter_core.jar:5.6.3]
	at org.apache.jmeter.threads.JMeterThread.processSampler(JMeterThread.java:501) ~[ApacheJMeter_core.jar:5.6.3]
	at org.apache.jmeter.threads.JMeterThread.run(JMeterThread.java:268) ~[ApacheJMeter_core.jar:5.6.3]
	at java.base/java.lang.Thread.run(Thread.java:1583) [?:?]
Caused by: groovy.json.JsonException: Unable to determine the current character, it is not a string, number, array, or object

The current character read is '<' with an int value of 60
Unable to determine the current character, it is not a string, number, array, or object
line number 1
index number 0
<!DOCTYPE html>
^
	at org.apache.groovy.json.internal.JsonParserCharArray.decodeValueInternal(JsonParserCharArray.java:202) ~[groovy-json-3.0.20.jar:3.0.20]
	at org.apache.groovy.json.internal.JsonParserCharArray.decodeValue(JsonParserCharArray.java:153) ~[groovy-json-3.0.20.jar:3.0.20]
	at org.apache.groovy.json.internal.JsonParserCharArray.decodeFromChars(JsonParserCharArray.java:43) ~[groovy-json-3.0.20.jar:3.0.20]
	at org.apache.groovy.json.internal.JsonParserCharArray.parse(JsonParserCharArray.java:380) ~[groovy-json-3.0.20.jar:3.0.20]
	at org.apache.groovy.json.internal.BaseJsonParser.parse(BaseJsonParser.java:113) ~[groovy-json-3.0.20.jar:3.0.20]
	at groovy.json.JsonSlurper.parseText(JsonSlurper.java:204) ~[groovy-json-3.0.20.jar:3.0.20]
	at groovy.json.JsonSlurper$parseText.call(Unknown Source) ~[?:?]
	at Script5.run(Script5.groovy:1) ~[?:?]
	at org.codehaus.groovy.jsr223.GroovyScriptEngineImpl.eval(GroovyScriptEngineImpl.java:317) ~[groovy-jsr223-3.0.20.jar:3.0.20]
	... 10 more
2026-08-31 17:32:46,046 ERROR o.a.j.a.JSR223Assertion: Problem in JSR223 script: Validate coupon amounts
javax.script.ScriptException: groovy.json.JsonException: Unable to determine the current character, it is not a string, number, array, or object

The current character read is '<' with an int value of 60
Unable to determine the current character, it is not a string, number, array, or object
line number 1
index number 0
<!DOCTYPE html>
^
	at org.codehaus.groovy.jsr223.GroovyScriptEngineImpl.eval(GroovyScriptEngineImpl.java:320) ~[groovy-jsr223-3.0.20.jar:3.0.20]
	at org.codehaus.groovy.jsr223.GroovyCompiledScript.eval(GroovyCompiledScript.java:71) ~[groovy-jsr223-3.0.20.jar:3.0.20]
	at java.scripting/javax.script.CompiledScript.eval(CompiledScript.java:93) ~[java.scripting:?]
	at org.apache.jmeter.util.JSR223TestElement.processFileOrScript(JSR223TestElement.java:230) ~[ApacheJMeter_core.jar:5.6.3]
	at org.apache.jmeter.assertions.JSR223Assertion.getResult(JSR223Assertion.java:50) ~[ApacheJMeter_components.jar:5.6.3]
	at org.apache.jmeter.threads.JMeterThread.processAssertion(JMeterThread.java:949) ~[ApacheJMeter_core.jar:5.6.3]
	at org.apache.jmeter.threads.JMeterThread.checkAssertions(JMeterThread.java:918) ~[ApacheJMeter_core.jar:5.6.3]
	at org.apache.jmeter.threads.JMeterThread.executeSamplePackage(JMeterThread.java:586) ~[ApacheJMeter_core.jar:5.6.3]
	at org.apache.jmeter.threads.JMeterThread.processSampler(JMeterThread.java:501) ~[ApacheJMeter_core.jar:5.6.3]
	at org.apache.jmeter.threads.JMeterThread.run(JMeterThread.java:268) ~[ApacheJMeter_core.jar:5.6.3]
	at java.base/java.lang.Thread.run(Thread.java:1583) [?:?]
Caused by: groovy.json.JsonException: Unable to determine the current character, it is not a string, number, array, or object

The current character read is '<' with an int value of 60
Unable to determine the current character, it is not a string, number, array, or object
line number 1
index number 0
<!DOCTYPE html>
^
	at org.apache.groovy.json.internal.JsonParserCharArray.decodeValueInternal(JsonParserCharArray.java:202) ~[groovy-json-3.0.20.jar:3.0.20]
	at org.apache.groovy.json.internal.JsonParserCharArray.decodeValue(JsonParserCharArray.java:153) ~[groovy-json-3.0.20.jar:3.0.20]
	at org.apache.groovy.json.internal.JsonParserCharArray.decodeFromChars(JsonParserCharArray.java:43) ~[groovy-json-3.0.20.jar:3.0.20]
	at org.apache.groovy.json.internal.JsonParserCharArray.parse(JsonParserCharArray.java:380) ~[groovy-json-3.0.20.jar:3.0.20]
	at org.apache.groovy.json.internal.BaseJsonParser.parse(BaseJsonParser.java:113) ~[groovy-json-3.0.20.jar:3.0.20]
	at groovy.json.JsonSlurper.parseText(JsonSlurper.java:204) ~[groovy-json-3.0.20.jar:3.0.20]
	at groovy.json.JsonSlurper$parseText.call(Unknown Source) ~[?:?]
	at Script5.run(Script5.groovy:1) ~[?:?]
	at org.codehaus.groovy.jsr223.GroovyScriptEngineImpl.eval(GroovyScriptEngineImpl.java:317) ~[groovy-jsr223-3.0.20.jar:3.0.20]
	... 10 more
2026-08-31 17:32:46,659 ERROR o.a.j.a.JSR223Assertion: Problem in JSR223 script: Validate coupon amounts
javax.script.ScriptException: groovy.json.JsonException: Unable to determine the current character, it is not a string, number, array, or object

The current character read is '<' with an int value of 60
Unable to determine the current character, it is not a string, number, array, or object
line number 1
index number 0
<!DOCTYPE html>
^
	at org.codehaus.groovy.jsr223.GroovyScriptEngineImpl.eval(GroovyScriptEngineImpl.java:320) ~[groovy-jsr223-3.0.20.jar:3.0.20]
	at org.codehaus.groovy.jsr223.GroovyCompiledScript.eval(GroovyCompiledScript.java:71) ~[groovy-jsr223-3.0.20.jar:3.0.20]
	at java.scripting/javax.script.CompiledScript.eval(CompiledScript.java:93) ~[java.scripting:?]
	at org.apache.jmeter.util.JSR223TestElement.processFileOrScript(JSR223TestElement.java:230) ~[ApacheJMeter_core.jar:5.6.3]
	at org.apache.jmeter.assertions.JSR223Assertion.getResult(JSR223Assertion.java:50) ~[ApacheJMeter_components.jar:5.6.3]
	at org.apache.jmeter.threads.JMeterThread.processAssertion(JMeterThread.java:949) ~[ApacheJMeter_core.jar:5.6.3]
	at org.apache.jmeter.threads.JMeterThread.checkAssertions(JMeterThread.java:918) ~[ApacheJMeter_core.jar:5.6.3]
	at org.apache.jmeter.threads.JMeterThread.executeSamplePackage(JMeterThread.java:586) ~[ApacheJMeter_core.jar:5.6.3]
	at org.apache.jmeter.threads.JMeterThread.processSampler(JMeterThread.java:501) ~[ApacheJMeter_core.jar:5.6.3]
	at org.apache.jmeter.threads.JMeterThread.run(JMeterThread.java:268) ~[ApacheJMeter_core.jar:5.6.3]
	at java.base/java.lang.Thread.run(Thread.java:1583) [?:?]
Caused by: groovy.json.JsonException: Unable to determine the current character, it is not a string, number, array, or object

The current character read is '<' with an int value of 60
Unable to determine the current character, it is not a string, number, array, or object
line number 1
index number 0
<!DOCTYPE html>
^
	at org.apache.groovy.json.internal.JsonParserCharArray.decodeValueInternal(JsonParserCharArray.java:202) ~[groovy-json-3.0.20.jar:3.0.20]
	at org.apache.groovy.json.internal.JsonParserCharArray.decodeValue(JsonParserCharArray.java:153) ~[groovy-json-3.0.20.jar:3.0.20]
	at org.apache.groovy.json.internal.JsonParserCharArray.decodeFromChars(JsonParserCharArray.java:43) ~[groovy-json-3.0.20.jar:3.0.20]
	at org.apache.groovy.json.internal.JsonParserCharArray.parse(JsonParserCharArray.java:380) ~[groovy-json-3.0.20.jar:3.0.20]
	at org.apache.groovy.json.internal.BaseJsonParser.parse(BaseJsonParser.java:113) ~[groovy-json-3.0.20.jar:3.0.20]
	at groovy.json.JsonSlurper.parseText(JsonSlurper.java:204) ~[groovy-json-3.0.20.jar:3.0.20]
	at groovy.json.JsonSlurper$parseText.call(Unknown Source) ~[?:?]
	at Script5.run(Script5.groovy:1) ~[?:?]
	at org.codehaus.groovy.jsr223.GroovyScriptEngineImpl.eval(GroovyScriptEngineImpl.java:317) ~[groovy-jsr223-3.0.20.jar:3.0.20]
	... 10 more
2026-08-31 17:32:47,398 ERROR o.a.j.a.JSR223Assertion: Problem in JSR223 script: Validate coupon amounts
javax.script.ScriptException: groovy.json.JsonException: Unable to determine the current character, it is not a string, number, array, or object

The current character read is '<' with an int value of 60
Unable to determine the current character, it is not a string, number, array, or object
line number 1
index number 0
<!DOCTYPE html>
^
	at org.codehaus.groovy.jsr223.GroovyScriptEngineImpl.eval(GroovyScriptEngineImpl.java:320) ~[groovy-jsr223-3.0.20.jar:3.0.20]
	at org.codehaus.groovy.jsr223.GroovyCompiledScript.eval(GroovyCompiledScript.java:71) ~[groovy-jsr223-3.0.20.jar:3.0.20]
	at java.scripting/javax.script.CompiledScript.eval(CompiledScript.java:93) ~[java.scripting:?]
	at org.apache.jmeter.util.JSR223TestElement.processFileOrScript(JSR223TestElement.java:230) ~[ApacheJMeter_core.jar:5.6.3]
	at org.apache.jmeter.assertions.JSR223Assertion.getResult(JSR223Assertion.java:50) ~[ApacheJMeter_components.jar:5.6.3]
	at org.apache.jmeter.threads.JMeterThread.processAssertion(JMeterThread.java:949) ~[ApacheJMeter_core.jar:5.6.3]
	at org.apache.jmeter.threads.JMeterThread.checkAssertions(JMeterThread.java:918) ~[ApacheJMeter_core.jar:5.6.3]
	at org.apache.jmeter.threads.JMeterThread.executeSamplePackage(JMeterThread.java:586) ~[ApacheJMeter_core.jar:5.6.3]
	at org.apache.jmeter.threads.JMeterThread.processSampler(JMeterThread.java:501) ~[ApacheJMeter_core.jar:5.6.3]
	at org.apache.jmeter.threads.JMeterThread.run(JMeterThread.java:268) ~[ApacheJMeter_core.jar:5.6.3]
	at java.base/java.lang.Thread.run(Thread.java:1583) [?:?]
Caused by: groovy.json.JsonException: Unable to determine the current character, it is not a string, number, array, or object

The current character read is '<' with an int value of 60
Unable to determine the current character, it is not a string, number, array, or object
line number 1
index number 0
<!DOCTYPE html>
^
	at org.apache.groovy.json.internal.JsonParserCharArray.decodeValueInternal(JsonParserCharArray.java:202) ~[groovy-json-3.0.20.jar:3.0.20]
	at org.apache.groovy.json.internal.JsonParserCharArray.decodeValue(JsonParserCharArray.java:153) ~[groovy-json-3.0.20.jar:3.0.20]
	at org.apache.groovy.json.internal.JsonParserCharArray.decodeFromChars(JsonParserCharArray.java:43) ~[groovy-json-3.0.20.jar:3.0.20]
	at org.apache.groovy.json.internal.JsonParserCharArray.parse(JsonParserCharArray.java:380) ~[groovy-json-3.0.20.jar:3.0.20]
	at org.apache.groovy.json.internal.BaseJsonParser.parse(BaseJsonParser.java:113) ~[groovy-json-3.0.20.jar:3.0.20]
	at groovy.json.JsonSlurper.parseText(JsonSlurper.java:204) ~[groovy-json-3.0.20.jar:3.0.20]
	at groovy.json.JsonSlurper$parseText.call(Unknown Source) ~[?:?]
	at Script5.run(Script5.groovy:1) ~[?:?]
	at org.codehaus.groovy.jsr223.GroovyScriptEngineImpl.eval(GroovyScriptEngineImpl.java:317) ~[groovy-jsr223-3.0.20.jar:3.0.20]
	... 10 more
2026-08-31 17:32:47,456 ERROR o.a.j.a.JSR223Assertion: Problem in JSR223 script: Validate coupon amounts
javax.script.ScriptException: groovy.json.JsonException: Unable to determine the current character, it is not a string, number, array, or object

The current character read is '<' with an int value of 60
Unable to determine the current character, it is not a string, number, array, or object
line number 1
index number 0
<!DOCTYPE html>
^
	at org.codehaus.groovy.jsr223.GroovyScriptEngineImpl.eval(GroovyScriptEngineImpl.java:320) ~[groovy-jsr223-3.0.20.jar:3.0.20]
	at org.codehaus.groovy.jsr223.GroovyCompiledScript.eval(GroovyCompiledScript.java:71) ~[groovy-jsr223-3.0.20.jar:3.0.20]
	at java.scripting/javax.script.CompiledScript.eval(CompiledScript.java:93) ~[java.scripting:?]
	at org.apache.jmeter.util.JSR223TestElement.processFileOrScript(JSR223TestElement.java:230) ~[ApacheJMeter_core.jar:5.6.3]
	at org.apache.jmeter.assertions.JSR223Assertion.getResult(JSR223Assertion.java:50) ~[ApacheJMeter_components.jar:5.6.3]
	at org.apache.jmeter.threads.JMeterThread.processAssertion(JMeterThread.java:949) ~[ApacheJMeter_core.jar:5.6.3]
	at org.apache.jmeter.threads.JMeterThread.checkAssertions(JMeterThread.java:918) ~[ApacheJMeter_core.jar:5.6.3]
	at org.apache.jmeter.threads.JMeterThread.executeSamplePackage(JMeterThread.java:586) ~[ApacheJMeter_core.jar:5.6.3]
	at org.apache.jmeter.threads.JMeterThread.processSampler(JMeterThread.java:501) ~[ApacheJMeter_core.jar:5.6.3]
	at org.apache.jmeter.threads.JMeterThread.run(JMeterThread.java:268) ~[ApacheJMeter_core.jar:5.6.3]
	at java.base/java.lang.Thread.run(Thread.java:1583) [?:?]
Caused by: groovy.json.JsonException: Unable to determine the current character, it is not a string, number, array, or object

The current character read is '<' with an int value of 60
Unable to determine the current character, it is not a string, number, array, or object
line number 1
index number 0
<!DOCTYPE html>
^
	at org.apache.groovy.json.internal.JsonParserCharArray.decodeValueInternal(JsonParserCharArray.java:202) ~[groovy-json-3.0.20.jar:3.0.20]
	at org.apache.groovy.json.internal.JsonParserCharArray.decodeValue(JsonParserCharArray.java:153) ~[groovy-json-3.0.20.jar:3.0.20]
	at org.apache.groovy.json.internal.JsonParserCharArray.decodeFromChars(JsonParserCharArray.java:43) ~[groovy-json-3.0.20.jar:3.0.20]
	at org.apache.groovy.json.internal.JsonParserCharArray.parse(JsonParserCharArray.java:380) ~[groovy-json-3.0.20.jar:3.0.20]
	at org.apache.groovy.json.internal.BaseJsonParser.parse(BaseJsonParser.java:113) ~[groovy-json-3.0.20.jar:3.0.20]
	at groovy.json.JsonSlurper.parseText(JsonSlurper.java:204) ~[groovy-json-3.0.20.jar:3.0.20]
	at groovy.json.JsonSlurper$parseText.call(Unknown Source) ~[?:?]
	at Script5.run(Script5.groovy:1) ~[?:?]
	at org.codehaus.groovy.jsr223.GroovyScriptEngineImpl.eval(GroovyScriptEngineImpl.java:317) ~[groovy-jsr223-3.0.20.jar:3.0.20]
	... 10 more
2026-08-31 17:32:47,568 ERROR o.a.j.a.JSR223Assertion: Problem in JSR223 script: Validate coupon amounts
javax.script.ScriptException: groovy.json.JsonException: Unable to determine the current character, it is not a string, number, array, or object

The current character read is '<' with an int value of 60
Unable to determine the current character, it is not a string, number, array, or object
line number 1
index number 0
<!DOCTYPE html>
^
	at org.codehaus.groovy.jsr223.GroovyScriptEngineImpl.eval(GroovyScriptEngineImpl.java:320) ~[groovy-jsr223-3.0.20.jar:3.0.20]
	at org.codehaus.groovy.jsr223.GroovyCompiledScript.eval(GroovyCompiledScript.java:71) ~[groovy-jsr223-3.0.20.jar:3.0.20]
	at java.scripting/javax.script.CompiledScript.eval(CompiledScript.java:93) ~[java.scripting:?]
	at org.apache.jmeter.util.JSR223TestElement.processFileOrScript(JSR223TestElement.java:230) ~[ApacheJMeter_core.jar:5.6.3]
	at org.apache.jmeter.assertions.JSR223Assertion.getResult(JSR223Assertion.java:50) ~[ApacheJMeter_components.jar:5.6.3]
	at org.apache.jmeter.threads.JMeterThread.processAssertion(JMeterThread.java:949) ~[ApacheJMeter_core.jar:5.6.3]
	at org.apache.jmeter.threads.JMeterThread.checkAssertions(JMeterThread.java:918) ~[ApacheJMeter_core.jar:5.6.3]
	at org.apache.jmeter.threads.JMeterThread.executeSamplePackage(JMeterThread.java:586) ~[ApacheJMeter_core.jar:5.6.3]
	at org.apache.jmeter.threads.JMeterThread.processSampler(JMeterThread.java:501) ~[ApacheJMeter_core.jar:5.6.3]
	at org.apache.jmeter.threads.JMeterThread.run(JMeterThread.java:268) ~[ApacheJMeter_core.jar:5.6.3]
	at java.base/java.lang.Thread.run(Thread.java:1583) [?:?]
Caused by: groovy.json.JsonException: Unable to determine the current character, it is not a string, number, array, or object

The current character read is '<' with an int value of 60
Unable to determine the current character, it is not a string, number, array, or object
line number 1
index number 0
<!DOCTYPE html>
^
	at org.apache.groovy.json.internal.JsonParserCharArray.decodeValueInternal(JsonParserCharArray.java:202) ~[groovy-json-3.0.20.jar:3.0.20]
	at org.apache.groovy.json.internal.JsonParserCharArray.decodeValue(JsonParserCharArray.java:153) ~[groovy-json-3.0.20.jar:3.0.20]
	at org.apache.groovy.json.internal.JsonParserCharArray.decodeFromChars(JsonParserCharArray.java:43) ~[groovy-json-3.0.20.jar:3.0.20]
	at org.apache.groovy.json.internal.JsonParserCharArray.parse(JsonParserCharArray.java:380) ~[groovy-json-3.0.20.jar:3.0.20]
	at org.apache.groovy.json.internal.BaseJsonParser.parse(BaseJsonParser.java:113) ~[groovy-json-3.0.20.jar:3.0.20]
	at groovy.json.JsonSlurper.parseText(JsonSlurper.java:204) ~[groovy-json-3.0.20.jar:3.0.20]
	at groovy.json.JsonSlurper$parseText.call(Unknown Source) ~[?:?]
	at Script5.run(Script5.groovy:1) ~[?:?]
	at org.codehaus.groovy.jsr223.GroovyScriptEngineImpl.eval(GroovyScriptEngineImpl.java:317) ~[groovy-jsr223-3.0.20.jar:3.0.20]
	... 10 more
2026-08-31 17:32:48,015 ERROR o.a.j.a.JSR223Assertion: Problem in JSR223 script: Validate coupon amounts
javax.script.ScriptException: groovy.json.JsonException: Unable to determine the current character, it is not a string, number, array, or object

The current character read is '<' with an int value of 60
Unable to determine the current character, it is not a string, number, array, or object
line number 1
index number 0
<!DOCTYPE html>
^
	at org.codehaus.groovy.jsr223.GroovyScriptEngineImpl.eval(GroovyScriptEngineImpl.java:320) ~[groovy-jsr223-3.0.20.jar:3.0.20]
	at org.codehaus.groovy.jsr223.GroovyCompiledScript.eval(GroovyCompiledScript.java:71) ~[groovy-jsr223-3.0.20.jar:3.0.20]
	at java.scripting/javax.script.CompiledScript.eval(CompiledScript.java:93) ~[java.scripting:?]
	at org.apache.jmeter.util.JSR223TestElement.processFileOrScript(JSR223TestElement.java:230) ~[ApacheJMeter_core.jar:5.6.3]
	at org.apache.jmeter.assertions.JSR223Assertion.getResult(JSR223Assertion.java:50) ~[ApacheJMeter_components.jar:5.6.3]
	at org.apache.jmeter.threads.JMeterThread.processAssertion(JMeterThread.java:949) ~[ApacheJMeter_core.jar:5.6.3]
	at org.apache.jmeter.threads.JMeterThread.checkAssertions(JMeterThread.java:918) ~[ApacheJMeter_core.jar:5.6.3]
	at org.apache.jmeter.threads.JMeterThread.executeSamplePackage(JMeterThread.java:586) ~[ApacheJMeter_core.jar:5.6.3]
	at org.apache.jmeter.threads.JMeterThread.processSampler(JMeterThread.java:501) ~[ApacheJMeter_core.jar:5.6.3]
	at org.apache.jmeter.threads.JMeterThread.run(JMeterThread.java:268) ~[ApacheJMeter_core.jar:5.6.3]
	at java.base/java.lang.Thread.run(Thread.java:1583) [?:?]
Caused by: groovy.json.JsonException: Unable to determine the current character, it is not a string, number, array, or object

The current character read is '<' with an int value of 60
Unable to determine the current character, it is not a string, number, array, or object
line number 1
index number 0
<!DOCTYPE html>
^
	at org.apache.groovy.json.internal.JsonParserCharArray.decodeValueInternal(JsonParserCharArray.java:202) ~[groovy-json-3.0.20.jar:3.0.20]
	at org.apache.groovy.json.internal.JsonParserCharArray.decodeValue(JsonParserCharArray.java:153) ~[groovy-json-3.0.20.jar:3.0.20]
	at org.apache.groovy.json.internal.JsonParserCharArray.decodeFromChars(JsonParserCharArray.java:43) ~[groovy-json-3.0.20.jar:3.0.20]
	at org.apache.groovy.json.internal.JsonParserCharArray.parse(JsonParserCharArray.java:380) ~[groovy-json-3.0.20.jar:3.0.20]
	at org.apache.groovy.json.internal.BaseJsonParser.parse(BaseJsonParser.java:113) ~[groovy-json-3.0.20.jar:3.0.20]
	at groovy.json.JsonSlurper.parseText(JsonSlurper.java:204) ~[groovy-json-3.0.20.jar:3.0.20]
	at groovy.json.JsonSlurper$parseText.call(Unknown Source) ~[?:?]
	at Script5.run(Script5.groovy:1) ~[?:?]
	at org.codehaus.groovy.jsr223.GroovyScriptEngineImpl.eval(GroovyScriptEngineImpl.java:317) ~[groovy-jsr223-3.0.20.jar:3.0.20]
	... 10 more
2026-08-31 17:32:48,191 ERROR o.a.j.a.JSR223Assertion: Problem in JSR223 script: Validate coupon amounts
javax.script.ScriptException: groovy.json.JsonException: Unable to determine the current character, it is not a string, number, array, or object

The current character read is '<' with an int value of 60
Unable to determine the current character, it is not a string, number, array, or object
line number 1
index number 0
<!DOCTYPE html>
^
	at org.codehaus.groovy.jsr223.GroovyScriptEngineImpl.eval(GroovyScriptEngineImpl.java:320) ~[groovy-jsr223-3.0.20.jar:3.0.20]
	at org.codehaus.groovy.jsr223.GroovyCompiledScript.eval(GroovyCompiledScript.java:71) ~[groovy-jsr223-3.0.20.jar:3.0.20]
	at java.scripting/javax.script.CompiledScript.eval(CompiledScript.java:93) ~[java.scripting:?]
	at org.apache.jmeter.util.JSR223TestElement.processFileOrScript(JSR223TestElement.java:230) ~[ApacheJMeter_core.jar:5.6.3]
	at org.apache.jmeter.assertions.JSR223Assertion.getResult(JSR223Assertion.java:50) ~[ApacheJMeter_components.jar:5.6.3]
	at org.apache.jmeter.threads.JMeterThread.processAssertion(JMeterThread.java:949) ~[ApacheJMeter_core.jar:5.6.3]
	at org.apache.jmeter.threads.JMeterThread.checkAssertions(JMeterThread.java:918) ~[ApacheJMeter_core.jar:5.6.3]
	at org.apache.jmeter.threads.JMeterThread.executeSamplePackage(JMeterThread.java:586) ~[ApacheJMeter_core.jar:5.6.3]
	at org.apache.jmeter.threads.JMeterThread.processSampler(JMeterThread.java:501) ~[ApacheJMeter_core.jar:5.6.3]
	at org.apache.jmeter.threads.JMeterThread.run(JMeterThread.java:268) ~[ApacheJMeter_core.jar:5.6.3]
	at java.base/java.lang.Thread.run(Thread.java:1583) [?:?]
Caused by: groovy.json.JsonException: Unable to determine the current character, it is not a string, number, array, or object

The current character read is '<' with an int value of 60
Unable to determine the current character, it is not a string, number, array, or object
line number 1
index number 0
<!DOCTYPE html>
^
	at org.apache.groovy.json.internal.JsonParserCharArray.decodeValueInternal(JsonParserCharArray.java:202) ~[groovy-json-3.0.20.jar:3.0.20]
	at org.apache.groovy.json.internal.JsonParserCharArray.decodeValue(JsonParserCharArray.java:153) ~[groovy-json-3.0.20.jar:3.0.20]
	at org.apache.groovy.json.internal.JsonParserCharArray.decodeFromChars(JsonParserCharArray.java:43) ~[groovy-json-3.0.20.jar:3.0.20]
	at org.apache.groovy.json.internal.JsonParserCharArray.parse(JsonParserCharArray.java:380) ~[groovy-json-3.0.20.jar:3.0.20]
	at org.apache.groovy.json.internal.BaseJsonParser.parse(BaseJsonParser.java:113) ~[groovy-json-3.0.20.jar:3.0.20]
	at groovy.json.JsonSlurper.parseText(JsonSlurper.java:204) ~[groovy-json-3.0.20.jar:3.0.20]
	at groovy.json.JsonSlurper$parseText.call(Unknown Source) ~[?:?]
	at Script5.run(Script5.groovy:1) ~[?:?]
	at org.codehaus.groovy.jsr223.GroovyScriptEngineImpl.eval(GroovyScriptEngineImpl.java:317) ~[groovy-jsr223-3.0.20.jar:3.0.20]
	... 10 more
2026-08-31 17:32:48,796 ERROR o.a.j.a.JSR223Assertion: Problem in JSR223 script: Validate coupon amounts
javax.script.ScriptException: groovy.json.JsonException: Unable to determine the current character, it is not a string, number, array, or object

The current character read is '<' with an int value of 60
Unable to determine the current character, it is not a string, number, array, or object
line number 1
index number 0
<!DOCTYPE html>
^
	at org.codehaus.groovy.jsr223.GroovyScriptEngineImpl.eval(GroovyScriptEngineImpl.java:320) ~[groovy-jsr223-3.0.20.jar:3.0.20]
	at org.codehaus.groovy.jsr223.GroovyCompiledScript.eval(GroovyCompiledScript.java:71) ~[groovy-jsr223-3.0.20.jar:3.0.20]
	at java.scripting/javax.script.CompiledScript.eval(CompiledScript.java:93) ~[java.scripting:?]
	at org.apache.jmeter.util.JSR223TestElement.processFileOrScript(JSR223TestElement.java:230) ~[ApacheJMeter_core.jar:5.6.3]
	at org.apache.jmeter.assertions.JSR223Assertion.getResult(JSR223Assertion.java:50) ~[ApacheJMeter_components.jar:5.6.3]
	at org.apache.jmeter.threads.JMeterThread.processAssertion(JMeterThread.java:949) ~[ApacheJMeter_core.jar:5.6.3]
	at org.apache.jmeter.threads.JMeterThread.checkAssertions(JMeterThread.java:918) ~[ApacheJMeter_core.jar:5.6.3]
	at org.apache.jmeter.threads.JMeterThread.executeSamplePackage(JMeterThread.java:586) ~[ApacheJMeter_core.jar:5.6.3]
	at org.apache.jmeter.threads.JMeterThread.processSampler(JMeterThread.java:501) ~[ApacheJMeter_core.jar:5.6.3]
	at org.apache.jmeter.threads.JMeterThread.run(JMeterThread.java:268) ~[ApacheJMeter_core.jar:5.6.3]
	at java.base/java.lang.Thread.run(Thread.java:1583) [?:?]
Caused by: groovy.json.JsonException: Unable to determine the current character, it is not a string, number, array, or object

The current character read is '<' with an int value of 60
Unable to determine the current character, it is not a string, number, array, or object
line number 1
index number 0
<!DOCTYPE html>
^
	at org.apache.groovy.json.internal.JsonParserCharArray.decodeValueInternal(JsonParserCharArray.java:202) ~[groovy-json-3.0.20.jar:3.0.20]
	at org.apache.groovy.json.internal.JsonParserCharArray.decodeValue(JsonParserCharArray.java:153) ~[groovy-json-3.0.20.jar:3.0.20]
	at org.apache.groovy.json.internal.JsonParserCharArray.decodeFromChars(JsonParserCharArray.java:43) ~[groovy-json-3.0.20.jar:3.0.20]
	at org.apache.groovy.json.internal.JsonParserCharArray.parse(JsonParserCharArray.java:380) ~[groovy-json-3.0.20.jar:3.0.20]
	at org.apache.groovy.json.internal.BaseJsonParser.parse(BaseJsonParser.java:113) ~[groovy-json-3.0.20.jar:3.0.20]
	at groovy.json.JsonSlurper.parseText(JsonSlurper.java:204) ~[groovy-json-3.0.20.jar:3.0.20]
	at groovy.json.JsonSlurper$parseText.call(Unknown Source) ~[?:?]
	at Script5.run(Script5.groovy:1) ~[?:?]
	at org.codehaus.groovy.jsr223.GroovyScriptEngineImpl.eval(GroovyScriptEngineImpl.java:317) ~[groovy-jsr223-3.0.20.jar:3.0.20]
	... 10 more
2026-08-31 17:32:49,429 ERROR o.a.j.a.JSR223Assertion: Problem in JSR223 script: Validate coupon amounts
javax.script.ScriptException: groovy.json.JsonException: Unable to determine the current character, it is not a string, number, array, or object

The current character read is '<' with an int value of 60
Unable to determine the current character, it is not a string, number, array, or object
line number 1
index number 0
<!DOCTYPE html>
^
	at org.codehaus.groovy.jsr223.GroovyScriptEngineImpl.eval(GroovyScriptEngineImpl.java:320) ~[groovy-jsr223-3.0.20.jar:3.0.20]
	at org.codehaus.groovy.jsr223.GroovyCompiledScript.eval(GroovyCompiledScript.java:71) ~[groovy-jsr223-3.0.20.jar:3.0.20]
	at java.scripting/javax.script.CompiledScript.eval(CompiledScript.java:93) ~[java.scripting:?]
	at org.apache.jmeter.util.JSR223TestElement.processFileOrScript(JSR223TestElement.java:230) ~[ApacheJMeter_core.jar:5.6.3]
	at org.apache.jmeter.assertions.JSR223Assertion.getResult(JSR223Assertion.java:50) ~[ApacheJMeter_components.jar:5.6.3]
	at org.apache.jmeter.threads.JMeterThread.processAssertion(JMeterThread.java:949) ~[ApacheJMeter_core.jar:5.6.3]
	at org.apache.jmeter.threads.JMeterThread.checkAssertions(JMeterThread.java:918) ~[ApacheJMeter_core.jar:5.6.3]
	at org.apache.jmeter.threads.JMeterThread.executeSamplePackage(JMeterThread.java:586) ~[ApacheJMeter_core.jar:5.6.3]
	at org.apache.jmeter.threads.JMeterThread.processSampler(JMeterThread.java:501) ~[ApacheJMeter_core.jar:5.6.3]
	at org.apache.jmeter.threads.JMeterThread.run(JMeterThread.java:268) ~[ApacheJMeter_core.jar:5.6.3]
	at java.base/java.lang.Thread.run(Thread.java:1583) [?:?]
Caused by: groovy.json.JsonException: Unable to determine the current character, it is not a string, number, array, or object

The current character read is '<' with an int value of 60
Unable to determine the current character, it is not a string, number, array, or object
line number 1
index number 0
<!DOCTYPE html>
^
	at org.apache.groovy.json.internal.JsonParserCharArray.decodeValueInternal(JsonParserCharArray.java:202) ~[groovy-json-3.0.20.jar:3.0.20]
	at org.apache.groovy.json.internal.JsonParserCharArray.decodeValue(JsonParserCharArray.java:153) ~[groovy-json-3.0.20.jar:3.0.20]
	at org.apache.groovy.json.internal.JsonParserCharArray.decodeFromChars(JsonParserCharArray.java:43) ~[groovy-json-3.0.20.jar:3.0.20]
	at org.apache.groovy.json.internal.JsonParserCharArray.parse(JsonParserCharArray.java:380) ~[groovy-json-3.0.20.jar:3.0.20]
	at org.apache.groovy.json.internal.BaseJsonParser.parse(BaseJsonParser.java:113) ~[groovy-json-3.0.20.jar:3.0.20]
	at groovy.json.JsonSlurper.parseText(JsonSlurper.java:204) ~[groovy-json-3.0.20.jar:3.0.20]
	at groovy.json.JsonSlurper$parseText.call(Unknown Source) ~[?:?]
	at Script5.run(Script5.groovy:1) ~[?:?]
	at org.codehaus.groovy.jsr223.GroovyScriptEngineImpl.eval(GroovyScriptEngineImpl.java:317) ~[groovy-jsr223-3.0.20.jar:3.0.20]
	... 10 more
2026-08-31 17:32:49,587 ERROR o.a.j.a.JSR223Assertion: Problem in JSR223 script: Validate coupon amounts
javax.script.ScriptException: groovy.json.JsonException: Unable to determine the current character, it is not a string, number, array, or object

The current character read is '<' with an int value of 60
Unable to determine the current character, it is not a string, number, array, or object
line number 1
index number 0
<!DOCTYPE html>
^
	at org.codehaus.groovy.jsr223.GroovyScriptEngineImpl.eval(GroovyScriptEngineImpl.java:320) ~[groovy-jsr223-3.0.20.jar:3.0.20]
	at org.codehaus.groovy.jsr223.GroovyCompiledScript.eval(GroovyCompiledScript.java:71) ~[groovy-jsr223-3.0.20.jar:3.0.20]
	at java.scripting/javax.script.CompiledScript.eval(CompiledScript.java:93) ~[java.scripting:?]
	at org.apache.jmeter.util.JSR223TestElement.processFileOrScript(JSR223TestElement.java:230) ~[ApacheJMeter_core.jar:5.6.3]
	at org.apache.jmeter.assertions.JSR223Assertion.getResult(JSR223Assertion.java:50) ~[ApacheJMeter_components.jar:5.6.3]
	at org.apache.jmeter.threads.JMeterThread.processAssertion(JMeterThread.java:949) ~[ApacheJMeter_core.jar:5.6.3]
	at org.apache.jmeter.threads.JMeterThread.checkAssertions(JMeterThread.java:918) ~[ApacheJMeter_core.jar:5.6.3]
	at org.apache.jmeter.threads.JMeterThread.executeSamplePackage(JMeterThread.java:586) ~[ApacheJMeter_core.jar:5.6.3]
	at org.apache.jmeter.threads.JMeterThread.processSampler(JMeterThread.java:501) ~[ApacheJMeter_core.jar:5.6.3]
	at org.apache.jmeter.threads.JMeterThread.run(JMeterThread.java:268) ~[ApacheJMeter_core.jar:5.6.3]
	at java.base/java.lang.Thread.run(Thread.java:1583) [?:?]
Caused by: groovy.json.JsonException: Unable to determine the current character, it is not a string, number, array, or object

The current character read is '<' with an int value of 60
Unable to determine the current character, it is not a string, number, array, or object
line number 1
index number 0
<!DOCTYPE html>
^
	at org.apache.groovy.json.internal.JsonParserCharArray.decodeValueInternal(JsonParserCharArray.java:202) ~[groovy-json-3.0.20.jar:3.0.20]
	at org.apache.groovy.json.internal.JsonParserCharArray.decodeValue(JsonParserCharArray.java:153) ~[groovy-json-3.0.20.jar:3.0.20]
	at org.apache.groovy.json.internal.JsonParserCharArray.decodeFromChars(JsonParserCharArray.java:43) ~[groovy-json-3.0.20.jar:3.0.20]
	at org.apache.groovy.json.internal.JsonParserCharArray.parse(JsonParserCharArray.java:380) ~[groovy-json-3.0.20.jar:3.0.20]
	at org.apache.groovy.json.internal.BaseJsonParser.parse(BaseJsonParser.java:113) ~[groovy-json-3.0.20.jar:3.0.20]
	at groovy.json.JsonSlurper.parseText(JsonSlurper.java:204) ~[groovy-json-3.0.20.jar:3.0.20]
	at groovy.json.JsonSlurper$parseText.call(Unknown Source) ~[?:?]
	at Script5.run(Script5.groovy:1) ~[?:?]
	at org.codehaus.groovy.jsr223.GroovyScriptEngineImpl.eval(GroovyScriptEngineImpl.java:317) ~[groovy-jsr223-3.0.20.jar:3.0.20]
	... 10 more
2026-08-31 17:32:49,632 ERROR o.a.j.a.JSR223Assertion: Problem in JSR223 script: Validate coupon amounts
javax.script.ScriptException: groovy.json.JsonException: Unable to determine the current character, it is not a string, number, array, or object

The current character read is '<' with an int value of 60
Unable to determine the current character, it is not a string, number, array, or object
line number 1
index number 0
<!DOCTYPE html>
^
	at org.codehaus.groovy.jsr223.GroovyScriptEngineImpl.eval(GroovyScriptEngineImpl.java:320) ~[groovy-jsr223-3.0.20.jar:3.0.20]
	at org.codehaus.groovy.jsr223.GroovyCompiledScript.eval(GroovyCompiledScript.java:71) ~[groovy-jsr223-3.0.20.jar:3.0.20]
	at java.scripting/javax.script.CompiledScript.eval(CompiledScript.java:93) ~[java.scripting:?]
	at org.apache.jmeter.util.JSR223TestElement.processFileOrScript(JSR223TestElement.java:230) ~[ApacheJMeter_core.jar:5.6.3]
	at org.apache.jmeter.assertions.JSR223Assertion.getResult(JSR223Assertion.java:50) ~[ApacheJMeter_components.jar:5.6.3]
	at org.apache.jmeter.threads.JMeterThread.processAssertion(JMeterThread.java:949) ~[ApacheJMeter_core.jar:5.6.3]
	at org.apache.jmeter.threads.JMeterThread.checkAssertions(JMeterThread.java:918) ~[ApacheJMeter_core.jar:5.6.3]
	at org.apache.jmeter.threads.JMeterThread.executeSamplePackage(JMeterThread.java:586) ~[ApacheJMeter_core.jar:5.6.3]
	at org.apache.jmeter.threads.JMeterThread.processSampler(JMeterThread.java:501) ~[ApacheJMeter_core.jar:5.6.3]
	at org.apache.jmeter.threads.JMeterThread.run(JMeterThread.java:268) ~[ApacheJMeter_core.jar:5.6.3]
	at java.base/java.lang.Thread.run(Thread.java:1583) [?:?]
Caused by: groovy.json.JsonException: Unable to determine the current character, it is not a string, number, array, or object

The current character read is '<' with an int value of 60
Unable to determine the current character, it is not a string, number, array, or object
line number 1
index number 0
<!DOCTYPE html>
^
	at org.apache.groovy.json.internal.JsonParserCharArray.decodeValueInternal(JsonParserCharArray.java:202) ~[groovy-json-3.0.20.jar:3.0.20]
	at org.apache.groovy.json.internal.JsonParserCharArray.decodeValue(JsonParserCharArray.java:153) ~[groovy-json-3.0.20.jar:3.0.20]
	at org.apache.groovy.json.internal.JsonParserCharArray.decodeFromChars(JsonParserCharArray.java:43) ~[groovy-json-3.0.20.jar:3.0.20]
	at org.apache.groovy.json.internal.JsonParserCharArray.parse(JsonParserCharArray.java:380) ~[groovy-json-3.0.20.jar:3.0.20]
	at org.apache.groovy.json.internal.BaseJsonParser.parse(BaseJsonParser.java:113) ~[groovy-json-3.0.20.jar:3.0.20]
	at groovy.json.JsonSlurper.parseText(JsonSlurper.java:204) ~[groovy-json-3.0.20.jar:3.0.20]
	at groovy.json.JsonSlurper$parseText.call(Unknown Source) ~[?:?]
	at Script5.run(Script5.groovy:1) ~[?:?]
	at org.codehaus.groovy.jsr223.GroovyScriptEngineImpl.eval(GroovyScriptEngineImpl.java:317) ~[groovy-jsr223-3.0.20.jar:3.0.20]
	... 10 more
2026-08-31 17:32:49,713 ERROR o.a.j.a.JSR223Assertion: Problem in JSR223 script: Validate coupon amounts
javax.script.ScriptException: groovy.json.JsonException: Unable to determine the current character, it is not a string, number, array, or object

The current character read is '<' with an int value of 60
Unable to determine the current character, it is not a string, number, array, or object
line number 1
index number 0
<!DOCTYPE html>
^
	at org.codehaus.groovy.jsr223.GroovyScriptEngineImpl.eval(GroovyScriptEngineImpl.java:320) ~[groovy-jsr223-3.0.20.jar:3.0.20]
	at org.codehaus.groovy.jsr223.GroovyCompiledScript.eval(GroovyCompiledScript.java:71) ~[groovy-jsr223-3.0.20.jar:3.0.20]
	at java.scripting/javax.script.CompiledScript.eval(CompiledScript.java:93) ~[java.scripting:?]
	at org.apache.jmeter.util.JSR223TestElement.processFileOrScript(JSR223TestElement.java:230) ~[ApacheJMeter_core.jar:5.6.3]
	at org.apache.jmeter.assertions.JSR223Assertion.getResult(JSR223Assertion.java:50) ~[ApacheJMeter_components.jar:5.6.3]
	at org.apache.jmeter.threads.JMeterThread.processAssertion(JMeterThread.java:949) ~[ApacheJMeter_core.jar:5.6.3]
	at org.apache.jmeter.threads.JMeterThread.checkAssertions(JMeterThread.java:918) ~[ApacheJMeter_core.jar:5.6.3]
	at org.apache.jmeter.threads.JMeterThread.executeSamplePackage(JMeterThread.java:586) ~[ApacheJMeter_core.jar:5.6.3]
	at org.apache.jmeter.threads.JMeterThread.processSampler(JMeterThread.java:501) ~[ApacheJMeter_core.jar:5.6.3]
	at org.apache.jmeter.threads.JMeterThread.run(JMeterThread.java:268) ~[ApacheJMeter_core.jar:5.6.3]
	at java.base/java.lang.Thread.run(Thread.java:1583) [?:?]
Caused by: groovy.json.JsonException: Unable to determine the current character, it is not a string, number, array, or object

The current character read is '<' with an int value of 60
Unable to determine the current character, it is not a string, number, array, or object
line number 1
index number 0
<!DOCTYPE html>
^
	at org.apache.groovy.json.internal.JsonParserCharArray.decodeValueInternal(JsonParserCharArray.java:202) ~[groovy-json-3.0.20.jar:3.0.20]
	at org.apache.groovy.json.internal.JsonParserCharArray.decodeValue(JsonParserCharArray.java:153) ~[groovy-json-3.0.20.jar:3.0.20]
	at org.apache.groovy.json.internal.JsonParserCharArray.decodeFromChars(JsonParserCharArray.java:43) ~[groovy-json-3.0.20.jar:3.0.20]
	at org.apache.groovy.json.internal.JsonParserCharArray.parse(JsonParserCharArray.java:380) ~[groovy-json-3.0.20.jar:3.0.20]
	at org.apache.groovy.json.internal.BaseJsonParser.parse(BaseJsonParser.java:113) ~[groovy-json-3.0.20.jar:3.0.20]
	at groovy.json.JsonSlurper.parseText(JsonSlurper.java:204) ~[groovy-json-3.0.20.jar:3.0.20]
	at groovy.json.JsonSlurper$parseText.call(Unknown Source) ~[?:?]
	at Script5.run(Script5.groovy:1) ~[?:?]
	at org.codehaus.groovy.jsr223.GroovyScriptEngineImpl.eval(GroovyScriptEngineImpl.java:317) ~[groovy-jsr223-3.0.20.jar:3.0.20]
	... 10 more
2026-08-31 17:32:50,527 ERROR o.a.j.a.JSR223Assertion: Problem in JSR223 script: Validate coupon amounts
javax.script.ScriptException: groovy.json.JsonException: Unable to determine the current character, it is not a string, number, array, or object

The current character read is '<' with an int value of 60
Unable to determine the current character, it is not a string, number, array, or object
line number 1
index number 0
<!DOCTYPE html>
^
	at org.codehaus.groovy.jsr223.GroovyScriptEngineImpl.eval(GroovyScriptEngineImpl.java:320) ~[groovy-jsr223-3.0.20.jar:3.0.20]
	at org.codehaus.groovy.jsr223.GroovyCompiledScript.eval(GroovyCompiledScript.java:71) ~[groovy-jsr223-3.0.20.jar:3.0.20]
	at java.scripting/javax.script.CompiledScript.eval(CompiledScript.java:93) ~[java.scripting:?]
	at org.apache.jmeter.util.JSR223TestElement.processFileOrScript(JSR223TestElement.java:230) ~[ApacheJMeter_core.jar:5.6.3]
	at org.apache.jmeter.assertions.JSR223Assertion.getResult(JSR223Assertion.java:50) ~[ApacheJMeter_components.jar:5.6.3]
	at org.apache.jmeter.threads.JMeterThread.processAssertion(JMeterThread.java:949) ~[ApacheJMeter_core.jar:5.6.3]
	at org.apache.jmeter.threads.JMeterThread.checkAssertions(JMeterThread.java:918) ~[ApacheJMeter_core.jar:5.6.3]
	at org.apache.jmeter.threads.JMeterThread.executeSamplePackage(JMeterThread.java:586) ~[ApacheJMeter_core.jar:5.6.3]
	at org.apache.jmeter.threads.JMeterThread.processSampler(JMeterThread.java:501) ~[ApacheJMeter_core.jar:5.6.3]
	at org.apache.jmeter.threads.JMeterThread.run(JMeterThread.java:268) ~[ApacheJMeter_core.jar:5.6.3]
	at java.base/java.lang.Thread.run(Thread.java:1583) [?:?]
Caused by: groovy.json.JsonException: Unable to determine the current character, it is not a string, number, array, or object

The current character read is '<' with an int value of 60
Unable to determine the current character, it is not a string, number, array, or object
line number 1
index number 0
<!DOCTYPE html>
^
	at org.apache.groovy.json.internal.JsonParserCharArray.decodeValueInternal(JsonParserCharArray.java:202) ~[groovy-json-3.0.20.jar:3.0.20]
	at org.apache.groovy.json.internal.JsonParserCharArray.decodeValue(JsonParserCharArray.java:153) ~[groovy-json-3.0.20.jar:3.0.20]
	at org.apache.groovy.json.internal.JsonParserCharArray.decodeFromChars(JsonParserCharArray.java:43) ~[groovy-json-3.0.20.jar:3.0.20]
	at org.apache.groovy.json.internal.JsonParserCharArray.parse(JsonParserCharArray.java:380) ~[groovy-json-3.0.20.jar:3.0.20]
	at org.apache.groovy.json.internal.BaseJsonParser.parse(BaseJsonParser.java:113) ~[groovy-json-3.0.20.jar:3.0.20]
	at groovy.json.JsonSlurper.parseText(JsonSlurper.java:204) ~[groovy-json-3.0.20.jar:3.0.20]
	at groovy.json.JsonSlurper$parseText.call(Unknown Source) ~[?:?]
	at Script5.run(Script5.groovy:1) ~[?:?]
	at org.codehaus.groovy.jsr223.GroovyScriptEngineImpl.eval(GroovyScriptEngineImpl.java:317) ~[groovy-jsr223-3.0.20.jar:3.0.20]
	... 10 more
2026-08-31 17:32:50,911 ERROR o.a.j.a.JSR223Assertion: Problem in JSR223 script: Validate coupon amounts
javax.script.ScriptException: groovy.json.JsonException: Unable to determine the current character, it is not a string, number, array, or object

The current character read is '<' with an int value of 60
Unable to determine the current character, it is not a string, number, array, or object
line number 1
index number 0
<!DOCTYPE html>
^
	at org.codehaus.groovy.jsr223.GroovyScriptEngineImpl.eval(GroovyScriptEngineImpl.java:320) ~[groovy-jsr223-3.0.20.jar:3.0.20]
	at org.codehaus.groovy.jsr223.GroovyCompiledScript.eval(GroovyCompiledScript.java:71) ~[groovy-jsr223-3.0.20.jar:3.0.20]
	at java.scripting/javax.script.CompiledScript.eval(CompiledScript.java:93) ~[java.scripting:?]
	at org.apache.jmeter.util.JSR223TestElement.processFileOrScript(JSR223TestElement.java:230) ~[ApacheJMeter_core.jar:5.6.3]
	at org.apache.jmeter.assertions.JSR223Assertion.getResult(JSR223Assertion.java:50) ~[ApacheJMeter_components.jar:5.6.3]
	at org.apache.jmeter.threads.JMeterThread.processAssertion(JMeterThread.java:949) ~[ApacheJMeter_core.jar:5.6.3]
	at org.apache.jmeter.threads.JMeterThread.checkAssertions(JMeterThread.java:918) ~[ApacheJMeter_core.jar:5.6.3]
	at org.apache.jmeter.threads.JMeterThread.executeSamplePackage(JMeterThread.java:586) ~[ApacheJMeter_core.jar:5.6.3]
	at org.apache.jmeter.threads.JMeterThread.processSampler(JMeterThread.java:501) ~[ApacheJMeter_core.jar:5.6.3]
	at org.apache.jmeter.threads.JMeterThread.run(JMeterThread.java:268) ~[ApacheJMeter_core.jar:5.6.3]
	at java.base/java.lang.Thread.run(Thread.java:1583) [?:?]
Caused by: groovy.json.JsonException: Unable to determine the current character, it is not a string, number, array, or object

The current character read is '<' with an int value of 60
Unable to determine the current character, it is not a string, number, array, or object
line number 1
index number 0
<!DOCTYPE html>
^
	at org.apache.groovy.json.internal.JsonParserCharArray.decodeValueInternal(JsonParserCharArray.java:202) ~[groovy-json-3.0.20.jar:3.0.20]
	at org.apache.groovy.json.internal.JsonParserCharArray.decodeValue(JsonParserCharArray.java:153) ~[groovy-json-3.0.20.jar:3.0.20]
	at org.apache.groovy.json.internal.JsonParserCharArray.decodeFromChars(JsonParserCharArray.java:43) ~[groovy-json-3.0.20.jar:3.0.20]
	at org.apache.groovy.json.internal.JsonParserCharArray.parse(JsonParserCharArray.java:380) ~[groovy-json-3.0.20.jar:3.0.20]
	at org.apache.groovy.json.internal.BaseJsonParser.parse(BaseJsonParser.java:113) ~[groovy-json-3.0.20.jar:3.0.20]
	at groovy.json.JsonSlurper.parseText(JsonSlurper.java:204) ~[groovy-json-3.0.20.jar:3.0.20]
	at groovy.json.JsonSlurper$parseText.call(Unknown Source) ~[?:?]
	at Script5.run(Script5.groovy:1) ~[?:?]
	at org.codehaus.groovy.jsr223.GroovyScriptEngineImpl.eval(GroovyScriptEngineImpl.java:317) ~[groovy-jsr223-3.0.20.jar:3.0.20]
	... 10 more
2026-08-31 17:32:51,630 ERROR o.a.j.a.JSR223Assertion: Problem in JSR223 script: Validate coupon amounts
javax.script.ScriptException: groovy.json.JsonException: Unable to determine the current character, it is not a string, number, array, or object

The current character read is '<' with an int value of 60
Unable to determine the current character, it is not a string, number, array, or object
line number 1
index number 0
<!DOCTYPE html>
^
	at org.codehaus.groovy.jsr223.GroovyScriptEngineImpl.eval(GroovyScriptEngineImpl.java:320) ~[groovy-jsr223-3.0.20.jar:3.0.20]
	at org.codehaus.groovy.jsr223.GroovyCompiledScript.eval(GroovyCompiledScript.java:71) ~[groovy-jsr223-3.0.20.jar:3.0.20]
	at java.scripting/javax.script.CompiledScript.eval(CompiledScript.java:93) ~[java.scripting:?]
	at org.apache.jmeter.util.JSR223TestElement.processFileOrScript(JSR223TestElement.java:230) ~[ApacheJMeter_core.jar:5.6.3]
	at org.apache.jmeter.assertions.JSR223Assertion.getResult(JSR223Assertion.java:50) ~[ApacheJMeter_components.jar:5.6.3]
	at org.apache.jmeter.threads.JMeterThread.processAssertion(JMeterThread.java:949) ~[ApacheJMeter_core.jar:5.6.3]
	at org.apache.jmeter.threads.JMeterThread.checkAssertions(JMeterThread.java:918) ~[ApacheJMeter_core.jar:5.6.3]
	at org.apache.jmeter.threads.JMeterThread.executeSamplePackage(JMeterThread.java:586) ~[ApacheJMeter_core.jar:5.6.3]
	at org.apache.jmeter.threads.JMeterThread.processSampler(JMeterThread.java:501) ~[ApacheJMeter_core.jar:5.6.3]
	at org.apache.jmeter.threads.JMeterThread.run(JMeterThread.java:268) ~[ApacheJMeter_core.jar:5.6.3]
	at java.base/java.lang.Thread.run(Thread.java:1583) [?:?]
Caused by: groovy.json.JsonException: Unable to determine the current character, it is not a string, number, array, or object

The current character read is '<' with an int value of 60
Unable to determine the current character, it is not a string, number, array, or object
line number 1
index number 0
<!DOCTYPE html>
^
	at org.apache.groovy.json.internal.JsonParserCharArray.decodeValueInternal(JsonParserCharArray.java:202) ~[groovy-json-3.0.20.jar:3.0.20]
	at org.apache.groovy.json.internal.JsonParserCharArray.decodeValue(JsonParserCharArray.java:153) ~[groovy-json-3.0.20.jar:3.0.20]
	at org.apache.groovy.json.internal.JsonParserCharArray.decodeFromChars(JsonParserCharArray.java:43) ~[groovy-json-3.0.20.jar:3.0.20]
	at org.apache.groovy.json.internal.JsonParserCharArray.parse(JsonParserCharArray.java:380) ~[groovy-json-3.0.20.jar:3.0.20]
	at org.apache.groovy.json.internal.BaseJsonParser.parse(BaseJsonParser.java:113) ~[groovy-json-3.0.20.jar:3.0.20]
	at groovy.json.JsonSlurper.parseText(JsonSlurper.java:204) ~[groovy-json-3.0.20.jar:3.0.20]
	at groovy.json.JsonSlurper$parseText.call(Unknown Source) ~[?:?]
	at Script5.run(Script5.groovy:1) ~[?:?]
	at org.codehaus.groovy.jsr223.GroovyScriptEngineImpl.eval(GroovyScriptEngineImpl.java:317) ~[groovy-jsr223-3.0.20.jar:3.0.20]
	... 10 more
2026-08-31 17:32:51,776 ERROR o.a.j.a.JSR223Assertion: Problem in JSR223 script: Validate coupon amounts
javax.script.ScriptException: groovy.json.JsonException: Unable to determine the current character, it is not a string, number, array, or object

The current character read is '<' with an int value of 60
Unable to determine the current character, it is not a string, number, array, or object
line number 1
index number 0
<!DOCTYPE html>
^
	at org.codehaus.groovy.jsr223.GroovyScriptEngineImpl.eval(GroovyScriptEngineImpl.java:320) ~[groovy-jsr223-3.0.20.jar:3.0.20]
	at org.codehaus.groovy.jsr223.GroovyCompiledScript.eval(GroovyCompiledScript.java:71) ~[groovy-jsr223-3.0.20.jar:3.0.20]
	at java.scripting/javax.script.CompiledScript.eval(CompiledScript.java:93) ~[java.scripting:?]
	at org.apache.jmeter.util.JSR223TestElement.processFileOrScript(JSR223TestElement.java:230) ~[ApacheJMeter_core.jar:5.6.3]
	at org.apache.jmeter.assertions.JSR223Assertion.getResult(JSR223Assertion.java:50) ~[ApacheJMeter_components.jar:5.6.3]
	at org.apache.jmeter.threads.JMeterThread.processAssertion(JMeterThread.java:949) ~[ApacheJMeter_core.jar:5.6.3]
	at org.apache.jmeter.threads.JMeterThread.checkAssertions(JMeterThread.java:918) ~[ApacheJMeter_core.jar:5.6.3]
	at org.apache.jmeter.threads.JMeterThread.executeSamplePackage(JMeterThread.java:586) ~[ApacheJMeter_core.jar:5.6.3]
	at org.apache.jmeter.threads.JMeterThread.processSampler(JMeterThread.java:501) ~[ApacheJMeter_core.jar:5.6.3]
	at org.apache.jmeter.threads.JMeterThread.run(JMeterThread.java:268) ~[ApacheJMeter_core.jar:5.6.3]
	at java.base/java.lang.Thread.run(Thread.java:1583) [?:?]
Caused by: groovy.json.JsonException: Unable to determine the current character, it is not a string, number, array, or object

The current character read is '<' with an int value of 60
Unable to determine the current character, it is not a string, number, array, or object
line number 1
index number 0
<!DOCTYPE html>
^
	at org.apache.groovy.json.internal.JsonParserCharArray.decodeValueInternal(JsonParserCharArray.java:202) ~[groovy-json-3.0.20.jar:3.0.20]
	at org.apache.groovy.json.internal.JsonParserCharArray.decodeValue(JsonParserCharArray.java:153) ~[groovy-json-3.0.20.jar:3.0.20]
	at org.apache.groovy.json.internal.JsonParserCharArray.decodeFromChars(JsonParserCharArray.java:43) ~[groovy-json-3.0.20.jar:3.0.20]
	at org.apache.groovy.json.internal.JsonParserCharArray.parse(JsonParserCharArray.java:380) ~[groovy-json-3.0.20.jar:3.0.20]
	at org.apache.groovy.json.internal.BaseJsonParser.parse(BaseJsonParser.java:113) ~[groovy-json-3.0.20.jar:3.0.20]
	at groovy.json.JsonSlurper.parseText(JsonSlurper.java:204) ~[groovy-json-3.0.20.jar:3.0.20]
	at groovy.json.JsonSlurper$parseText.call(Unknown Source) ~[?:?]
	at Script5.run(Script5.groovy:1) ~[?:?]
	at org.codehaus.groovy.jsr223.GroovyScriptEngineImpl.eval(GroovyScriptEngineImpl.java:317) ~[groovy-jsr223-3.0.20.jar:3.0.20]
	... 10 more
2026-08-31 17:32:51,938 ERROR o.a.j.a.JSR223Assertion: Problem in JSR223 script: Validate coupon amounts
javax.script.ScriptException: groovy.json.JsonException: Unable to determine the current character, it is not a string, number, array, or object

The current character read is '<' with an int value of 60
Unable to determine the current character, it is not a string, number, array, or object
line number 1
index number 0
<!DOCTYPE html>
^
	at org.codehaus.groovy.jsr223.GroovyScriptEngineImpl.eval(GroovyScriptEngineImpl.java:320) ~[groovy-jsr223-3.0.20.jar:3.0.20]
	at org.codehaus.groovy.jsr223.GroovyCompiledScript.eval(GroovyCompiledScript.java:71) ~[groovy-jsr223-3.0.20.jar:3.0.20]
	at java.scripting/javax.script.CompiledScript.eval(CompiledScript.java:93) ~[java.scripting:?]
	at org.apache.jmeter.util.JSR223TestElement.processFileOrScript(JSR223TestElement.java:230) ~[ApacheJMeter_core.jar:5.6.3]
	at org.apache.jmeter.assertions.JSR223Assertion.getResult(JSR223Assertion.java:50) ~[ApacheJMeter_components.jar:5.6.3]
	at org.apache.jmeter.threads.JMeterThread.processAssertion(JMeterThread.java:949) ~[ApacheJMeter_core.jar:5.6.3]
	at org.apache.jmeter.threads.JMeterThread.checkAssertions(JMeterThread.java:918) ~[ApacheJMeter_core.jar:5.6.3]
	at org.apache.jmeter.threads.JMeterThread.executeSamplePackage(JMeterThread.java:586) ~[ApacheJMeter_core.jar:5.6.3]
	at org.apache.jmeter.threads.JMeterThread.processSampler(JMeterThread.java:501) ~[ApacheJMeter_core.jar:5.6.3]
	at org.apache.jmeter.threads.JMeterThread.run(JMeterThread.java:268) ~[ApacheJMeter_core.jar:5.6.3]
	at java.base/java.lang.Thread.run(Thread.java:1583) [?:?]
Caused by: groovy.json.JsonException: Unable to determine the current character, it is not a string, number, array, or object

The current character read is '<' with an int value of 60
Unable to determine the current character, it is not a string, number, array, or object
line number 1
index number 0
<!DOCTYPE html>
^
	at org.apache.groovy.json.internal.JsonParserCharArray.decodeValueInternal(JsonParserCharArray.java:202) ~[groovy-json-3.0.20.jar:3.0.20]
	at org.apache.groovy.json.internal.JsonParserCharArray.decodeValue(JsonParserCharArray.java:153) ~[groovy-json-3.0.20.jar:3.0.20]
	at org.apache.groovy.json.internal.JsonParserCharArray.decodeFromChars(JsonParserCharArray.java:43) ~[groovy-json-3.0.20.jar:3.0.20]
	at org.apache.groovy.json.internal.JsonParserCharArray.parse(JsonParserCharArray.java:380) ~[groovy-json-3.0.20.jar:3.0.20]
	at org.apache.groovy.json.internal.BaseJsonParser.parse(BaseJsonParser.java:113) ~[groovy-json-3.0.20.jar:3.0.20]
	at groovy.json.JsonSlurper.parseText(JsonSlurper.java:204) ~[groovy-json-3.0.20.jar:3.0.20]
	at groovy.json.JsonSlurper$parseText.call(Unknown Source) ~[?:?]
	at Script5.run(Script5.groovy:1) ~[?:?]
	at org.codehaus.groovy.jsr223.GroovyScriptEngineImpl.eval(GroovyScriptEngineImpl.java:317) ~[groovy-jsr223-3.0.20.jar:3.0.20]
	... 10 more
2026-08-31 17:32:51,972 ERROR o.a.j.a.JSR223Assertion: Problem in JSR223 script: Validate coupon amounts
javax.script.ScriptException: groovy.json.JsonException: Unable to determine the current character, it is not a string, number, array, or object

The current character read is '<' with an int value of 60
Unable to determine the current character, it is not a string, number, array, or object
line number 1
index number 0
<!DOCTYPE html>
^
	at org.codehaus.groovy.jsr223.GroovyScriptEngineImpl.eval(GroovyScriptEngineImpl.java:320) ~[groovy-jsr223-3.0.20.jar:3.0.20]
	at org.codehaus.groovy.jsr223.GroovyCompiledScript.eval(GroovyCompiledScript.java:71) ~[groovy-jsr223-3.0.20.jar:3.0.20]
	at java.scripting/javax.script.CompiledScript.eval(CompiledScript.java:93) ~[java.scripting:?]
	at org.apache.jmeter.util.JSR223TestElement.processFileOrScript(JSR223TestElement.java:230) ~[ApacheJMeter_core.jar:5.6.3]
	at org.apache.jmeter.assertions.JSR223Assertion.getResult(JSR223Assertion.java:50) ~[ApacheJMeter_components.jar:5.6.3]
	at org.apache.jmeter.threads.JMeterThread.processAssertion(JMeterThread.java:949) ~[ApacheJMeter_core.jar:5.6.3]
	at org.apache.jmeter.threads.JMeterThread.checkAssertions(JMeterThread.java:918) ~[ApacheJMeter_core.jar:5.6.3]
	at org.apache.jmeter.threads.JMeterThread.executeSamplePackage(JMeterThread.java:586) ~[ApacheJMeter_core.jar:5.6.3]
	at org.apache.jmeter.threads.JMeterThread.processSampler(JMeterThread.java:501) ~[ApacheJMeter_core.jar:5.6.3]
	at org.apache.jmeter.threads.JMeterThread.run(JMeterThread.java:268) ~[ApacheJMeter_core.jar:5.6.3]
	at java.base/java.lang.Thread.run(Thread.java:1583) [?:?]
Caused by: groovy.json.JsonException: Unable to determine the current character, it is not a string, number, array, or object

The current character read is '<' with an int value of 60
Unable to determine the current character, it is not a string, number, array, or object
line number 1
index number 0
<!DOCTYPE html>
^
	at org.apache.groovy.json.internal.JsonParserCharArray.decodeValueInternal(JsonParserCharArray.java:202) ~[groovy-json-3.0.20.jar:3.0.20]
	at org.apache.groovy.json.internal.JsonParserCharArray.decodeValue(JsonParserCharArray.java:153) ~[groovy-json-3.0.20.jar:3.0.20]
	at org.apache.groovy.json.internal.JsonParserCharArray.decodeFromChars(JsonParserCharArray.java:43) ~[groovy-json-3.0.20.jar:3.0.20]
	at org.apache.groovy.json.internal.JsonParserCharArray.parse(JsonParserCharArray.java:380) ~[groovy-json-3.0.20.jar:3.0.20]
	at org.apache.groovy.json.internal.BaseJsonParser.parse(BaseJsonParser.java:113) ~[groovy-json-3.0.20.jar:3.0.20]
	at groovy.json.JsonSlurper.parseText(JsonSlurper.java:204) ~[groovy-json-3.0.20.jar:3.0.20]
	at groovy.json.JsonSlurper$parseText.call(Unknown Source) ~[?:?]
	at Script5.run(Script5.groovy:1) ~[?:?]
	at org.codehaus.groovy.jsr223.GroovyScriptEngineImpl.eval(GroovyScriptEngineImpl.java:317) ~[groovy-jsr223-3.0.20.jar:3.0.20]
	... 10 more
2026-08-31 17:32:52,500 ERROR o.a.j.a.JSR223Assertion: Problem in JSR223 script: Validate coupon amounts
javax.script.ScriptException: groovy.json.JsonException: Unable to determine the current character, it is not a string, number, array, or object

The current character read is '<' with an int value of 60
Unable to determine the current character, it is not a string, number, array, or object
line number 1
index number 0
<!DOCTYPE html>
^
	at org.codehaus.groovy.jsr223.GroovyScriptEngineImpl.eval(GroovyScriptEngineImpl.java:320) ~[groovy-jsr223-3.0.20.jar:3.0.20]
	at org.codehaus.groovy.jsr223.GroovyCompiledScript.eval(GroovyCompiledScript.java:71) ~[groovy-jsr223-3.0.20.jar:3.0.20]
	at java.scripting/javax.script.CompiledScript.eval(CompiledScript.java:93) ~[java.scripting:?]
	at org.apache.jmeter.util.JSR223TestElement.processFileOrScript(JSR223TestElement.java:230) ~[ApacheJMeter_core.jar:5.6.3]
	at org.apache.jmeter.assertions.JSR223Assertion.getResult(JSR223Assertion.java:50) ~[ApacheJMeter_components.jar:5.6.3]
	at org.apache.jmeter.threads.JMeterThread.processAssertion(JMeterThread.java:949) ~[ApacheJMeter_core.jar:5.6.3]
	at org.apache.jmeter.threads.JMeterThread.checkAssertions(JMeterThread.java:918) ~[ApacheJMeter_core.jar:5.6.3]
	at org.apache.jmeter.threads.JMeterThread.executeSamplePackage(JMeterThread.java:586) ~[ApacheJMeter_core.jar:5.6.3]
	at org.apache.jmeter.threads.JMeterThread.processSampler(JMeterThread.java:501) ~[ApacheJMeter_core.jar:5.6.3]
	at org.apache.jmeter.threads.JMeterThread.run(JMeterThread.java:268) ~[ApacheJMeter_core.jar:5.6.3]
	at java.base/java.lang.Thread.run(Thread.java:1583) [?:?]
Caused by: groovy.json.JsonException: Unable to determine the current character, it is not a string, number, array, or object

The current character read is '<' with an int value of 60
Unable to determine the current character, it is not a string, number, array, or object
line number 1
index number 0
<!DOCTYPE html>
^
	at org.apache.groovy.json.internal.JsonParserCharArray.decodeValueInternal(JsonParserCharArray.java:202) ~[groovy-json-3.0.20.jar:3.0.20]
	at org.apache.groovy.json.internal.JsonParserCharArray.decodeValue(JsonParserCharArray.java:153) ~[groovy-json-3.0.20.jar:3.0.20]
	at org.apache.groovy.json.internal.JsonParserCharArray.decodeFromChars(JsonParserCharArray.java:43) ~[groovy-json-3.0.20.jar:3.0.20]
	at org.apache.groovy.json.internal.JsonParserCharArray.parse(JsonParserCharArray.java:380) ~[groovy-json-3.0.20.jar:3.0.20]
	at org.apache.groovy.json.internal.BaseJsonParser.parse(BaseJsonParser.java:113) ~[groovy-json-3.0.20.jar:3.0.20]
	at groovy.json.JsonSlurper.parseText(JsonSlurper.java:204) ~[groovy-json-3.0.20.jar:3.0.20]
	at groovy.json.JsonSlurper$parseText.call(Unknown Source) ~[?:?]
	at Script5.run(Script5.groovy:1) ~[?:?]
	at org.codehaus.groovy.jsr223.GroovyScriptEngineImpl.eval(GroovyScriptEngineImpl.java:317) ~[groovy-jsr223-3.0.20.jar:3.0.20]
	... 10 more
2026-08-31 17:32:52,577 ERROR o.a.j.a.JSR223Assertion: Problem in JSR223 script: Validate coupon amounts
javax.script.ScriptException: groovy.json.JsonException: Unable to determine the current character, it is not a string, number, array, or object

The current character read is '<' with an int value of 60
Unable to determine the current character, it is not a string, number, array, or object
line number 1
index number 0
<!DOCTYPE html>
^
	at org.codehaus.groovy.jsr223.GroovyScriptEngineImpl.eval(GroovyScriptEngineImpl.java:320) ~[groovy-jsr223-3.0.20.jar:3.0.20]
	at org.codehaus.groovy.jsr223.GroovyCompiledScript.eval(GroovyCompiledScript.java:71) ~[groovy-jsr223-3.0.20.jar:3.0.20]
	at java.scripting/javax.script.CompiledScript.eval(CompiledScript.java:93) ~[java.scripting:?]
	at org.apache.jmeter.util.JSR223TestElement.processFileOrScript(JSR223TestElement.java:230) ~[ApacheJMeter_core.jar:5.6.3]
	at org.apache.jmeter.assertions.JSR223Assertion.getResult(JSR223Assertion.java:50) ~[ApacheJMeter_components.jar:5.6.3]
	at org.apache.jmeter.threads.JMeterThread.processAssertion(JMeterThread.java:949) ~[ApacheJMeter_core.jar:5.6.3]
	at org.apache.jmeter.threads.JMeterThread.checkAssertions(JMeterThread.java:918) ~[ApacheJMeter_core.jar:5.6.3]
	at org.apache.jmeter.threads.JMeterThread.executeSamplePackage(JMeterThread.java:586) ~[ApacheJMeter_core.jar:5.6.3]
	at org.apache.jmeter.threads.JMeterThread.processSampler(JMeterThread.java:501) ~[ApacheJMeter_core.jar:5.6.3]
	at org.apache.jmeter.threads.JMeterThread.run(JMeterThread.java:268) ~[ApacheJMeter_core.jar:5.6.3]
	at java.base/java.lang.Thread.run(Thread.java:1583) [?:?]
Caused by: groovy.json.JsonException: Unable to determine the current character, it is not a string, number, array, or object

The current character read is '<' with an int value of 60
Unable to determine the current character, it is not a string, number, array, or object
line number 1
index number 0
<!DOCTYPE html>
^
	at org.apache.groovy.json.internal.JsonParserCharArray.decodeValueInternal(JsonParserCharArray.java:202) ~[groovy-json-3.0.20.jar:3.0.20]
	at org.apache.groovy.json.internal.JsonParserCharArray.decodeValue(JsonParserCharArray.java:153) ~[groovy-json-3.0.20.jar:3.0.20]
	at org.apache.groovy.json.internal.JsonParserCharArray.decodeFromChars(JsonParserCharArray.java:43) ~[groovy-json-3.0.20.jar:3.0.20]
	at org.apache.groovy.json.internal.JsonParserCharArray.parse(JsonParserCharArray.java:380) ~[groovy-json-3.0.20.jar:3.0.20]
	at org.apache.groovy.json.internal.BaseJsonParser.parse(BaseJsonParser.java:113) ~[groovy-json-3.0.20.jar:3.0.20]
	at groovy.json.JsonSlurper.parseText(JsonSlurper.java:204) ~[groovy-json-3.0.20.jar:3.0.20]
	at groovy.json.JsonSlurper$parseText.call(Unknown Source) ~[?:?]
	at Script5.run(Script5.groovy:1) ~[?:?]
	at org.codehaus.groovy.jsr223.GroovyScriptEngineImpl.eval(GroovyScriptEngineImpl.java:317) ~[groovy-jsr223-3.0.20.jar:3.0.20]
	... 10 more
2026-08-31 17:32:53,561 ERROR o.a.j.a.JSR223Assertion: Problem in JSR223 script: Validate coupon amounts
javax.script.ScriptException: groovy.json.JsonException: Unable to determine the current character, it is not a string, number, array, or object

The current character read is '<' with an int value of 60
Unable to determine the current character, it is not a string, number, array, or object
line number 1
index number 0
<!DOCTYPE html>
^
	at org.codehaus.groovy.jsr223.GroovyScriptEngineImpl.eval(GroovyScriptEngineImpl.java:320) ~[groovy-jsr223-3.0.20.jar:3.0.20]
	at org.codehaus.groovy.jsr223.GroovyCompiledScript.eval(GroovyCompiledScript.java:71) ~[groovy-jsr223-3.0.20.jar:3.0.20]
	at java.scripting/javax.script.CompiledScript.eval(CompiledScript.java:93) ~[java.scripting:?]
	at org.apache.jmeter.util.JSR223TestElement.processFileOrScript(JSR223TestElement.java:230) ~[ApacheJMeter_core.jar:5.6.3]
	at org.apache.jmeter.assertions.JSR223Assertion.getResult(JSR223Assertion.java:50) ~[ApacheJMeter_components.jar:5.6.3]
	at org.apache.jmeter.threads.JMeterThread.processAssertion(JMeterThread.java:949) ~[ApacheJMeter_core.jar:5.6.3]
	at org.apache.jmeter.threads.JMeterThread.checkAssertions(JMeterThread.java:918) ~[ApacheJMeter_core.jar:5.6.3]
	at org.apache.jmeter.threads.JMeterThread.executeSamplePackage(JMeterThread.java:586) ~[ApacheJMeter_core.jar:5.6.3]
	at org.apache.jmeter.threads.JMeterThread.processSampler(JMeterThread.java:501) ~[ApacheJMeter_core.jar:5.6.3]
	at org.apache.jmeter.threads.JMeterThread.run(JMeterThread.java:268) ~[ApacheJMeter_core.jar:5.6.3]
	at java.base/java.lang.Thread.run(Thread.java:1583) [?:?]
Caused by: groovy.json.JsonException: Unable to determine the current character, it is not a string, number, array, or object

The current character read is '<' with an int value of 60
Unable to determine the current character, it is not a string, number, array, or object
line number 1
index number 0
<!DOCTYPE html>
^
	at org.apache.groovy.json.internal.JsonParserCharArray.decodeValueInternal(JsonParserCharArray.java:202) ~[groovy-json-3.0.20.jar:3.0.20]
	at org.apache.groovy.json.internal.JsonParserCharArray.decodeValue(JsonParserCharArray.java:153) ~[groovy-json-3.0.20.jar:3.0.20]
	at org.apache.groovy.json.internal.JsonParserCharArray.decodeFromChars(JsonParserCharArray.java:43) ~[groovy-json-3.0.20.jar:3.0.20]
	at org.apache.groovy.json.internal.JsonParserCharArray.parse(JsonParserCharArray.java:380) ~[groovy-json-3.0.20.jar:3.0.20]
	at org.apache.groovy.json.internal.BaseJsonParser.parse(BaseJsonParser.java:113) ~[groovy-json-3.0.20.jar:3.0.20]
	at groovy.json.JsonSlurper.parseText(JsonSlurper.java:204) ~[groovy-json-3.0.20.jar:3.0.20]
	at groovy.json.JsonSlurper$parseText.call(Unknown Source) ~[?:?]
	at Script5.run(Script5.groovy:1) ~[?:?]
	at org.codehaus.groovy.jsr223.GroovyScriptEngineImpl.eval(GroovyScriptEngineImpl.java:317) ~[groovy-jsr223-3.0.20.jar:3.0.20]
	... 10 more
2026-08-31 17:32:53,913 ERROR o.a.j.a.JSR223Assertion: Problem in JSR223 script: Validate coupon amounts
javax.script.ScriptException: groovy.json.JsonException: Unable to determine the current character, it is not a string, number, array, or object

The current character read is '<' with an int value of 60
Unable to determine the current character, it is not a string, number, array, or object
line number 1
index number 0
<!DOCTYPE html>
^
	at org.codehaus.groovy.jsr223.GroovyScriptEngineImpl.eval(GroovyScriptEngineImpl.java:320) ~[groovy-jsr223-3.0.20.jar:3.0.20]
	at org.codehaus.groovy.jsr223.GroovyCompiledScript.eval(GroovyCompiledScript.java:71) ~[groovy-jsr223-3.0.20.jar:3.0.20]
	at java.scripting/javax.script.CompiledScript.eval(CompiledScript.java:93) ~[java.scripting:?]
	at org.apache.jmeter.util.JSR223TestElement.processFileOrScript(JSR223TestElement.java:230) ~[ApacheJMeter_core.jar:5.6.3]
	at org.apache.jmeter.assertions.JSR223Assertion.getResult(JSR223Assertion.java:50) ~[ApacheJMeter_components.jar:5.6.3]
	at org.apache.jmeter.threads.JMeterThread.processAssertion(JMeterThread.java:949) ~[ApacheJMeter_core.jar:5.6.3]
	at org.apache.jmeter.threads.JMeterThread.checkAssertions(JMeterThread.java:918) ~[ApacheJMeter_core.jar:5.6.3]
	at org.apache.jmeter.threads.JMeterThread.executeSamplePackage(JMeterThread.java:586) ~[ApacheJMeter_core.jar:5.6.3]
	at org.apache.jmeter.threads.JMeterThread.processSampler(JMeterThread.java:501) ~[ApacheJMeter_core.jar:5.6.3]
	at org.apache.jmeter.threads.JMeterThread.run(JMeterThread.java:268) ~[ApacheJMeter_core.jar:5.6.3]
	at java.base/java.lang.Thread.run(Thread.java:1583) [?:?]
Caused by: groovy.json.JsonException: Unable to determine the current character, it is not a string, number, array, or object

The current character read is '<' with an int value of 60
Unable to determine the current character, it is not a string, number, array, or object
line number 1
index number 0
<!DOCTYPE html>
^
	at org.apache.groovy.json.internal.JsonParserCharArray.decodeValueInternal(JsonParserCharArray.java:202) ~[groovy-json-3.0.20.jar:3.0.20]
	at org.apache.groovy.json.internal.JsonParserCharArray.decodeValue(JsonParserCharArray.java:153) ~[groovy-json-3.0.20.jar:3.0.20]
	at org.apache.groovy.json.internal.JsonParserCharArray.decodeFromChars(JsonParserCharArray.java:43) ~[groovy-json-3.0.20.jar:3.0.20]
	at org.apache.groovy.json.internal.JsonParserCharArray.parse(JsonParserCharArray.java:380) ~[groovy-json-3.0.20.jar:3.0.20]
	at org.apache.groovy.json.internal.BaseJsonParser.parse(BaseJsonParser.java:113) ~[groovy-json-3.0.20.jar:3.0.20]
	at groovy.json.JsonSlurper.parseText(JsonSlurper.java:204) ~[groovy-json-3.0.20.jar:3.0.20]
	at groovy.json.JsonSlurper$parseText.call(Unknown Source) ~[?:?]
	at Script5.run(Script5.groovy:1) ~[?:?]
	at org.codehaus.groovy.jsr223.GroovyScriptEngineImpl.eval(GroovyScriptEngineImpl.java:317) ~[groovy-jsr223-3.0.20.jar:3.0.20]
	... 10 more
2026-08-31 17:32:54,067 ERROR o.a.j.a.JSR223Assertion: Problem in JSR223 script: Validate coupon amounts
javax.script.ScriptException: groovy.json.JsonException: Unable to determine the current character, it is not a string, number, array, or object

The current character read is '<' with an int value of 60
Unable to determine the current character, it is not a string, number, array, or object
line number 1
index number 0
<!DOCTYPE html>
^
	at org.codehaus.groovy.jsr223.GroovyScriptEngineImpl.eval(GroovyScriptEngineImpl.java:320) ~[groovy-jsr223-3.0.20.jar:3.0.20]
	at org.codehaus.groovy.jsr223.GroovyCompiledScript.eval(GroovyCompiledScript.java:71) ~[groovy-jsr223-3.0.20.jar:3.0.20]
	at java.scripting/javax.script.CompiledScript.eval(CompiledScript.java:93) ~[java.scripting:?]
	at org.apache.jmeter.util.JSR223TestElement.processFileOrScript(JSR223TestElement.java:230) ~[ApacheJMeter_core.jar:5.6.3]
	at org.apache.jmeter.assertions.JSR223Assertion.getResult(JSR223Assertion.java:50) ~[ApacheJMeter_components.jar:5.6.3]
	at org.apache.jmeter.threads.JMeterThread.processAssertion(JMeterThread.java:949) ~[ApacheJMeter_core.jar:5.6.3]
	at org.apache.jmeter.threads.JMeterThread.checkAssertions(JMeterThread.java:918) ~[ApacheJMeter_core.jar:5.6.3]
	at org.apache.jmeter.threads.JMeterThread.executeSamplePackage(JMeterThread.java:586) ~[ApacheJMeter_core.jar:5.6.3]
	at org.apache.jmeter.threads.JMeterThread.processSampler(JMeterThread.java:501) ~[ApacheJMeter_core.jar:5.6.3]
	at org.apache.jmeter.threads.JMeterThread.run(JMeterThread.java:268) ~[ApacheJMeter_core.jar:5.6.3]
	at java.base/java.lang.Thread.run(Thread.java:1583) [?:?]
Caused by: groovy.json.JsonException: Unable to determine the current character, it is not a string, number, array, or object

The current character read is '<' with an int value of 60
Unable to determine the current character, it is not a string, number, array, or object
line number 1
index number 0
<!DOCTYPE html>
^
	at org.apache.groovy.json.internal.JsonParserCharArray.decodeValueInternal(JsonParserCharArray.java:202) ~[groovy-json-3.0.20.jar:3.0.20]
	at org.apache.groovy.json.internal.JsonParserCharArray.decodeValue(JsonParserCharArray.java:153) ~[groovy-json-3.0.20.jar:3.0.20]
	at org.apache.groovy.json.internal.JsonParserCharArray.decodeFromChars(JsonParserCharArray.java:43) ~[groovy-json-3.0.20.jar:3.0.20]
	at org.apache.groovy.json.internal.JsonParserCharArray.parse(JsonParserCharArray.java:380) ~[groovy-json-3.0.20.jar:3.0.20]
	at org.apache.groovy.json.internal.BaseJsonParser.parse(BaseJsonParser.java:113) ~[groovy-json-3.0.20.jar:3.0.20]
	at groovy.json.JsonSlurper.parseText(JsonSlurper.java:204) ~[groovy-json-3.0.20.jar:3.0.20]
	at groovy.json.JsonSlurper$parseText.call(Unknown Source) ~[?:?]
	at Script5.run(Script5.groovy:1) ~[?:?]
	at org.codehaus.groovy.jsr223.GroovyScriptEngineImpl.eval(GroovyScriptEngineImpl.java:317) ~[groovy-jsr223-3.0.20.jar:3.0.20]
	... 10 more
2026-08-31 17:32:54,445 ERROR o.a.j.a.JSR223Assertion: Problem in JSR223 script: Validate coupon amounts
javax.script.ScriptException: groovy.json.JsonException: Unable to determine the current character, it is not a string, number, array, or object

The current character read is '<' with an int value of 60
Unable to determine the current character, it is not a string, number, array, or object
line number 1
index number 0
<!DOCTYPE html>
^
	at org.codehaus.groovy.jsr223.GroovyScriptEngineImpl.eval(GroovyScriptEngineImpl.java:320) ~[groovy-jsr223-3.0.20.jar:3.0.20]
	at org.codehaus.groovy.jsr223.GroovyCompiledScript.eval(GroovyCompiledScript.java:71) ~[groovy-jsr223-3.0.20.jar:3.0.20]
	at java.scripting/javax.script.CompiledScript.eval(CompiledScript.java:93) ~[java.scripting:?]
	at org.apache.jmeter.util.JSR223TestElement.processFileOrScript(JSR223TestElement.java:230) ~[ApacheJMeter_core.jar:5.6.3]
	at org.apache.jmeter.assertions.JSR223Assertion.getResult(JSR223Assertion.java:50) ~[ApacheJMeter_components.jar:5.6.3]
	at org.apache.jmeter.threads.JMeterThread.processAssertion(JMeterThread.java:949) ~[ApacheJMeter_core.jar:5.6.3]
	at org.apache.jmeter.threads.JMeterThread.checkAssertions(JMeterThread.java:918) ~[ApacheJMeter_core.jar:5.6.3]
	at org.apache.jmeter.threads.JMeterThread.executeSamplePackage(JMeterThread.java:586) ~[ApacheJMeter_core.jar:5.6.3]
	at org.apache.jmeter.threads.JMeterThread.processSampler(JMeterThread.java:501) ~[ApacheJMeter_core.jar:5.6.3]
	at org.apache.jmeter.threads.JMeterThread.run(JMeterThread.java:268) ~[ApacheJMeter_core.jar:5.6.3]
	at java.base/java.lang.Thread.run(Thread.java:1583) [?:?]
Caused by: groovy.json.JsonException: Unable to determine the current character, it is not a string, number, array, or object

The current character read is '<' with an int value of 60
Unable to determine the current character, it is not a string, number, array, or object
line number 1
index number 0
<!DOCTYPE html>
^
	at org.apache.groovy.json.internal.JsonParserCharArray.decodeValueInternal(JsonParserCharArray.java:202) ~[groovy-json-3.0.20.jar:3.0.20]
	at org.apache.groovy.json.internal.JsonParserCharArray.decodeValue(JsonParserCharArray.java:153) ~[groovy-json-3.0.20.jar:3.0.20]
	at org.apache.groovy.json.internal.JsonParserCharArray.decodeFromChars(JsonParserCharArray.java:43) ~[groovy-json-3.0.20.jar:3.0.20]
	at org.apache.groovy.json.internal.JsonParserCharArray.parse(JsonParserCharArray.java:380) ~[groovy-json-3.0.20.jar:3.0.20]
	at org.apache.groovy.json.internal.BaseJsonParser.parse(BaseJsonParser.java:113) ~[groovy-json-3.0.20.jar:3.0.20]
	at groovy.json.JsonSlurper.parseText(JsonSlurper.java:204) ~[groovy-json-3.0.20.jar:3.0.20]
	at groovy.json.JsonSlurper$parseText.call(Unknown Source) ~[?:?]
	at Script5.run(Script5.groovy:1) ~[?:?]
	at org.codehaus.groovy.jsr223.GroovyScriptEngineImpl.eval(GroovyScriptEngineImpl.java:317) ~[groovy-jsr223-3.0.20.jar:3.0.20]
	... 10 more
2026-08-31 17:32:54,535 ERROR o.a.j.a.JSR223Assertion: Problem in JSR223 script: Validate coupon amounts
javax.script.ScriptException: groovy.json.JsonException: Unable to determine the current character, it is not a string, number, array, or object

The current character read is '<' with an int value of 60
Unable to determine the current character, it is not a string, number, array, or object
line number 1
index number 0
<!DOCTYPE html>
^
	at org.codehaus.groovy.jsr223.GroovyScriptEngineImpl.eval(GroovyScriptEngineImpl.java:320) ~[groovy-jsr223-3.0.20.jar:3.0.20]
	at org.codehaus.groovy.jsr223.GroovyCompiledScript.eval(GroovyCompiledScript.java:71) ~[groovy-jsr223-3.0.20.jar:3.0.20]
	at java.scripting/javax.script.CompiledScript.eval(CompiledScript.java:93) ~[java.scripting:?]
	at org.apache.jmeter.util.JSR223TestElement.processFileOrScript(JSR223TestElement.java:230) ~[ApacheJMeter_core.jar:5.6.3]
	at org.apache.jmeter.assertions.JSR223Assertion.getResult(JSR223Assertion.java:50) ~[ApacheJMeter_components.jar:5.6.3]
	at org.apache.jmeter.threads.JMeterThread.processAssertion(JMeterThread.java:949) ~[ApacheJMeter_core.jar:5.6.3]
	at org.apache.jmeter.threads.JMeterThread.checkAssertions(JMeterThread.java:918) ~[ApacheJMeter_core.jar:5.6.3]
	at org.apache.jmeter.threads.JMeterThread.executeSamplePackage(JMeterThread.java:586) ~[ApacheJMeter_core.jar:5.6.3]
	at org.apache.jmeter.threads.JMeterThread.processSampler(JMeterThread.java:501) ~[ApacheJMeter_core.jar:5.6.3]
	at org.apache.jmeter.threads.JMeterThread.run(JMeterThread.java:268) ~[ApacheJMeter_core.jar:5.6.3]
	at java.base/java.lang.Thread.run(Thread.java:1583) [?:?]
Caused by: groovy.json.JsonException: Unable to determine the current character, it is not a string, number, array, or object

The current character read is '<' with an int value of 60
Unable to determine the current character, it is not a string, number, array, or object
line number 1
index number 0
<!DOCTYPE html>
^
	at org.apache.groovy.json.internal.JsonParserCharArray.decodeValueInternal(JsonParserCharArray.java:202) ~[groovy-json-3.0.20.jar:3.0.20]
	at org.apache.groovy.json.internal.JsonParserCharArray.decodeValue(JsonParserCharArray.java:153) ~[groovy-json-3.0.20.jar:3.0.20]
	at org.apache.groovy.json.internal.JsonParserCharArray.decodeFromChars(JsonParserCharArray.java:43) ~[groovy-json-3.0.20.jar:3.0.20]
	at org.apache.groovy.json.internal.JsonParserCharArray.parse(JsonParserCharArray.java:380) ~[groovy-json-3.0.20.jar:3.0.20]
	at org.apache.groovy.json.internal.BaseJsonParser.parse(BaseJsonParser.java:113) ~[groovy-json-3.0.20.jar:3.0.20]
	at groovy.json.JsonSlurper.parseText(JsonSlurper.java:204) ~[groovy-json-3.0.20.jar:3.0.20]
	at groovy.json.JsonSlurper$parseText.call(Unknown Source) ~[?:?]
	at Script5.run(Script5.groovy:1) ~[?:?]
	at org.codehaus.groovy.jsr223.GroovyScriptEngineImpl.eval(GroovyScriptEngineImpl.java:317) ~[groovy-jsr223-3.0.20.jar:3.0.20]
	... 10 more
2026-08-31 17:32:54,672 ERROR o.a.j.a.JSR223Assertion: Problem in JSR223 script: Validate coupon amounts
javax.script.ScriptException: groovy.json.JsonException: Unable to determine the current character, it is not a string, number, array, or object

The current character read is '<' with an int value of 60
Unable to determine the current character, it is not a string, number, array, or object
line number 1
index number 0
<!DOCTYPE html>
^
	at org.codehaus.groovy.jsr223.GroovyScriptEngineImpl.eval(GroovyScriptEngineImpl.java:320) ~[groovy-jsr223-3.0.20.jar:3.0.20]
	at org.codehaus.groovy.jsr223.GroovyCompiledScript.eval(GroovyCompiledScript.java:71) ~[groovy-jsr223-3.0.20.jar:3.0.20]
	at java.scripting/javax.script.CompiledScript.eval(CompiledScript.java:93) ~[java.scripting:?]
	at org.apache.jmeter.util.JSR223TestElement.processFileOrScript(JSR223TestElement.java:230) ~[ApacheJMeter_core.jar:5.6.3]
	at org.apache.jmeter.assertions.JSR223Assertion.getResult(JSR223Assertion.java:50) ~[ApacheJMeter_components.jar:5.6.3]
	at org.apache.jmeter.threads.JMeterThread.processAssertion(JMeterThread.java:949) ~[ApacheJMeter_core.jar:5.6.3]
	at org.apache.jmeter.threads.JMeterThread.checkAssertions(JMeterThread.java:918) ~[ApacheJMeter_core.jar:5.6.3]
	at org.apache.jmeter.threads.JMeterThread.executeSamplePackage(JMeterThread.java:586) ~[ApacheJMeter_core.jar:5.6.3]
	at org.apache.jmeter.threads.JMeterThread.processSampler(JMeterThread.java:501) ~[ApacheJMeter_core.jar:5.6.3]
	at org.apache.jmeter.threads.JMeterThread.run(JMeterThread.java:268) ~[ApacheJMeter_core.jar:5.6.3]
	at java.base/java.lang.Thread.run(Thread.java:1583) [?:?]
Caused by: groovy.json.JsonException: Unable to determine the current character, it is not a string, number, array, or object

The current character read is '<' with an int value of 60
Unable to determine the current character, it is not a string, number, array, or object
line number 1
index number 0
<!DOCTYPE html>
^
	at org.apache.groovy.json.internal.JsonParserCharArray.decodeValueInternal(JsonParserCharArray.java:202) ~[groovy-json-3.0.20.jar:3.0.20]
	at org.apache.groovy.json.internal.JsonParserCharArray.decodeValue(JsonParserCharArray.java:153) ~[groovy-json-3.0.20.jar:3.0.20]
	at org.apache.groovy.json.internal.JsonParserCharArray.decodeFromChars(JsonParserCharArray.java:43) ~[groovy-json-3.0.20.jar:3.0.20]
	at org.apache.groovy.json.internal.JsonParserCharArray.parse(JsonParserCharArray.java:380) ~[groovy-json-3.0.20.jar:3.0.20]
	at org.apache.groovy.json.internal.BaseJsonParser.parse(BaseJsonParser.java:113) ~[groovy-json-3.0.20.jar:3.0.20]
	at groovy.json.JsonSlurper.parseText(JsonSlurper.java:204) ~[groovy-json-3.0.20.jar:3.0.20]
	at groovy.json.JsonSlurper$parseText.call(Unknown Source) ~[?:?]
	at Script5.run(Script5.groovy:1) ~[?:?]
	at org.codehaus.groovy.jsr223.GroovyScriptEngineImpl.eval(GroovyScriptEngineImpl.java:317) ~[groovy-jsr223-3.0.20.jar:3.0.20]
	... 10 more
2026-08-31 17:32:55,461 ERROR o.a.j.a.JSR223Assertion: Problem in JSR223 script: Validate coupon amounts
javax.script.ScriptException: groovy.json.JsonException: Unable to determine the current character, it is not a string, number, array, or object

The current character read is '<' with an int value of 60
Unable to determine the current character, it is not a string, number, array, or object
line number 1
index number 0
<!DOCTYPE html>
^
	at org.codehaus.groovy.jsr223.GroovyScriptEngineImpl.eval(GroovyScriptEngineImpl.java:320) ~[groovy-jsr223-3.0.20.jar:3.0.20]
	at org.codehaus.groovy.jsr223.GroovyCompiledScript.eval(GroovyCompiledScript.java:71) ~[groovy-jsr223-3.0.20.jar:3.0.20]
	at java.scripting/javax.script.CompiledScript.eval(CompiledScript.java:93) ~[java.scripting:?]
	at org.apache.jmeter.util.JSR223TestElement.processFileOrScript(JSR223TestElement.java:230) ~[ApacheJMeter_core.jar:5.6.3]
	at org.apache.jmeter.assertions.JSR223Assertion.getResult(JSR223Assertion.java:50) ~[ApacheJMeter_components.jar:5.6.3]
	at org.apache.jmeter.threads.JMeterThread.processAssertion(JMeterThread.java:949) ~[ApacheJMeter_core.jar:5.6.3]
	at org.apache.jmeter.threads.JMeterThread.checkAssertions(JMeterThread.java:918) ~[ApacheJMeter_core.jar:5.6.3]
	at org.apache.jmeter.threads.JMeterThread.executeSamplePackage(JMeterThread.java:586) ~[ApacheJMeter_core.jar:5.6.3]
	at org.apache.jmeter.threads.JMeterThread.processSampler(JMeterThread.java:501) ~[ApacheJMeter_core.jar:5.6.3]
	at org.apache.jmeter.threads.JMeterThread.run(JMeterThread.java:268) ~[ApacheJMeter_core.jar:5.6.3]
	at java.base/java.lang.Thread.run(Thread.java:1583) [?:?]
Caused by: groovy.json.JsonException: Unable to determine the current character, it is not a string, number, array, or object

The current character read is '<' with an int value of 60
Unable to determine the current character, it is not a string, number, array, or object
line number 1
index number 0
<!DOCTYPE html>
^
	at org.apache.groovy.json.internal.JsonParserCharArray.decodeValueInternal(JsonParserCharArray.java:202) ~[groovy-json-3.0.20.jar:3.0.20]
	at org.apache.groovy.json.internal.JsonParserCharArray.decodeValue(JsonParserCharArray.java:153) ~[groovy-json-3.0.20.jar:3.0.20]
	at org.apache.groovy.json.internal.JsonParserCharArray.decodeFromChars(JsonParserCharArray.java:43) ~[groovy-json-3.0.20.jar:3.0.20]
	at org.apache.groovy.json.internal.JsonParserCharArray.parse(JsonParserCharArray.java:380) ~[groovy-json-3.0.20.jar:3.0.20]
	at org.apache.groovy.json.internal.BaseJsonParser.parse(BaseJsonParser.java:113) ~[groovy-json-3.0.20.jar:3.0.20]
	at groovy.json.JsonSlurper.parseText(JsonSlurper.java:204) ~[groovy-json-3.0.20.jar:3.0.20]
	at groovy.json.JsonSlurper$parseText.call(Unknown Source) ~[?:?]
	at Script5.run(Script5.groovy:1) ~[?:?]
	at org.codehaus.groovy.jsr223.GroovyScriptEngineImpl.eval(GroovyScriptEngineImpl.java:317) ~[groovy-jsr223-3.0.20.jar:3.0.20]
	... 10 more
2026-08-31 17:32:55,771 ERROR o.a.j.a.JSR223Assertion: Problem in JSR223 script: Validate coupon amounts
javax.script.ScriptException: groovy.json.JsonException: Unable to determine the current character, it is not a string, number, array, or object

The current character read is '<' with an int value of 60
Unable to determine the current character, it is not a string, number, array, or object
line number 1
index number 0
<!DOCTYPE html>
^
	at org.codehaus.groovy.jsr223.GroovyScriptEngineImpl.eval(GroovyScriptEngineImpl.java:320) ~[groovy-jsr223-3.0.20.jar:3.0.20]
	at org.codehaus.groovy.jsr223.GroovyCompiledScript.eval(GroovyCompiledScript.java:71) ~[groovy-jsr223-3.0.20.jar:3.0.20]
	at java.scripting/javax.script.CompiledScript.eval(CompiledScript.java:93) ~[java.scripting:?]
	at org.apache.jmeter.util.JSR223TestElement.processFileOrScript(JSR223TestElement.java:230) ~[ApacheJMeter_core.jar:5.6.3]
	at org.apache.jmeter.assertions.JSR223Assertion.getResult(JSR223Assertion.java:50) ~[ApacheJMeter_components.jar:5.6.3]
	at org.apache.jmeter.threads.JMeterThread.processAssertion(JMeterThread.java:949) ~[ApacheJMeter_core.jar:5.6.3]
	at org.apache.jmeter.threads.JMeterThread.checkAssertions(JMeterThread.java:918) ~[ApacheJMeter_core.jar:5.6.3]
	at org.apache.jmeter.threads.JMeterThread.executeSamplePackage(JMeterThread.java:586) ~[ApacheJMeter_core.jar:5.6.3]
	at org.apache.jmeter.threads.JMeterThread.processSampler(JMeterThread.java:501) ~[ApacheJMeter_core.jar:5.6.3]
	at org.apache.jmeter.threads.JMeterThread.run(JMeterThread.java:268) ~[ApacheJMeter_core.jar:5.6.3]
	at java.base/java.lang.Thread.run(Thread.java:1583) [?:?]
Caused by: groovy.json.JsonException: Unable to determine the current character, it is not a string, number, array, or object

The current character read is '<' with an int value of 60
Unable to determine the current character, it is not a string, number, array, or object
line number 1
index number 0
<!DOCTYPE html>
^
	at org.apache.groovy.json.internal.JsonParserCharArray.decodeValueInternal(JsonParserCharArray.java:202) ~[groovy-json-3.0.20.jar:3.0.20]
	at org.apache.groovy.json.internal.JsonParserCharArray.decodeValue(JsonParserCharArray.java:153) ~[groovy-json-3.0.20.jar:3.0.20]
	at org.apache.groovy.json.internal.JsonParserCharArray.decodeFromChars(JsonParserCharArray.java:43) ~[groovy-json-3.0.20.jar:3.0.20]
	at org.apache.groovy.json.internal.JsonParserCharArray.parse(JsonParserCharArray.java:380) ~[groovy-json-3.0.20.jar:3.0.20]
	at org.apache.groovy.json.internal.BaseJsonParser.parse(BaseJsonParser.java:113) ~[groovy-json-3.0.20.jar:3.0.20]
	at groovy.json.JsonSlurper.parseText(JsonSlurper.java:204) ~[groovy-json-3.0.20.jar:3.0.20]
	at groovy.json.JsonSlurper$parseText.call(Unknown Source) ~[?:?]
	at Script5.run(Script5.groovy:1) ~[?:?]
	at org.codehaus.groovy.jsr223.GroovyScriptEngineImpl.eval(GroovyScriptEngineImpl.java:317) ~[groovy-jsr223-3.0.20.jar:3.0.20]
	... 10 more
2026-08-31 17:32:56,165 ERROR o.a.j.a.JSR223Assertion: Problem in JSR223 script: Validate coupon amounts
javax.script.ScriptException: groovy.json.JsonException: Unable to determine the current character, it is not a string, number, array, or object

The current character read is '<' with an int value of 60
Unable to determine the current character, it is not a string, number, array, or object
line number 1
index number 0
<!DOCTYPE html>
^
	at org.codehaus.groovy.jsr223.GroovyScriptEngineImpl.eval(GroovyScriptEngineImpl.java:320) ~[groovy-jsr223-3.0.20.jar:3.0.20]
	at org.codehaus.groovy.jsr223.GroovyCompiledScript.eval(GroovyCompiledScript.java:71) ~[groovy-jsr223-3.0.20.jar:3.0.20]
	at java.scripting/javax.script.CompiledScript.eval(CompiledScript.java:93) ~[java.scripting:?]
	at org.apache.jmeter.util.JSR223TestElement.processFileOrScript(JSR223TestElement.java:230) ~[ApacheJMeter_core.jar:5.6.3]
	at org.apache.jmeter.assertions.JSR223Assertion.getResult(JSR223Assertion.java:50) ~[ApacheJMeter_components.jar:5.6.3]
	at org.apache.jmeter.threads.JMeterThread.processAssertion(JMeterThread.java:949) ~[ApacheJMeter_core.jar:5.6.3]
	at org.apache.jmeter.threads.JMeterThread.checkAssertions(JMeterThread.java:918) ~[ApacheJMeter_core.jar:5.6.3]
	at org.apache.jmeter.threads.JMeterThread.executeSamplePackage(JMeterThread.java:586) ~[ApacheJMeter_core.jar:5.6.3]
	at org.apache.jmeter.threads.JMeterThread.processSampler(JMeterThread.java:501) ~[ApacheJMeter_core.jar:5.6.3]
	at org.apache.jmeter.threads.JMeterThread.run(JMeterThread.java:268) ~[ApacheJMeter_core.jar:5.6.3]
	at java.base/java.lang.Thread.run(Thread.java:1583) [?:?]
Caused by: groovy.json.JsonException: Unable to determine the current character, it is not a string, number, array, or object

The current character read is '<' with an int value of 60
Unable to determine the current character, it is not a string, number, array, or object
line number 1
index number 0
<!DOCTYPE html>
^
	at org.apache.groovy.json.internal.JsonParserCharArray.decodeValueInternal(JsonParserCharArray.java:202) ~[groovy-json-3.0.20.jar:3.0.20]
	at org.apache.groovy.json.internal.JsonParserCharArray.decodeValue(JsonParserCharArray.java:153) ~[groovy-json-3.0.20.jar:3.0.20]
	at org.apache.groovy.json.internal.JsonParserCharArray.decodeFromChars(JsonParserCharArray.java:43) ~[groovy-json-3.0.20.jar:3.0.20]
	at org.apache.groovy.json.internal.JsonParserCharArray.parse(JsonParserCharArray.java:380) ~[groovy-json-3.0.20.jar:3.0.20]
	at org.apache.groovy.json.internal.BaseJsonParser.parse(BaseJsonParser.java:113) ~[groovy-json-3.0.20.jar:3.0.20]
	at groovy.json.JsonSlurper.parseText(JsonSlurper.java:204) ~[groovy-json-3.0.20.jar:3.0.20]
	at groovy.json.JsonSlurper$parseText.call(Unknown Source) ~[?:?]
	at Script5.run(Script5.groovy:1) ~[?:?]
	at org.codehaus.groovy.jsr223.GroovyScriptEngineImpl.eval(GroovyScriptEngineImpl.java:317) ~[groovy-jsr223-3.0.20.jar:3.0.20]
	... 10 more
2026-08-31 17:32:56,692 ERROR o.a.j.a.JSR223Assertion: Problem in JSR223 script: Validate coupon amounts
javax.script.ScriptException: groovy.json.JsonException: Unable to determine the current character, it is not a string, number, array, or object

The current character read is '<' with an int value of 60
Unable to determine the current character, it is not a string, number, array, or object
line number 1
index number 0
<!DOCTYPE html>
^
	at org.codehaus.groovy.jsr223.GroovyScriptEngineImpl.eval(GroovyScriptEngineImpl.java:320) ~[groovy-jsr223-3.0.20.jar:3.0.20]
	at org.codehaus.groovy.jsr223.GroovyCompiledScript.eval(GroovyCompiledScript.java:71) ~[groovy-jsr223-3.0.20.jar:3.0.20]
	at java.scripting/javax.script.CompiledScript.eval(CompiledScript.java:93) ~[java.scripting:?]
	at org.apache.jmeter.util.JSR223TestElement.processFileOrScript(JSR223TestElement.java:230) ~[ApacheJMeter_core.jar:5.6.3]
	at org.apache.jmeter.assertions.JSR223Assertion.getResult(JSR223Assertion.java:50) ~[ApacheJMeter_components.jar:5.6.3]
	at org.apache.jmeter.threads.JMeterThread.processAssertion(JMeterThread.java:949) ~[ApacheJMeter_core.jar:5.6.3]
	at org.apache.jmeter.threads.JMeterThread.checkAssertions(JMeterThread.java:918) ~[ApacheJMeter_core.jar:5.6.3]
	at org.apache.jmeter.threads.JMeterThread.executeSamplePackage(JMeterThread.java:586) ~[ApacheJMeter_core.jar:5.6.3]
	at org.apache.jmeter.threads.JMeterThread.processSampler(JMeterThread.java:501) ~[ApacheJMeter_core.jar:5.6.3]
	at org.apache.jmeter.threads.JMeterThread.run(JMeterThread.java:268) ~[ApacheJMeter_core.jar:5.6.3]
	at java.base/java.lang.Thread.run(Thread.java:1583) [?:?]
Caused by: groovy.json.JsonException: Unable to determine the current character, it is not a string, number, array, or object

The current character read is '<' with an int value of 60
Unable to determine the current character, it is not a string, number, array, or object
line number 1
index number 0
<!DOCTYPE html>
^
	at org.apache.groovy.json.internal.JsonParserCharArray.decodeValueInternal(JsonParserCharArray.java:202) ~[groovy-json-3.0.20.jar:3.0.20]
	at org.apache.groovy.json.internal.JsonParserCharArray.decodeValue(JsonParserCharArray.java:153) ~[groovy-json-3.0.20.jar:3.0.20]
	at org.apache.groovy.json.internal.JsonParserCharArray.decodeFromChars(JsonParserCharArray.java:43) ~[groovy-json-3.0.20.jar:3.0.20]
	at org.apache.groovy.json.internal.JsonParserCharArray.parse(JsonParserCharArray.java:380) ~[groovy-json-3.0.20.jar:3.0.20]
	at org.apache.groovy.json.internal.BaseJsonParser.parse(BaseJsonParser.java:113) ~[groovy-json-3.0.20.jar:3.0.20]
	at groovy.json.JsonSlurper.parseText(JsonSlurper.java:204) ~[groovy-json-3.0.20.jar:3.0.20]
	at groovy.json.JsonSlurper$parseText.call(Unknown Source) ~[?:?]
	at Script5.run(Script5.groovy:1) ~[?:?]
	at org.codehaus.groovy.jsr223.GroovyScriptEngineImpl.eval(GroovyScriptEngineImpl.java:317) ~[groovy-jsr223-3.0.20.jar:3.0.20]
	... 10 more
2026-08-31 17:32:56,872 ERROR o.a.j.a.JSR223Assertion: Problem in JSR223 script: Validate coupon amounts
javax.script.ScriptException: groovy.json.JsonException: Unable to determine the current character, it is not a string, number, array, or object

The current character read is '<' with an int value of 60
Unable to determine the current character, it is not a string, number, array, or object
line number 1
index number 0
<!DOCTYPE html>
^
	at org.codehaus.groovy.jsr223.GroovyScriptEngineImpl.eval(GroovyScriptEngineImpl.java:320) ~[groovy-jsr223-3.0.20.jar:3.0.20]
	at org.codehaus.groovy.jsr223.GroovyCompiledScript.eval(GroovyCompiledScript.java:71) ~[groovy-jsr223-3.0.20.jar:3.0.20]
	at java.scripting/javax.script.CompiledScript.eval(CompiledScript.java:93) ~[java.scripting:?]
	at org.apache.jmeter.util.JSR223TestElement.processFileOrScript(JSR223TestElement.java:230) ~[ApacheJMeter_core.jar:5.6.3]
	at org.apache.jmeter.assertions.JSR223Assertion.getResult(JSR223Assertion.java:50) ~[ApacheJMeter_components.jar:5.6.3]
	at org.apache.jmeter.threads.JMeterThread.processAssertion(JMeterThread.java:949) ~[ApacheJMeter_core.jar:5.6.3]
	at org.apache.jmeter.threads.JMeterThread.checkAssertions(JMeterThread.java:918) ~[ApacheJMeter_core.jar:5.6.3]
	at org.apache.jmeter.threads.JMeterThread.executeSamplePackage(JMeterThread.java:586) ~[ApacheJMeter_core.jar:5.6.3]
	at org.apache.jmeter.threads.JMeterThread.processSampler(JMeterThread.java:501) ~[ApacheJMeter_core.jar:5.6.3]
	at org.apache.jmeter.threads.JMeterThread.run(JMeterThread.java:268) ~[ApacheJMeter_core.jar:5.6.3]
	at java.base/java.lang.Thread.run(Thread.java:1583) [?:?]
Caused by: groovy.json.JsonException: Unable to determine the current character, it is not a string, number, array, or object

The current character read is '<' with an int value of 60
Unable to determine the current character, it is not a string, number, array, or object
line number 1
index number 0
<!DOCTYPE html>
^
	at org.apache.groovy.json.internal.JsonParserCharArray.decodeValueInternal(JsonParserCharArray.java:202) ~[groovy-json-3.0.20.jar:3.0.20]
	at org.apache.groovy.json.internal.JsonParserCharArray.decodeValue(JsonParserCharArray.java:153) ~[groovy-json-3.0.20.jar:3.0.20]
	at org.apache.groovy.json.internal.JsonParserCharArray.decodeFromChars(JsonParserCharArray.java:43) ~[groovy-json-3.0.20.jar:3.0.20]
	at org.apache.groovy.json.internal.JsonParserCharArray.parse(JsonParserCharArray.java:380) ~[groovy-json-3.0.20.jar:3.0.20]
	at org.apache.groovy.json.internal.BaseJsonParser.parse(BaseJsonParser.java:113) ~[groovy-json-3.0.20.jar:3.0.20]
	at groovy.json.JsonSlurper.parseText(JsonSlurper.java:204) ~[groovy-json-3.0.20.jar:3.0.20]
	at groovy.json.JsonSlurper$parseText.call(Unknown Source) ~[?:?]
	at Script5.run(Script5.groovy:1) ~[?:?]
	at org.codehaus.groovy.jsr223.GroovyScriptEngineImpl.eval(GroovyScriptEngineImpl.java:317) ~[groovy-jsr223-3.0.20.jar:3.0.20]
	... 10 more
2026-08-31 17:32:57,093 ERROR o.a.j.a.JSR223Assertion: Problem in JSR223 script: Validate coupon amounts
javax.script.ScriptException: groovy.json.JsonException: Unable to determine the current character, it is not a string, number, array, or object

The current character read is '<' with an int value of 60
Unable to determine the current character, it is not a string, number, array, or object
line number 1
index number 0
<!DOCTYPE html>
^
	at org.codehaus.groovy.jsr223.GroovyScriptEngineImpl.eval(GroovyScriptEngineImpl.java:320) ~[groovy-jsr223-3.0.20.jar:3.0.20]
	at org.codehaus.groovy.jsr223.GroovyCompiledScript.eval(GroovyCompiledScript.java:71) ~[groovy-jsr223-3.0.20.jar:3.0.20]
	at java.scripting/javax.script.CompiledScript.eval(CompiledScript.java:93) ~[java.scripting:?]
	at org.apache.jmeter.util.JSR223TestElement.processFileOrScript(JSR223TestElement.java:230) ~[ApacheJMeter_core.jar:5.6.3]
	at org.apache.jmeter.assertions.JSR223Assertion.getResult(JSR223Assertion.java:50) ~[ApacheJMeter_components.jar:5.6.3]
	at org.apache.jmeter.threads.JMeterThread.processAssertion(JMeterThread.java:949) ~[ApacheJMeter_core.jar:5.6.3]
	at org.apache.jmeter.threads.JMeterThread.checkAssertions(JMeterThread.java:918) ~[ApacheJMeter_core.jar:5.6.3]
	at org.apache.jmeter.threads.JMeterThread.executeSamplePackage(JMeterThread.java:586) ~[ApacheJMeter_core.jar:5.6.3]
	at org.apache.jmeter.threads.JMeterThread.processSampler(JMeterThread.java:501) ~[ApacheJMeter_core.jar:5.6.3]
	at org.apache.jmeter.threads.JMeterThread.run(JMeterThread.java:268) ~[ApacheJMeter_core.jar:5.6.3]
	at java.base/java.lang.Thread.run(Thread.java:1583) [?:?]
Caused by: groovy.json.JsonException: Unable to determine the current character, it is not a string, number, array, or object

The current character read is '<' with an int value of 60
Unable to determine the current character, it is not a string, number, array, or object
line number 1
index number 0
<!DOCTYPE html>
^
	at org.apache.groovy.json.internal.JsonParserCharArray.decodeValueInternal(JsonParserCharArray.java:202) ~[groovy-json-3.0.20.jar:3.0.20]
	at org.apache.groovy.json.internal.JsonParserCharArray.decodeValue(JsonParserCharArray.java:153) ~[groovy-json-3.0.20.jar:3.0.20]
	at org.apache.groovy.json.internal.JsonParserCharArray.decodeFromChars(JsonParserCharArray.java:43) ~[groovy-json-3.0.20.jar:3.0.20]
	at org.apache.groovy.json.internal.JsonParserCharArray.parse(JsonParserCharArray.java:380) ~[groovy-json-3.0.20.jar:3.0.20]
	at org.apache.groovy.json.internal.BaseJsonParser.parse(BaseJsonParser.java:113) ~[groovy-json-3.0.20.jar:3.0.20]
	at groovy.json.JsonSlurper.parseText(JsonSlurper.java:204) ~[groovy-json-3.0.20.jar:3.0.20]
	at groovy.json.JsonSlurper$parseText.call(Unknown Source) ~[?:?]
	at Script5.run(Script5.groovy:1) ~[?:?]
	at org.codehaus.groovy.jsr223.GroovyScriptEngineImpl.eval(GroovyScriptEngineImpl.java:317) ~[groovy-jsr223-3.0.20.jar:3.0.20]
	... 10 more
2026-08-31 17:32:57,294 ERROR o.a.j.a.JSR223Assertion: Problem in JSR223 script: Validate coupon amounts
javax.script.ScriptException: groovy.json.JsonException: Unable to determine the current character, it is not a string, number, array, or object

The current character read is '<' with an int value of 60
Unable to determine the current character, it is not a string, number, array, or object
line number 1
index number 0
<!DOCTYPE html>
^
	at org.codehaus.groovy.jsr223.GroovyScriptEngineImpl.eval(GroovyScriptEngineImpl.java:320) ~[groovy-jsr223-3.0.20.jar:3.0.20]
	at org.codehaus.groovy.jsr223.GroovyCompiledScript.eval(GroovyCompiledScript.java:71) ~[groovy-jsr223-3.0.20.jar:3.0.20]
	at java.scripting/javax.script.CompiledScript.eval(CompiledScript.java:93) ~[java.scripting:?]
	at org.apache.jmeter.util.JSR223TestElement.processFileOrScript(JSR223TestElement.java:230) ~[ApacheJMeter_core.jar:5.6.3]
	at org.apache.jmeter.assertions.JSR223Assertion.getResult(JSR223Assertion.java:50) ~[ApacheJMeter_components.jar:5.6.3]
	at org.apache.jmeter.threads.JMeterThread.processAssertion(JMeterThread.java:949) ~[ApacheJMeter_core.jar:5.6.3]
	at org.apache.jmeter.threads.JMeterThread.checkAssertions(JMeterThread.java:918) ~[ApacheJMeter_core.jar:5.6.3]
	at org.apache.jmeter.threads.JMeterThread.executeSamplePackage(JMeterThread.java:586) ~[ApacheJMeter_core.jar:5.6.3]
	at org.apache.jmeter.threads.JMeterThread.processSampler(JMeterThread.java:501) ~[ApacheJMeter_core.jar:5.6.3]
	at org.apache.jmeter.threads.JMeterThread.run(JMeterThread.java:268) ~[ApacheJMeter_core.jar:5.6.3]
	at java.base/java.lang.Thread.run(Thread.java:1583) [?:?]
Caused by: groovy.json.JsonException: Unable to determine the current character, it is not a string, number, array, or object

The current character read is '<' with an int value of 60
Unable to determine the current character, it is not a string, number, array, or object
line number 1
index number 0
<!DOCTYPE html>
^
	at org.apache.groovy.json.internal.JsonParserCharArray.decodeValueInternal(JsonParserCharArray.java:202) ~[groovy-json-3.0.20.jar:3.0.20]
	at org.apache.groovy.json.internal.JsonParserCharArray.decodeValue(JsonParserCharArray.java:153) ~[groovy-json-3.0.20.jar:3.0.20]
	at org.apache.groovy.json.internal.JsonParserCharArray.decodeFromChars(JsonParserCharArray.java:43) ~[groovy-json-3.0.20.jar:3.0.20]
	at org.apache.groovy.json.internal.JsonParserCharArray.parse(JsonParserCharArray.java:380) ~[groovy-json-3.0.20.jar:3.0.20]
	at org.apache.groovy.json.internal.BaseJsonParser.parse(BaseJsonParser.java:113) ~[groovy-json-3.0.20.jar:3.0.20]
	at groovy.json.JsonSlurper.parseText(JsonSlurper.java:204) ~[groovy-json-3.0.20.jar:3.0.20]
	at groovy.json.JsonSlurper$parseText.call(Unknown Source) ~[?:?]
	at Script5.run(Script5.groovy:1) ~[?:?]
	at org.codehaus.groovy.jsr223.GroovyScriptEngineImpl.eval(GroovyScriptEngineImpl.java:317) ~[groovy-jsr223-3.0.20.jar:3.0.20]
	... 10 more
2026-08-31 17:32:58,044 ERROR o.a.j.a.JSR223Assertion: Problem in JSR223 script: Validate coupon amounts
javax.script.ScriptException: groovy.json.JsonException: Unable to determine the current character, it is not a string, number, array, or object

The current character read is '<' with an int value of 60
Unable to determine the current character, it is not a string, number, array, or object
line number 1
index number 0
<!DOCTYPE html>
^
	at org.codehaus.groovy.jsr223.GroovyScriptEngineImpl.eval(GroovyScriptEngineImpl.java:320) ~[groovy-jsr223-3.0.20.jar:3.0.20]
	at org.codehaus.groovy.jsr223.GroovyCompiledScript.eval(GroovyCompiledScript.java:71) ~[groovy-jsr223-3.0.20.jar:3.0.20]
	at java.scripting/javax.script.CompiledScript.eval(CompiledScript.java:93) ~[java.scripting:?]
	at org.apache.jmeter.util.JSR223TestElement.processFileOrScript(JSR223TestElement.java:230) ~[ApacheJMeter_core.jar:5.6.3]
	at org.apache.jmeter.assertions.JSR223Assertion.getResult(JSR223Assertion.java:50) ~[ApacheJMeter_components.jar:5.6.3]
	at org.apache.jmeter.threads.JMeterThread.processAssertion(JMeterThread.java:949) ~[ApacheJMeter_core.jar:5.6.3]
	at org.apache.jmeter.threads.JMeterThread.checkAssertions(JMeterThread.java:918) ~[ApacheJMeter_core.jar:5.6.3]
	at org.apache.jmeter.threads.JMeterThread.executeSamplePackage(JMeterThread.java:586) ~[ApacheJMeter_core.jar:5.6.3]
	at org.apache.jmeter.threads.JMeterThread.processSampler(JMeterThread.java:501) ~[ApacheJMeter_core.jar:5.6.3]
	at org.apache.jmeter.threads.JMeterThread.run(JMeterThread.java:268) ~[ApacheJMeter_core.jar:5.6.3]
	at java.base/java.lang.Thread.run(Thread.java:1583) [?:?]
Caused by: groovy.json.JsonException: Unable to determine the current character, it is not a string, number, array, or object

The current character read is '<' with an int value of 60
Unable to determine the current character, it is not a string, number, array, or object
line number 1
index number 0
<!DOCTYPE html>
^
	at org.apache.groovy.json.internal.JsonParserCharArray.decodeValueInternal(JsonParserCharArray.java:202) ~[groovy-json-3.0.20.jar:3.0.20]
	at org.apache.groovy.json.internal.JsonParserCharArray.decodeValue(JsonParserCharArray.java:153) ~[groovy-json-3.0.20.jar:3.0.20]
	at org.apache.groovy.json.internal.JsonParserCharArray.decodeFromChars(JsonParserCharArray.java:43) ~[groovy-json-3.0.20.jar:3.0.20]
	at org.apache.groovy.json.internal.JsonParserCharArray.parse(JsonParserCharArray.java:380) ~[groovy-json-3.0.20.jar:3.0.20]
	at org.apache.groovy.json.internal.BaseJsonParser.parse(BaseJsonParser.java:113) ~[groovy-json-3.0.20.jar:3.0.20]
	at groovy.json.JsonSlurper.parseText(JsonSlurper.java:204) ~[groovy-json-3.0.20.jar:3.0.20]
	at groovy.json.JsonSlurper$parseText.call(Unknown Source) ~[?:?]
	at Script5.run(Script5.groovy:1) ~[?:?]
	at org.codehaus.groovy.jsr223.GroovyScriptEngineImpl.eval(GroovyScriptEngineImpl.java:317) ~[groovy-jsr223-3.0.20.jar:3.0.20]
	... 10 more
2026-08-31 17:32:58,460 ERROR o.a.j.a.JSR223Assertion: Problem in JSR223 script: Validate coupon amounts
javax.script.ScriptException: groovy.json.JsonException: Unable to determine the current character, it is not a string, number, array, or object

The current character read is '<' with an int value of 60
Unable to determine the current character, it is not a string, number, array, or object
line number 1
index number 0
<!DOCTYPE html>
^
	at org.codehaus.groovy.jsr223.GroovyScriptEngineImpl.eval(GroovyScriptEngineImpl.java:320) ~[groovy-jsr223-3.0.20.jar:3.0.20]
	at org.codehaus.groovy.jsr223.GroovyCompiledScript.eval(GroovyCompiledScript.java:71) ~[groovy-jsr223-3.0.20.jar:3.0.20]
	at java.scripting/javax.script.CompiledScript.eval(CompiledScript.java:93) ~[java.scripting:?]
	at org.apache.jmeter.util.JSR223TestElement.processFileOrScript(JSR223TestElement.java:230) ~[ApacheJMeter_core.jar:5.6.3]
	at org.apache.jmeter.assertions.JSR223Assertion.getResult(JSR223Assertion.java:50) ~[ApacheJMeter_components.jar:5.6.3]
	at org.apache.jmeter.threads.JMeterThread.processAssertion(JMeterThread.java:949) ~[ApacheJMeter_core.jar:5.6.3]
	at org.apache.jmeter.threads.JMeterThread.checkAssertions(JMeterThread.java:918) ~[ApacheJMeter_core.jar:5.6.3]
	at org.apache.jmeter.threads.JMeterThread.executeSamplePackage(JMeterThread.java:586) ~[ApacheJMeter_core.jar:5.6.3]
	at org.apache.jmeter.threads.JMeterThread.processSampler(JMeterThread.java:501) ~[ApacheJMeter_core.jar:5.6.3]
	at org.apache.jmeter.threads.JMeterThread.run(JMeterThread.java:268) ~[ApacheJMeter_core.jar:5.6.3]
	at java.base/java.lang.Thread.run(Thread.java:1583) [?:?]
Caused by: groovy.json.JsonException: Unable to determine the current character, it is not a string, number, array, or object

The current character read is '<' with an int value of 60
Unable to determine the current character, it is not a string, number, array, or object
line number 1
index number 0
<!DOCTYPE html>
^
	at org.apache.groovy.json.internal.JsonParserCharArray.decodeValueInternal(JsonParserCharArray.java:202) ~[groovy-json-3.0.20.jar:3.0.20]
	at org.apache.groovy.json.internal.JsonParserCharArray.decodeValue(JsonParserCharArray.java:153) ~[groovy-json-3.0.20.jar:3.0.20]
	at org.apache.groovy.json.internal.JsonParserCharArray.decodeFromChars(JsonParserCharArray.java:43) ~[groovy-json-3.0.20.jar:3.0.20]
	at org.apache.groovy.json.internal.JsonParserCharArray.parse(JsonParserCharArray.java:380) ~[groovy-json-3.0.20.jar:3.0.20]
	at org.apache.groovy.json.internal.BaseJsonParser.parse(BaseJsonParser.java:113) ~[groovy-json-3.0.20.jar:3.0.20]
	at groovy.json.JsonSlurper.parseText(JsonSlurper.java:204) ~[groovy-json-3.0.20.jar:3.0.20]
	at groovy.json.JsonSlurper$parseText.call(Unknown Source) ~[?:?]
	at Script5.run(Script5.groovy:1) ~[?:?]
	at org.codehaus.groovy.jsr223.GroovyScriptEngineImpl.eval(GroovyScriptEngineImpl.java:317) ~[groovy-jsr223-3.0.20.jar:3.0.20]
	... 10 more
2026-08-31 17:32:58,750 ERROR o.a.j.a.JSR223Assertion: Problem in JSR223 script: Validate coupon amounts
javax.script.ScriptException: groovy.json.JsonException: Unable to determine the current character, it is not a string, number, array, or object

The current character read is '<' with an int value of 60
Unable to determine the current character, it is not a string, number, array, or object
line number 1
index number 0
<!DOCTYPE html>
^
	at org.codehaus.groovy.jsr223.GroovyScriptEngineImpl.eval(GroovyScriptEngineImpl.java:320) ~[groovy-jsr223-3.0.20.jar:3.0.20]
	at org.codehaus.groovy.jsr223.GroovyCompiledScript.eval(GroovyCompiledScript.java:71) ~[groovy-jsr223-3.0.20.jar:3.0.20]
	at java.scripting/javax.script.CompiledScript.eval(CompiledScript.java:93) ~[java.scripting:?]
	at org.apache.jmeter.util.JSR223TestElement.processFileOrScript(JSR223TestElement.java:230) ~[ApacheJMeter_core.jar:5.6.3]
	at org.apache.jmeter.assertions.JSR223Assertion.getResult(JSR223Assertion.java:50) ~[ApacheJMeter_components.jar:5.6.3]
	at org.apache.jmeter.threads.JMeterThread.processAssertion(JMeterThread.java:949) ~[ApacheJMeter_core.jar:5.6.3]
	at org.apache.jmeter.threads.JMeterThread.checkAssertions(JMeterThread.java:918) ~[ApacheJMeter_core.jar:5.6.3]
	at org.apache.jmeter.threads.JMeterThread.executeSamplePackage(JMeterThread.java:586) ~[ApacheJMeter_core.jar:5.6.3]
	at org.apache.jmeter.threads.JMeterThread.processSampler(JMeterThread.java:501) ~[ApacheJMeter_core.jar:5.6.3]
	at org.apache.jmeter.threads.JMeterThread.run(JMeterThread.java:268) ~[ApacheJMeter_core.jar:5.6.3]
	at java.base/java.lang.Thread.run(Thread.java:1583) [?:?]
Caused by: groovy.json.JsonException: Unable to determine the current character, it is not a string, number, array, or object

The current character read is '<' with an int value of 60
Unable to determine the current character, it is not a string, number, array, or object
line number 1
index number 0
<!DOCTYPE html>
^
	at org.apache.groovy.json.internal.JsonParserCharArray.decodeValueInternal(JsonParserCharArray.java:202) ~[groovy-json-3.0.20.jar:3.0.20]
	at org.apache.groovy.json.internal.JsonParserCharArray.decodeValue(JsonParserCharArray.java:153) ~[groovy-json-3.0.20.jar:3.0.20]
	at org.apache.groovy.json.internal.JsonParserCharArray.decodeFromChars(JsonParserCharArray.java:43) ~[groovy-json-3.0.20.jar:3.0.20]
	at org.apache.groovy.json.internal.JsonParserCharArray.parse(JsonParserCharArray.java:380) ~[groovy-json-3.0.20.jar:3.0.20]
	at org.apache.groovy.json.internal.BaseJsonParser.parse(BaseJsonParser.java:113) ~[groovy-json-3.0.20.jar:3.0.20]
	at groovy.json.JsonSlurper.parseText(JsonSlurper.java:204) ~[groovy-json-3.0.20.jar:3.0.20]
	at groovy.json.JsonSlurper$parseText.call(Unknown Source) ~[?:?]
	at Script5.run(Script5.groovy:1) ~[?:?]
	at org.codehaus.groovy.jsr223.GroovyScriptEngineImpl.eval(GroovyScriptEngineImpl.java:317) ~[groovy-jsr223-3.0.20.jar:3.0.20]
	... 10 more
2026-08-31 17:32:59,072 ERROR o.a.j.a.JSR223Assertion: Problem in JSR223 script: Validate coupon amounts
javax.script.ScriptException: groovy.json.JsonException: Unable to determine the current character, it is not a string, number, array, or object

The current character read is '<' with an int value of 60
Unable to determine the current character, it is not a string, number, array, or object
line number 1
index number 0
<!DOCTYPE html>
^
	at org.codehaus.groovy.jsr223.GroovyScriptEngineImpl.eval(GroovyScriptEngineImpl.java:320) ~[groovy-jsr223-3.0.20.jar:3.0.20]
	at org.codehaus.groovy.jsr223.GroovyCompiledScript.eval(GroovyCompiledScript.java:71) ~[groovy-jsr223-3.0.20.jar:3.0.20]
	at java.scripting/javax.script.CompiledScript.eval(CompiledScript.java:93) ~[java.scripting:?]
	at org.apache.jmeter.util.JSR223TestElement.processFileOrScript(JSR223TestElement.java:230) ~[ApacheJMeter_core.jar:5.6.3]
	at org.apache.jmeter.assertions.JSR223Assertion.getResult(JSR223Assertion.java:50) ~[ApacheJMeter_components.jar:5.6.3]
	at org.apache.jmeter.threads.JMeterThread.processAssertion(JMeterThread.java:949) ~[ApacheJMeter_core.jar:5.6.3]
	at org.apache.jmeter.threads.JMeterThread.checkAssertions(JMeterThread.java:918) ~[ApacheJMeter_core.jar:5.6.3]
	at org.apache.jmeter.threads.JMeterThread.executeSamplePackage(JMeterThread.java:586) ~[ApacheJMeter_core.jar:5.6.3]
	at org.apache.jmeter.threads.JMeterThread.processSampler(JMeterThread.java:501) ~[ApacheJMeter_core.jar:5.6.3]
	at org.apache.jmeter.threads.JMeterThread.run(JMeterThread.java:268) ~[ApacheJMeter_core.jar:5.6.3]
	at java.base/java.lang.Thread.run(Thread.java:1583) [?:?]
Caused by: groovy.json.JsonException: Unable to determine the current character, it is not a string, number, array, or object

The current character read is '<' with an int value of 60
Unable to determine the current character, it is not a string, number, array, or object
line number 1
index number 0
<!DOCTYPE html>
^
	at org.apache.groovy.json.internal.JsonParserCharArray.decodeValueInternal(JsonParserCharArray.java:202) ~[groovy-json-3.0.20.jar:3.0.20]
	at org.apache.groovy.json.internal.JsonParserCharArray.decodeValue(JsonParserCharArray.java:153) ~[groovy-json-3.0.20.jar:3.0.20]
	at org.apache.groovy.json.internal.JsonParserCharArray.decodeFromChars(JsonParserCharArray.java:43) ~[groovy-json-3.0.20.jar:3.0.20]
	at org.apache.groovy.json.internal.JsonParserCharArray.parse(JsonParserCharArray.java:380) ~[groovy-json-3.0.20.jar:3.0.20]
	at org.apache.groovy.json.internal.BaseJsonParser.parse(BaseJsonParser.java:113) ~[groovy-json-3.0.20.jar:3.0.20]
	at groovy.json.JsonSlurper.parseText(JsonSlurper.java:204) ~[groovy-json-3.0.20.jar:3.0.20]
	at groovy.json.JsonSlurper$parseText.call(Unknown Source) ~[?:?]
	at Script5.run(Script5.groovy:1) ~[?:?]
	at org.codehaus.groovy.jsr223.GroovyScriptEngineImpl.eval(GroovyScriptEngineImpl.java:317) ~[groovy-jsr223-3.0.20.jar:3.0.20]
	... 10 more
2026-08-31 17:32:59,108 ERROR o.a.j.a.JSR223Assertion: Problem in JSR223 script: Validate coupon amounts
javax.script.ScriptException: groovy.json.JsonException: Unable to determine the current character, it is not a string, number, array, or object

The current character read is '<' with an int value of 60
Unable to determine the current character, it is not a string, number, array, or object
line number 1
index number 0
<!DOCTYPE html>
^
	at org.codehaus.groovy.jsr223.GroovyScriptEngineImpl.eval(GroovyScriptEngineImpl.java:320) ~[groovy-jsr223-3.0.20.jar:3.0.20]
	at org.codehaus.groovy.jsr223.GroovyCompiledScript.eval(GroovyCompiledScript.java:71) ~[groovy-jsr223-3.0.20.jar:3.0.20]
	at java.scripting/javax.script.CompiledScript.eval(CompiledScript.java:93) ~[java.scripting:?]
	at org.apache.jmeter.util.JSR223TestElement.processFileOrScript(JSR223TestElement.java:230) ~[ApacheJMeter_core.jar:5.6.3]
	at org.apache.jmeter.assertions.JSR223Assertion.getResult(JSR223Assertion.java:50) ~[ApacheJMeter_components.jar:5.6.3]
	at org.apache.jmeter.threads.JMeterThread.processAssertion(JMeterThread.java:949) ~[ApacheJMeter_core.jar:5.6.3]
	at org.apache.jmeter.threads.JMeterThread.checkAssertions(JMeterThread.java:918) ~[ApacheJMeter_core.jar:5.6.3]
	at org.apache.jmeter.threads.JMeterThread.executeSamplePackage(JMeterThread.java:586) ~[ApacheJMeter_core.jar:5.6.3]
	at org.apache.jmeter.threads.JMeterThread.processSampler(JMeterThread.java:501) ~[ApacheJMeter_core.jar:5.6.3]
	at org.apache.jmeter.threads.JMeterThread.run(JMeterThread.java:268) ~[ApacheJMeter_core.jar:5.6.3]
	at java.base/java.lang.Thread.run(Thread.java:1583) [?:?]
Caused by: groovy.json.JsonException: Unable to determine the current character, it is not a string, number, array, or object

The current character read is '<' with an int value of 60
Unable to determine the current character, it is not a string, number, array, or object
line number 1
index number 0
<!DOCTYPE html>
^
	at org.apache.groovy.json.internal.JsonParserCharArray.decodeValueInternal(JsonParserCharArray.java:202) ~[groovy-json-3.0.20.jar:3.0.20]
	at org.apache.groovy.json.internal.JsonParserCharArray.decodeValue(JsonParserCharArray.java:153) ~[groovy-json-3.0.20.jar:3.0.20]
	at org.apache.groovy.json.internal.JsonParserCharArray.decodeFromChars(JsonParserCharArray.java:43) ~[groovy-json-3.0.20.jar:3.0.20]
	at org.apache.groovy.json.internal.JsonParserCharArray.parse(JsonParserCharArray.java:380) ~[groovy-json-3.0.20.jar:3.0.20]
	at org.apache.groovy.json.internal.BaseJsonParser.parse(BaseJsonParser.java:113) ~[groovy-json-3.0.20.jar:3.0.20]
	at groovy.json.JsonSlurper.parseText(JsonSlurper.java:204) ~[groovy-json-3.0.20.jar:3.0.20]
	at groovy.json.JsonSlurper$parseText.call(Unknown Source) ~[?:?]
	at Script5.run(Script5.groovy:1) ~[?:?]
	at org.codehaus.groovy.jsr223.GroovyScriptEngineImpl.eval(GroovyScriptEngineImpl.java:317) ~[groovy-jsr223-3.0.20.jar:3.0.20]
	... 10 more
2026-08-31 17:32:59,380 ERROR o.a.j.a.JSR223Assertion: Problem in JSR223 script: Validate coupon amounts
javax.script.ScriptException: groovy.json.JsonException: Unable to determine the current character, it is not a string, number, array, or object

The current character read is '<' with an int value of 60
Unable to determine the current character, it is not a string, number, array, or object
line number 1
index number 0
<!DOCTYPE html>
^
	at org.codehaus.groovy.jsr223.GroovyScriptEngineImpl.eval(GroovyScriptEngineImpl.java:320) ~[groovy-jsr223-3.0.20.jar:3.0.20]
	at org.codehaus.groovy.jsr223.GroovyCompiledScript.eval(GroovyCompiledScript.java:71) ~[groovy-jsr223-3.0.20.jar:3.0.20]
	at java.scripting/javax.script.CompiledScript.eval(CompiledScript.java:93) ~[java.scripting:?]
	at org.apache.jmeter.util.JSR223TestElement.processFileOrScript(JSR223TestElement.java:230) ~[ApacheJMeter_core.jar:5.6.3]
	at org.apache.jmeter.assertions.JSR223Assertion.getResult(JSR223Assertion.java:50) ~[ApacheJMeter_components.jar:5.6.3]
	at org.apache.jmeter.threads.JMeterThread.processAssertion(JMeterThread.java:949) ~[ApacheJMeter_core.jar:5.6.3]
	at org.apache.jmeter.threads.JMeterThread.checkAssertions(JMeterThread.java:918) ~[ApacheJMeter_core.jar:5.6.3]
	at org.apache.jmeter.threads.JMeterThread.executeSamplePackage(JMeterThread.java:586) ~[ApacheJMeter_core.jar:5.6.3]
	at org.apache.jmeter.threads.JMeterThread.processSampler(JMeterThread.java:501) ~[ApacheJMeter_core.jar:5.6.3]
	at org.apache.jmeter.threads.JMeterThread.run(JMeterThread.java:268) ~[ApacheJMeter_core.jar:5.6.3]
	at java.base/java.lang.Thread.run(Thread.java:1583) [?:?]
Caused by: groovy.json.JsonException: Unable to determine the current character, it is not a string, number, array, or object

The current character read is '<' with an int value of 60
Unable to determine the current character, it is not a string, number, array, or object
line number 1
index number 0
<!DOCTYPE html>
^
	at org.apache.groovy.json.internal.JsonParserCharArray.decodeValueInternal(JsonParserCharArray.java:202) ~[groovy-json-3.0.20.jar:3.0.20]
	at org.apache.groovy.json.internal.JsonParserCharArray.decodeValue(JsonParserCharArray.java:153) ~[groovy-json-3.0.20.jar:3.0.20]
	at org.apache.groovy.json.internal.JsonParserCharArray.decodeFromChars(JsonParserCharArray.java:43) ~[groovy-json-3.0.20.jar:3.0.20]
	at org.apache.groovy.json.internal.JsonParserCharArray.parse(JsonParserCharArray.java:380) ~[groovy-json-3.0.20.jar:3.0.20]
	at org.apache.groovy.json.internal.BaseJsonParser.parse(BaseJsonParser.java:113) ~[groovy-json-3.0.20.jar:3.0.20]
	at groovy.json.JsonSlurper.parseText(JsonSlurper.java:204) ~[groovy-json-3.0.20.jar:3.0.20]
	at groovy.json.JsonSlurper$parseText.call(Unknown Source) ~[?:?]
	at Script5.run(Script5.groovy:1) ~[?:?]
	at org.codehaus.groovy.jsr223.GroovyScriptEngineImpl.eval(GroovyScriptEngineImpl.java:317) ~[groovy-jsr223-3.0.20.jar:3.0.20]
	... 10 more
2026-08-31 17:33:00,070 INFO o.a.j.r.Summariser: summary +    504 in 00:00:30 =   16.8/s Avg:     1 Min:     0 Max:     4 Err:   504 (100.00%) Active: 6 Started: 6 Finished: 0
2026-08-31 17:33:00,070 INFO o.a.j.r.Summariser: summary =    594 in 00:00:42 =   14.1/s Avg:     1 Min:     0 Max:    17 Err:   589 (99.16%)
2026-08-31 17:33:00,476 ERROR o.a.j.a.JSR223Assertion: Problem in JSR223 script: Validate coupon amounts
javax.script.ScriptException: groovy.json.JsonException: Unable to determine the current character, it is not a string, number, array, or object

The current character read is '<' with an int value of 60
Unable to determine the current character, it is not a string, number, array, or object
line number 1
index number 0
<!DOCTYPE html>
^
	at org.codehaus.groovy.jsr223.GroovyScriptEngineImpl.eval(GroovyScriptEngineImpl.java:320) ~[groovy-jsr223-3.0.20.jar:3.0.20]
	at org.codehaus.groovy.jsr223.GroovyCompiledScript.eval(GroovyCompiledScript.java:71) ~[groovy-jsr223-3.0.20.jar:3.0.20]
	at java.scripting/javax.script.CompiledScript.eval(CompiledScript.java:93) ~[java.scripting:?]
	at org.apache.jmeter.util.JSR223TestElement.processFileOrScript(JSR223TestElement.java:230) ~[ApacheJMeter_core.jar:5.6.3]
	at org.apache.jmeter.assertions.JSR223Assertion.getResult(JSR223Assertion.java:50) ~[ApacheJMeter_components.jar:5.6.3]
	at org.apache.jmeter.threads.JMeterThread.processAssertion(JMeterThread.java:949) ~[ApacheJMeter_core.jar:5.6.3]
	at org.apache.jmeter.threads.JMeterThread.checkAssertions(JMeterThread.java:918) ~[ApacheJMeter_core.jar:5.6.3]
	at org.apache.jmeter.threads.JMeterThread.executeSamplePackage(JMeterThread.java:586) ~[ApacheJMeter_core.jar:5.6.3]
	at org.apache.jmeter.threads.JMeterThread.processSampler(JMeterThread.java:501) ~[ApacheJMeter_core.jar:5.6.3]
	at org.apache.jmeter.threads.JMeterThread.run(JMeterThread.java:268) ~[ApacheJMeter_core.jar:5.6.3]
	at java.base/java.lang.Thread.run(Thread.java:1583) [?:?]
Caused by: groovy.json.JsonException: Unable to determine the current character, it is not a string, number, array, or object

The current character read is '<' with an int value of 60
Unable to determine the current character, it is not a string, number, array, or object
line number 1
index number 0
<!DOCTYPE html>
^
	at org.apache.groovy.json.internal.JsonParserCharArray.decodeValueInternal(JsonParserCharArray.java:202) ~[groovy-json-3.0.20.jar:3.0.20]
	at org.apache.groovy.json.internal.JsonParserCharArray.decodeValue(JsonParserCharArray.java:153) ~[groovy-json-3.0.20.jar:3.0.20]
	at org.apache.groovy.json.internal.JsonParserCharArray.decodeFromChars(JsonParserCharArray.java:43) ~[groovy-json-3.0.20.jar:3.0.20]
	at org.apache.groovy.json.internal.JsonParserCharArray.parse(JsonParserCharArray.java:380) ~[groovy-json-3.0.20.jar:3.0.20]
	at org.apache.groovy.json.internal.BaseJsonParser.parse(BaseJsonParser.java:113) ~[groovy-json-3.0.20.jar:3.0.20]
	at groovy.json.JsonSlurper.parseText(JsonSlurper.java:204) ~[groovy-json-3.0.20.jar:3.0.20]
	at groovy.json.JsonSlurper$parseText.call(Unknown Source) ~[?:?]
	at Script5.run(Script5.groovy:1) ~[?:?]
	at org.codehaus.groovy.jsr223.GroovyScriptEngineImpl.eval(GroovyScriptEngineImpl.java:317) ~[groovy-jsr223-3.0.20.jar:3.0.20]
	... 10 more
2026-08-31 17:33:00,507 ERROR o.a.j.a.JSR223Assertion: Problem in JSR223 script: Validate coupon amounts
javax.script.ScriptException: groovy.json.JsonException: Unable to determine the current character, it is not a string, number, array, or object

The current character read is '<' with an int value of 60
Unable to determine the current character, it is not a string, number, array, or object
line number 1
index number 0
<!DOCTYPE html>
^
	at org.codehaus.groovy.jsr223.GroovyScriptEngineImpl.eval(GroovyScriptEngineImpl.java:320) ~[groovy-jsr223-3.0.20.jar:3.0.20]
	at org.codehaus.groovy.jsr223.GroovyCompiledScript.eval(GroovyCompiledScript.java:71) ~[groovy-jsr223-3.0.20.jar:3.0.20]
	at java.scripting/javax.script.CompiledScript.eval(CompiledScript.java:93) ~[java.scripting:?]
	at org.apache.jmeter.util.JSR223TestElement.processFileOrScript(JSR223TestElement.java:230) ~[ApacheJMeter_core.jar:5.6.3]
	at org.apache.jmeter.assertions.JSR223Assertion.getResult(JSR223Assertion.java:50) ~[ApacheJMeter_components.jar:5.6.3]
	at org.apache.jmeter.threads.JMeterThread.processAssertion(JMeterThread.java:949) ~[ApacheJMeter_core.jar:5.6.3]
	at org.apache.jmeter.threads.JMeterThread.checkAssertions(JMeterThread.java:918) ~[ApacheJMeter_core.jar:5.6.3]
	at org.apache.jmeter.threads.JMeterThread.executeSamplePackage(JMeterThread.java:586) ~[ApacheJMeter_core.jar:5.6.3]
	at org.apache.jmeter.threads.JMeterThread.processSampler(JMeterThread.java:501) ~[ApacheJMeter_core.jar:5.6.3]
	at org.apache.jmeter.threads.JMeterThread.run(JMeterThread.java:268) ~[ApacheJMeter_core.jar:5.6.3]
	at java.base/java.lang.Thread.run(Thread.java:1583) [?:?]
Caused by: groovy.json.JsonException: Unable to determine the current character, it is not a string, number, array, or object

The current character read is '<' with an int value of 60
Unable to determine the current character, it is not a string, number, array, or object
line number 1
index number 0
<!DOCTYPE html>
^
	at org.apache.groovy.json.internal.JsonParserCharArray.decodeValueInternal(JsonParserCharArray.java:202) ~[groovy-json-3.0.20.jar:3.0.20]
	at org.apache.groovy.json.internal.JsonParserCharArray.decodeValue(JsonParserCharArray.java:153) ~[groovy-json-3.0.20.jar:3.0.20]
	at org.apache.groovy.json.internal.JsonParserCharArray.decodeFromChars(JsonParserCharArray.java:43) ~[groovy-json-3.0.20.jar:3.0.20]
	at org.apache.groovy.json.internal.JsonParserCharArray.parse(JsonParserCharArray.java:380) ~[groovy-json-3.0.20.jar:3.0.20]
	at org.apache.groovy.json.internal.BaseJsonParser.parse(BaseJsonParser.java:113) ~[groovy-json-3.0.20.jar:3.0.20]
	at groovy.json.JsonSlurper.parseText(JsonSlurper.java:204) ~[groovy-json-3.0.20.jar:3.0.20]
	at groovy.json.JsonSlurper$parseText.call(Unknown Source) ~[?:?]
	at Script5.run(Script5.groovy:1) ~[?:?]
	at org.codehaus.groovy.jsr223.GroovyScriptEngineImpl.eval(GroovyScriptEngineImpl.java:317) ~[groovy-jsr223-3.0.20.jar:3.0.20]
	... 10 more
2026-08-31 17:33:00,655 ERROR o.a.j.a.JSR223Assertion: Problem in JSR223 script: Validate coupon amounts
javax.script.ScriptException: groovy.json.JsonException: Unable to determine the current character, it is not a string, number, array, or object

The current character read is '<' with an int value of 60
Unable to determine the current character, it is not a string, number, array, or object
line number 1
index number 0
<!DOCTYPE html>
^
	at org.codehaus.groovy.jsr223.GroovyScriptEngineImpl.eval(GroovyScriptEngineImpl.java:320) ~[groovy-jsr223-3.0.20.jar:3.0.20]
	at org.codehaus.groovy.jsr223.GroovyCompiledScript.eval(GroovyCompiledScript.java:71) ~[groovy-jsr223-3.0.20.jar:3.0.20]
	at java.scripting/javax.script.CompiledScript.eval(CompiledScript.java:93) ~[java.scripting:?]
	at org.apache.jmeter.util.JSR223TestElement.processFileOrScript(JSR223TestElement.java:230) ~[ApacheJMeter_core.jar:5.6.3]
	at org.apache.jmeter.assertions.JSR223Assertion.getResult(JSR223Assertion.java:50) ~[ApacheJMeter_components.jar:5.6.3]
	at org.apache.jmeter.threads.JMeterThread.processAssertion(JMeterThread.java:949) ~[ApacheJMeter_core.jar:5.6.3]
	at org.apache.jmeter.threads.JMeterThread.checkAssertions(JMeterThread.java:918) ~[ApacheJMeter_core.jar:5.6.3]
	at org.apache.jmeter.threads.JMeterThread.executeSamplePackage(JMeterThread.java:586) ~[ApacheJMeter_core.jar:5.6.3]
	at org.apache.jmeter.threads.JMeterThread.processSampler(JMeterThread.java:501) ~[ApacheJMeter_core.jar:5.6.3]
	at org.apache.jmeter.threads.JMeterThread.run(JMeterThread.java:268) ~[ApacheJMeter_core.jar:5.6.3]
	at java.base/java.lang.Thread.run(Thread.java:1583) [?:?]
Caused by: groovy.json.JsonException: Unable to determine the current character, it is not a string, number, array, or object

The current character read is '<' with an int value of 60
Unable to determine the current character, it is not a string, number, array, or object
line number 1
index number 0
<!DOCTYPE html>
^
	at org.apache.groovy.json.internal.JsonParserCharArray.decodeValueInternal(JsonParserCharArray.java:202) ~[groovy-json-3.0.20.jar:3.0.20]
	at org.apache.groovy.json.internal.JsonParserCharArray.decodeValue(JsonParserCharArray.java:153) ~[groovy-json-3.0.20.jar:3.0.20]
	at org.apache.groovy.json.internal.JsonParserCharArray.decodeFromChars(JsonParserCharArray.java:43) ~[groovy-json-3.0.20.jar:3.0.20]
	at org.apache.groovy.json.internal.JsonParserCharArray.parse(JsonParserCharArray.java:380) ~[groovy-json-3.0.20.jar:3.0.20]
	at org.apache.groovy.json.internal.BaseJsonParser.parse(BaseJsonParser.java:113) ~[groovy-json-3.0.20.jar:3.0.20]
	at groovy.json.JsonSlurper.parseText(JsonSlurper.java:204) ~[groovy-json-3.0.20.jar:3.0.20]
	at groovy.json.JsonSlurper$parseText.call(Unknown Source) ~[?:?]
	at Script5.run(Script5.groovy:1) ~[?:?]
	at org.codehaus.groovy.jsr223.GroovyScriptEngineImpl.eval(GroovyScriptEngineImpl.java:317) ~[groovy-jsr223-3.0.20.jar:3.0.20]
	... 10 more
2026-08-31 17:33:00,800 ERROR o.a.j.a.JSR223Assertion: Problem in JSR223 script: Validate coupon amounts
javax.script.ScriptException: groovy.json.JsonException: Unable to determine the current character, it is not a string, number, array, or object

The current character read is '<' with an int value of 60
Unable to determine the current character, it is not a string, number, array, or object
line number 1
index number 0
<!DOCTYPE html>
^
	at org.codehaus.groovy.jsr223.GroovyScriptEngineImpl.eval(GroovyScriptEngineImpl.java:320) ~[groovy-jsr223-3.0.20.jar:3.0.20]
	at org.codehaus.groovy.jsr223.GroovyCompiledScript.eval(GroovyCompiledScript.java:71) ~[groovy-jsr223-3.0.20.jar:3.0.20]
	at java.scripting/javax.script.CompiledScript.eval(CompiledScript.java:93) ~[java.scripting:?]
	at org.apache.jmeter.util.JSR223TestElement.processFileOrScript(JSR223TestElement.java:230) ~[ApacheJMeter_core.jar:5.6.3]
	at org.apache.jmeter.assertions.JSR223Assertion.getResult(JSR223Assertion.java:50) ~[ApacheJMeter_components.jar:5.6.3]
	at org.apache.jmeter.threads.JMeterThread.processAssertion(JMeterThread.java:949) ~[ApacheJMeter_core.jar:5.6.3]
	at org.apache.jmeter.threads.JMeterThread.checkAssertions(JMeterThread.java:918) ~[ApacheJMeter_core.jar:5.6.3]
	at org.apache.jmeter.threads.JMeterThread.executeSamplePackage(JMeterThread.java:586) ~[ApacheJMeter_core.jar:5.6.3]
	at org.apache.jmeter.threads.JMeterThread.processSampler(JMeterThread.java:501) ~[ApacheJMeter_core.jar:5.6.3]
	at org.apache.jmeter.threads.JMeterThread.run(JMeterThread.java:268) ~[ApacheJMeter_core.jar:5.6.3]
	at java.base/java.lang.Thread.run(Thread.java:1583) [?:?]
Caused by: groovy.json.JsonException: Unable to determine the current character, it is not a string, number, array, or object

The current character read is '<' with an int value of 60
Unable to determine the current character, it is not a string, number, array, or object
line number 1
index number 0
<!DOCTYPE html>
^
	at org.apache.groovy.json.internal.JsonParserCharArray.decodeValueInternal(JsonParserCharArray.java:202) ~[groovy-json-3.0.20.jar:3.0.20]
	at org.apache.groovy.json.internal.JsonParserCharArray.decodeValue(JsonParserCharArray.java:153) ~[groovy-json-3.0.20.jar:3.0.20]
	at org.apache.groovy.json.internal.JsonParserCharArray.decodeFromChars(JsonParserCharArray.java:43) ~[groovy-json-3.0.20.jar:3.0.20]
	at org.apache.groovy.json.internal.JsonParserCharArray.parse(JsonParserCharArray.java:380) ~[groovy-json-3.0.20.jar:3.0.20]
	at org.apache.groovy.json.internal.BaseJsonParser.parse(BaseJsonParser.java:113) ~[groovy-json-3.0.20.jar:3.0.20]
	at groovy.json.JsonSlurper.parseText(JsonSlurper.java:204) ~[groovy-json-3.0.20.jar:3.0.20]
	at groovy.json.JsonSlurper$parseText.call(Unknown Source) ~[?:?]
	at Script5.run(Script5.groovy:1) ~[?:?]
	at org.codehaus.groovy.jsr223.GroovyScriptEngineImpl.eval(GroovyScriptEngineImpl.java:317) ~[groovy-jsr223-3.0.20.jar:3.0.20]
	... 10 more
2026-08-31 17:33:01,025 ERROR o.a.j.a.JSR223Assertion: Problem in JSR223 script: Validate coupon amounts
javax.script.ScriptException: groovy.json.JsonException: Unable to determine the current character, it is not a string, number, array, or object

The current character read is '<' with an int value of 60
Unable to determine the current character, it is not a string, number, array, or object
line number 1
index number 0
<!DOCTYPE html>
^
	at org.codehaus.groovy.jsr223.GroovyScriptEngineImpl.eval(GroovyScriptEngineImpl.java:320) ~[groovy-jsr223-3.0.20.jar:3.0.20]
	at org.codehaus.groovy.jsr223.GroovyCompiledScript.eval(GroovyCompiledScript.java:71) ~[groovy-jsr223-3.0.20.jar:3.0.20]
	at java.scripting/javax.script.CompiledScript.eval(CompiledScript.java:93) ~[java.scripting:?]
	at org.apache.jmeter.util.JSR223TestElement.processFileOrScript(JSR223TestElement.java:230) ~[ApacheJMeter_core.jar:5.6.3]
	at org.apache.jmeter.assertions.JSR223Assertion.getResult(JSR223Assertion.java:50) ~[ApacheJMeter_components.jar:5.6.3]
	at org.apache.jmeter.threads.JMeterThread.processAssertion(JMeterThread.java:949) ~[ApacheJMeter_core.jar:5.6.3]
	at org.apache.jmeter.threads.JMeterThread.checkAssertions(JMeterThread.java:918) ~[ApacheJMeter_core.jar:5.6.3]
	at org.apache.jmeter.threads.JMeterThread.executeSamplePackage(JMeterThread.java:586) ~[ApacheJMeter_core.jar:5.6.3]
	at org.apache.jmeter.threads.JMeterThread.processSampler(JMeterThread.java:501) ~[ApacheJMeter_core.jar:5.6.3]
	at org.apache.jmeter.threads.JMeterThread.run(JMeterThread.java:268) ~[ApacheJMeter_core.jar:5.6.3]
	at java.base/java.lang.Thread.run(Thread.java:1583) [?:?]
Caused by: groovy.json.JsonException: Unable to determine the current character, it is not a string, number, array, or object

The current character read is '<' with an int value of 60
Unable to determine the current character, it is not a string, number, array, or object
line number 1
index number 0
<!DOCTYPE html>
^
	at org.apache.groovy.json.internal.JsonParserCharArray.decodeValueInternal(JsonParserCharArray.java:202) ~[groovy-json-3.0.20.jar:3.0.20]
	at org.apache.groovy.json.internal.JsonParserCharArray.decodeValue(JsonParserCharArray.java:153) ~[groovy-json-3.0.20.jar:3.0.20]
	at org.apache.groovy.json.internal.JsonParserCharArray.decodeFromChars(JsonParserCharArray.java:43) ~[groovy-json-3.0.20.jar:3.0.20]
	at org.apache.groovy.json.internal.JsonParserCharArray.parse(JsonParserCharArray.java:380) ~[groovy-json-3.0.20.jar:3.0.20]
	at org.apache.groovy.json.internal.BaseJsonParser.parse(BaseJsonParser.java:113) ~[groovy-json-3.0.20.jar:3.0.20]
	at groovy.json.JsonSlurper.parseText(JsonSlurper.java:204) ~[groovy-json-3.0.20.jar:3.0.20]
	at groovy.json.JsonSlurper$parseText.call(Unknown Source) ~[?:?]
	at Script5.run(Script5.groovy:1) ~[?:?]
	at org.codehaus.groovy.jsr223.GroovyScriptEngineImpl.eval(GroovyScriptEngineImpl.java:317) ~[groovy-jsr223-3.0.20.jar:3.0.20]
	... 10 more
2026-08-31 17:33:01,447 ERROR o.a.j.a.JSR223Assertion: Problem in JSR223 script: Validate coupon amounts
javax.script.ScriptException: groovy.json.JsonException: Unable to determine the current character, it is not a string, number, array, or object

The current character read is '<' with an int value of 60
Unable to determine the current character, it is not a string, number, array, or object
line number 1
index number 0
<!DOCTYPE html>
^
	at org.codehaus.groovy.jsr223.GroovyScriptEngineImpl.eval(GroovyScriptEngineImpl.java:320) ~[groovy-jsr223-3.0.20.jar:3.0.20]
	at org.codehaus.groovy.jsr223.GroovyCompiledScript.eval(GroovyCompiledScript.java:71) ~[groovy-jsr223-3.0.20.jar:3.0.20]
	at java.scripting/javax.script.CompiledScript.eval(CompiledScript.java:93) ~[java.scripting:?]
	at org.apache.jmeter.util.JSR223TestElement.processFileOrScript(JSR223TestElement.java:230) ~[ApacheJMeter_core.jar:5.6.3]
	at org.apache.jmeter.assertions.JSR223Assertion.getResult(JSR223Assertion.java:50) ~[ApacheJMeter_components.jar:5.6.3]
	at org.apache.jmeter.threads.JMeterThread.processAssertion(JMeterThread.java:949) ~[ApacheJMeter_core.jar:5.6.3]
	at org.apache.jmeter.threads.JMeterThread.checkAssertions(JMeterThread.java:918) ~[ApacheJMeter_core.jar:5.6.3]
	at org.apache.jmeter.threads.JMeterThread.executeSamplePackage(JMeterThread.java:586) ~[ApacheJMeter_core.jar:5.6.3]
	at org.apache.jmeter.threads.JMeterThread.processSampler(JMeterThread.java:501) ~[ApacheJMeter_core.jar:5.6.3]
	at org.apache.jmeter.threads.JMeterThread.run(JMeterThread.java:268) ~[ApacheJMeter_core.jar:5.6.3]
	at java.base/java.lang.Thread.run(Thread.java:1583) [?:?]
Caused by: groovy.json.JsonException: Unable to determine the current character, it is not a string, number, array, or object

The current character read is '<' with an int value of 60
Unable to determine the current character, it is not a string, number, array, or object
line number 1
index number 0
<!DOCTYPE html>
^
	at org.apache.groovy.json.internal.JsonParserCharArray.decodeValueInternal(JsonParserCharArray.java:202) ~[groovy-json-3.0.20.jar:3.0.20]
	at org.apache.groovy.json.internal.JsonParserCharArray.decodeValue(JsonParserCharArray.java:153) ~[groovy-json-3.0.20.jar:3.0.20]
	at org.apache.groovy.json.internal.JsonParserCharArray.decodeFromChars(JsonParserCharArray.java:43) ~[groovy-json-3.0.20.jar:3.0.20]
	at org.apache.groovy.json.internal.JsonParserCharArray.parse(JsonParserCharArray.java:380) ~[groovy-json-3.0.20.jar:3.0.20]
	at org.apache.groovy.json.internal.BaseJsonParser.parse(BaseJsonParser.java:113) ~[groovy-json-3.0.20.jar:3.0.20]
	at groovy.json.JsonSlurper.parseText(JsonSlurper.java:204) ~[groovy-json-3.0.20.jar:3.0.20]
	at groovy.json.JsonSlurper$parseText.call(Unknown Source) ~[?:?]
	at Script5.run(Script5.groovy:1) ~[?:?]
	at org.codehaus.groovy.jsr223.GroovyScriptEngineImpl.eval(GroovyScriptEngineImpl.java:317) ~[groovy-jsr223-3.0.20.jar:3.0.20]
	... 10 more
2026-08-31 17:33:02,539 ERROR o.a.j.a.JSR223Assertion: Problem in JSR223 script: Validate coupon amounts
javax.script.ScriptException: groovy.json.JsonException: Unable to determine the current character, it is not a string, number, array, or object

The current character read is '<' with an int value of 60
Unable to determine the current character, it is not a string, number, array, or object
line number 1
index number 0
<!DOCTYPE html>
^
	at org.codehaus.groovy.jsr223.GroovyScriptEngineImpl.eval(GroovyScriptEngineImpl.java:320) ~[groovy-jsr223-3.0.20.jar:3.0.20]
	at org.codehaus.groovy.jsr223.GroovyCompiledScript.eval(GroovyCompiledScript.java:71) ~[groovy-jsr223-3.0.20.jar:3.0.20]
	at java.scripting/javax.script.CompiledScript.eval(CompiledScript.java:93) ~[java.scripting:?]
	at org.apache.jmeter.util.JSR223TestElement.processFileOrScript(JSR223TestElement.java:230) ~[ApacheJMeter_core.jar:5.6.3]
	at org.apache.jmeter.assertions.JSR223Assertion.getResult(JSR223Assertion.java:50) ~[ApacheJMeter_components.jar:5.6.3]
	at org.apache.jmeter.threads.JMeterThread.processAssertion(JMeterThread.java:949) ~[ApacheJMeter_core.jar:5.6.3]
	at org.apache.jmeter.threads.JMeterThread.checkAssertions(JMeterThread.java:918) ~[ApacheJMeter_core.jar:5.6.3]
	at org.apache.jmeter.threads.JMeterThread.executeSamplePackage(JMeterThread.java:586) ~[ApacheJMeter_core.jar:5.6.3]
	at org.apache.jmeter.threads.JMeterThread.processSampler(JMeterThread.java:501) ~[ApacheJMeter_core.jar:5.6.3]
	at org.apache.jmeter.threads.JMeterThread.run(JMeterThread.java:268) ~[ApacheJMeter_core.jar:5.6.3]
	at java.base/java.lang.Thread.run(Thread.java:1583) [?:?]
Caused by: groovy.json.JsonException: Unable to determine the current character, it is not a string, number, array, or object

The current character read is '<' with an int value of 60
Unable to determine the current character, it is not a string, number, array, or object
line number 1
index number 0
<!DOCTYPE html>
^
	at org.apache.groovy.json.internal.JsonParserCharArray.decodeValueInternal(JsonParserCharArray.java:202) ~[groovy-json-3.0.20.jar:3.0.20]
	at org.apache.groovy.json.internal.JsonParserCharArray.decodeValue(JsonParserCharArray.java:153) ~[groovy-json-3.0.20.jar:3.0.20]
	at org.apache.groovy.json.internal.JsonParserCharArray.decodeFromChars(JsonParserCharArray.java:43) ~[groovy-json-3.0.20.jar:3.0.20]
	at org.apache.groovy.json.internal.JsonParserCharArray.parse(JsonParserCharArray.java:380) ~[groovy-json-3.0.20.jar:3.0.20]
	at org.apache.groovy.json.internal.BaseJsonParser.parse(BaseJsonParser.java:113) ~[groovy-json-3.0.20.jar:3.0.20]
	at groovy.json.JsonSlurper.parseText(JsonSlurper.java:204) ~[groovy-json-3.0.20.jar:3.0.20]
	at groovy.json.JsonSlurper$parseText.call(Unknown Source) ~[?:?]
	at Script5.run(Script5.groovy:1) ~[?:?]
	at org.codehaus.groovy.jsr223.GroovyScriptEngineImpl.eval(GroovyScriptEngineImpl.java:317) ~[groovy-jsr223-3.0.20.jar:3.0.20]
	... 10 more
2026-08-31 17:33:02,696 ERROR o.a.j.a.JSR223Assertion: Problem in JSR223 script: Validate coupon amounts
javax.script.ScriptException: groovy.json.JsonException: Unable to determine the current character, it is not a string, number, array, or object

The current character read is '<' with an int value of 60
Unable to determine the current character, it is not a string, number, array, or object
line number 1
index number 0
<!DOCTYPE html>
^
	at org.codehaus.groovy.jsr223.GroovyScriptEngineImpl.eval(GroovyScriptEngineImpl.java:320) ~[groovy-jsr223-3.0.20.jar:3.0.20]
	at org.codehaus.groovy.jsr223.GroovyCompiledScript.eval(GroovyCompiledScript.java:71) ~[groovy-jsr223-3.0.20.jar:3.0.20]
	at java.scripting/javax.script.CompiledScript.eval(CompiledScript.java:93) ~[java.scripting:?]
	at org.apache.jmeter.util.JSR223TestElement.processFileOrScript(JSR223TestElement.java:230) ~[ApacheJMeter_core.jar:5.6.3]
	at org.apache.jmeter.assertions.JSR223Assertion.getResult(JSR223Assertion.java:50) ~[ApacheJMeter_components.jar:5.6.3]
	at org.apache.jmeter.threads.JMeterThread.processAssertion(JMeterThread.java:949) ~[ApacheJMeter_core.jar:5.6.3]
	at org.apache.jmeter.threads.JMeterThread.checkAssertions(JMeterThread.java:918) ~[ApacheJMeter_core.jar:5.6.3]
	at org.apache.jmeter.threads.JMeterThread.executeSamplePackage(JMeterThread.java:586) ~[ApacheJMeter_core.jar:5.6.3]
	at org.apache.jmeter.threads.JMeterThread.processSampler(JMeterThread.java:501) ~[ApacheJMeter_core.jar:5.6.3]
	at org.apache.jmeter.threads.JMeterThread.run(JMeterThread.java:268) ~[ApacheJMeter_core.jar:5.6.3]
	at java.base/java.lang.Thread.run(Thread.java:1583) [?:?]
Caused by: groovy.json.JsonException: Unable to determine the current character, it is not a string, number, array, or object

The current character read is '<' with an int value of 60
Unable to determine the current character, it is not a string, number, array, or object
line number 1
index number 0
<!DOCTYPE html>
^
	at org.apache.groovy.json.internal.JsonParserCharArray.decodeValueInternal(JsonParserCharArray.java:202) ~[groovy-json-3.0.20.jar:3.0.20]
	at org.apache.groovy.json.internal.JsonParserCharArray.decodeValue(JsonParserCharArray.java:153) ~[groovy-json-3.0.20.jar:3.0.20]
	at org.apache.groovy.json.internal.JsonParserCharArray.decodeFromChars(JsonParserCharArray.java:43) ~[groovy-json-3.0.20.jar:3.0.20]
	at org.apache.groovy.json.internal.JsonParserCharArray.parse(JsonParserCharArray.java:380) ~[groovy-json-3.0.20.jar:3.0.20]
	at org.apache.groovy.json.internal.BaseJsonParser.parse(BaseJsonParser.java:113) ~[groovy-json-3.0.20.jar:3.0.20]
	at groovy.json.JsonSlurper.parseText(JsonSlurper.java:204) ~[groovy-json-3.0.20.jar:3.0.20]
	at groovy.json.JsonSlurper$parseText.call(Unknown Source) ~[?:?]
	at Script5.run(Script5.groovy:1) ~[?:?]
	at org.codehaus.groovy.jsr223.GroovyScriptEngineImpl.eval(GroovyScriptEngineImpl.java:317) ~[groovy-jsr223-3.0.20.jar:3.0.20]
	... 10 more
2026-08-31 17:33:02,703 ERROR o.a.j.a.JSR223Assertion: Problem in JSR223 script: Validate coupon amounts
javax.script.ScriptException: groovy.json.JsonException: Unable to determine the current character, it is not a string, number, array, or object

The current character read is '<' with an int value of 60
Unable to determine the current character, it is not a string, number, array, or object
line number 1
index number 0
<!DOCTYPE html>
^
	at org.codehaus.groovy.jsr223.GroovyScriptEngineImpl.eval(GroovyScriptEngineImpl.java:320) ~[groovy-jsr223-3.0.20.jar:3.0.20]
	at org.codehaus.groovy.jsr223.GroovyCompiledScript.eval(GroovyCompiledScript.java:71) ~[groovy-jsr223-3.0.20.jar:3.0.20]
	at java.scripting/javax.script.CompiledScript.eval(CompiledScript.java:93) ~[java.scripting:?]
	at org.apache.jmeter.util.JSR223TestElement.processFileOrScript(JSR223TestElement.java:230) ~[ApacheJMeter_core.jar:5.6.3]
	at org.apache.jmeter.assertions.JSR223Assertion.getResult(JSR223Assertion.java:50) ~[ApacheJMeter_components.jar:5.6.3]
	at org.apache.jmeter.threads.JMeterThread.processAssertion(JMeterThread.java:949) ~[ApacheJMeter_core.jar:5.6.3]
	at org.apache.jmeter.threads.JMeterThread.checkAssertions(JMeterThread.java:918) ~[ApacheJMeter_core.jar:5.6.3]
	at org.apache.jmeter.threads.JMeterThread.executeSamplePackage(JMeterThread.java:586) ~[ApacheJMeter_core.jar:5.6.3]
	at org.apache.jmeter.threads.JMeterThread.processSampler(JMeterThread.java:501) ~[ApacheJMeter_core.jar:5.6.3]
	at org.apache.jmeter.threads.JMeterThread.run(JMeterThread.java:268) ~[ApacheJMeter_core.jar:5.6.3]
	at java.base/java.lang.Thread.run(Thread.java:1583) [?:?]
Caused by: groovy.json.JsonException: Unable to determine the current character, it is not a string, number, array, or object

The current character read is '<' with an int value of 60
Unable to determine the current character, it is not a string, number, array, or object
line number 1
index number 0
<!DOCTYPE html>
^
	at org.apache.groovy.json.internal.JsonParserCharArray.decodeValueInternal(JsonParserCharArray.java:202) ~[groovy-json-3.0.20.jar:3.0.20]
	at org.apache.groovy.json.internal.JsonParserCharArray.decodeValue(JsonParserCharArray.java:153) ~[groovy-json-3.0.20.jar:3.0.20]
	at org.apache.groovy.json.internal.JsonParserCharArray.decodeFromChars(JsonParserCharArray.java:43) ~[groovy-json-3.0.20.jar:3.0.20]
	at org.apache.groovy.json.internal.JsonParserCharArray.parse(JsonParserCharArray.java:380) ~[groovy-json-3.0.20.jar:3.0.20]
	at org.apache.groovy.json.internal.BaseJsonParser.parse(BaseJsonParser.java:113) ~[groovy-json-3.0.20.jar:3.0.20]
	at groovy.json.JsonSlurper.parseText(JsonSlurper.java:204) ~[groovy-json-3.0.20.jar:3.0.20]
	at groovy.json.JsonSlurper$parseText.call(Unknown Source) ~[?:?]
	at Script5.run(Script5.groovy:1) ~[?:?]
	at org.codehaus.groovy.jsr223.GroovyScriptEngineImpl.eval(GroovyScriptEngineImpl.java:317) ~[groovy-jsr223-3.0.20.jar:3.0.20]
	... 10 more
2026-08-31 17:33:03,099 ERROR o.a.j.a.JSR223Assertion: Problem in JSR223 script: Validate coupon amounts
javax.script.ScriptException: groovy.json.JsonException: Unable to determine the current character, it is not a string, number, array, or object

The current character read is '<' with an int value of 60
Unable to determine the current character, it is not a string, number, array, or object
line number 1
index number 0
<!DOCTYPE html>
^
	at org.codehaus.groovy.jsr223.GroovyScriptEngineImpl.eval(GroovyScriptEngineImpl.java:320) ~[groovy-jsr223-3.0.20.jar:3.0.20]
	at org.codehaus.groovy.jsr223.GroovyCompiledScript.eval(GroovyCompiledScript.java:71) ~[groovy-jsr223-3.0.20.jar:3.0.20]
	at java.scripting/javax.script.CompiledScript.eval(CompiledScript.java:93) ~[java.scripting:?]
	at org.apache.jmeter.util.JSR223TestElement.processFileOrScript(JSR223TestElement.java:230) ~[ApacheJMeter_core.jar:5.6.3]
	at org.apache.jmeter.assertions.JSR223Assertion.getResult(JSR223Assertion.java:50) ~[ApacheJMeter_components.jar:5.6.3]
	at org.apache.jmeter.threads.JMeterThread.processAssertion(JMeterThread.java:949) ~[ApacheJMeter_core.jar:5.6.3]
	at org.apache.jmeter.threads.JMeterThread.checkAssertions(JMeterThread.java:918) ~[ApacheJMeter_core.jar:5.6.3]
	at org.apache.jmeter.threads.JMeterThread.executeSamplePackage(JMeterThread.java:586) ~[ApacheJMeter_core.jar:5.6.3]
	at org.apache.jmeter.threads.JMeterThread.processSampler(JMeterThread.java:501) ~[ApacheJMeter_core.jar:5.6.3]
	at org.apache.jmeter.threads.JMeterThread.run(JMeterThread.java:268) ~[ApacheJMeter_core.jar:5.6.3]
	at java.base/java.lang.Thread.run(Thread.java:1583) [?:?]
Caused by: groovy.json.JsonException: Unable to determine the current character, it is not a string, number, array, or object

The current character read is '<' with an int value of 60
Unable to determine the current character, it is not a string, number, array, or object
line number 1
index number 0
<!DOCTYPE html>
^
	at org.apache.groovy.json.internal.JsonParserCharArray.decodeValueInternal(JsonParserCharArray.java:202) ~[groovy-json-3.0.20.jar:3.0.20]
	at org.apache.groovy.json.internal.JsonParserCharArray.decodeValue(JsonParserCharArray.java:153) ~[groovy-json-3.0.20.jar:3.0.20]
	at org.apache.groovy.json.internal.JsonParserCharArray.decodeFromChars(JsonParserCharArray.java:43) ~[groovy-json-3.0.20.jar:3.0.20]
	at org.apache.groovy.json.internal.JsonParserCharArray.parse(JsonParserCharArray.java:380) ~[groovy-json-3.0.20.jar:3.0.20]
	at org.apache.groovy.json.internal.BaseJsonParser.parse(BaseJsonParser.java:113) ~[groovy-json-3.0.20.jar:3.0.20]
	at groovy.json.JsonSlurper.parseText(JsonSlurper.java:204) ~[groovy-json-3.0.20.jar:3.0.20]
	at groovy.json.JsonSlurper$parseText.call(Unknown Source) ~[?:?]
	at Script5.run(Script5.groovy:1) ~[?:?]
	at org.codehaus.groovy.jsr223.GroovyScriptEngineImpl.eval(GroovyScriptEngineImpl.java:317) ~[groovy-jsr223-3.0.20.jar:3.0.20]
	... 10 more
2026-08-31 17:33:03,178 ERROR o.a.j.a.JSR223Assertion: Problem in JSR223 script: Validate coupon amounts
javax.script.ScriptException: groovy.json.JsonException: Unable to determine the current character, it is not a string, number, array, or object

The current character read is '<' with an int value of 60
Unable to determine the current character, it is not a string, number, array, or object
line number 1
index number 0
<!DOCTYPE html>
^
	at org.codehaus.groovy.jsr223.GroovyScriptEngineImpl.eval(GroovyScriptEngineImpl.java:320) ~[groovy-jsr223-3.0.20.jar:3.0.20]
	at org.codehaus.groovy.jsr223.GroovyCompiledScript.eval(GroovyCompiledScript.java:71) ~[groovy-jsr223-3.0.20.jar:3.0.20]
	at java.scripting/javax.script.CompiledScript.eval(CompiledScript.java:93) ~[java.scripting:?]
	at org.apache.jmeter.util.JSR223TestElement.processFileOrScript(JSR223TestElement.java:230) ~[ApacheJMeter_core.jar:5.6.3]
	at org.apache.jmeter.assertions.JSR223Assertion.getResult(JSR223Assertion.java:50) ~[ApacheJMeter_components.jar:5.6.3]
	at org.apache.jmeter.threads.JMeterThread.processAssertion(JMeterThread.java:949) ~[ApacheJMeter_core.jar:5.6.3]
	at org.apache.jmeter.threads.JMeterThread.checkAssertions(JMeterThread.java:918) ~[ApacheJMeter_core.jar:5.6.3]
	at org.apache.jmeter.threads.JMeterThread.executeSamplePackage(JMeterThread.java:586) ~[ApacheJMeter_core.jar:5.6.3]
	at org.apache.jmeter.threads.JMeterThread.processSampler(JMeterThread.java:501) ~[ApacheJMeter_core.jar:5.6.3]
	at org.apache.jmeter.threads.JMeterThread.run(JMeterThread.java:268) ~[ApacheJMeter_core.jar:5.6.3]
	at java.base/java.lang.Thread.run(Thread.java:1583) [?:?]
Caused by: groovy.json.JsonException: Unable to determine the current character, it is not a string, number, array, or object

The current character read is '<' with an int value of 60
Unable to determine the current character, it is not a string, number, array, or object
line number 1
index number 0
<!DOCTYPE html>
^
	at org.apache.groovy.json.internal.JsonParserCharArray.decodeValueInternal(JsonParserCharArray.java:202) ~[groovy-json-3.0.20.jar:3.0.20]
	at org.apache.groovy.json.internal.JsonParserCharArray.decodeValue(JsonParserCharArray.java:153) ~[groovy-json-3.0.20.jar:3.0.20]
	at org.apache.groovy.json.internal.JsonParserCharArray.decodeFromChars(JsonParserCharArray.java:43) ~[groovy-json-3.0.20.jar:3.0.20]
	at org.apache.groovy.json.internal.JsonParserCharArray.parse(JsonParserCharArray.java:380) ~[groovy-json-3.0.20.jar:3.0.20]
	at org.apache.groovy.json.internal.BaseJsonParser.parse(BaseJsonParser.java:113) ~[groovy-json-3.0.20.jar:3.0.20]
	at groovy.json.JsonSlurper.parseText(JsonSlurper.java:204) ~[groovy-json-3.0.20.jar:3.0.20]
	at groovy.json.JsonSlurper$parseText.call(Unknown Source) ~[?:?]
	at Script5.run(Script5.groovy:1) ~[?:?]
	at org.codehaus.groovy.jsr223.GroovyScriptEngineImpl.eval(GroovyScriptEngineImpl.java:317) ~[groovy-jsr223-3.0.20.jar:3.0.20]
	... 10 more
2026-08-31 17:33:03,599 ERROR o.a.j.a.JSR223Assertion: Problem in JSR223 script: Validate coupon amounts
javax.script.ScriptException: groovy.json.JsonException: Unable to determine the current character, it is not a string, number, array, or object

The current character read is '<' with an int value of 60
Unable to determine the current character, it is not a string, number, array, or object
line number 1
index number 0
<!DOCTYPE html>
^
	at org.codehaus.groovy.jsr223.GroovyScriptEngineImpl.eval(GroovyScriptEngineImpl.java:320) ~[groovy-jsr223-3.0.20.jar:3.0.20]
	at org.codehaus.groovy.jsr223.GroovyCompiledScript.eval(GroovyCompiledScript.java:71) ~[groovy-jsr223-3.0.20.jar:3.0.20]
	at java.scripting/javax.script.CompiledScript.eval(CompiledScript.java:93) ~[java.scripting:?]
	at org.apache.jmeter.util.JSR223TestElement.processFileOrScript(JSR223TestElement.java:230) ~[ApacheJMeter_core.jar:5.6.3]
	at org.apache.jmeter.assertions.JSR223Assertion.getResult(JSR223Assertion.java:50) ~[ApacheJMeter_components.jar:5.6.3]
	at org.apache.jmeter.threads.JMeterThread.processAssertion(JMeterThread.java:949) ~[ApacheJMeter_core.jar:5.6.3]
	at org.apache.jmeter.threads.JMeterThread.checkAssertions(JMeterThread.java:918) ~[ApacheJMeter_core.jar:5.6.3]
	at org.apache.jmeter.threads.JMeterThread.executeSamplePackage(JMeterThread.java:586) ~[ApacheJMeter_core.jar:5.6.3]
	at org.apache.jmeter.threads.JMeterThread.processSampler(JMeterThread.java:501) ~[ApacheJMeter_core.jar:5.6.3]
	at org.apache.jmeter.threads.JMeterThread.run(JMeterThread.java:268) ~[ApacheJMeter_core.jar:5.6.3]
	at java.base/java.lang.Thread.run(Thread.java:1583) [?:?]
Caused by: groovy.json.JsonException: Unable to determine the current character, it is not a string, number, array, or object

The current character read is '<' with an int value of 60
Unable to determine the current character, it is not a string, number, array, or object
line number 1
index number 0
<!DOCTYPE html>
^
	at org.apache.groovy.json.internal.JsonParserCharArray.decodeValueInternal(JsonParserCharArray.java:202) ~[groovy-json-3.0.20.jar:3.0.20]
	at org.apache.groovy.json.internal.JsonParserCharArray.decodeValue(JsonParserCharArray.java:153) ~[groovy-json-3.0.20.jar:3.0.20]
	at org.apache.groovy.json.internal.JsonParserCharArray.decodeFromChars(JsonParserCharArray.java:43) ~[groovy-json-3.0.20.jar:3.0.20]
	at org.apache.groovy.json.internal.JsonParserCharArray.parse(JsonParserCharArray.java:380) ~[groovy-json-3.0.20.jar:3.0.20]
	at org.apache.groovy.json.internal.BaseJsonParser.parse(BaseJsonParser.java:113) ~[groovy-json-3.0.20.jar:3.0.20]
	at groovy.json.JsonSlurper.parseText(JsonSlurper.java:204) ~[groovy-json-3.0.20.jar:3.0.20]
	at groovy.json.JsonSlurper$parseText.call(Unknown Source) ~[?:?]
	at Script5.run(Script5.groovy:1) ~[?:?]
	at org.codehaus.groovy.jsr223.GroovyScriptEngineImpl.eval(GroovyScriptEngineImpl.java:317) ~[groovy-jsr223-3.0.20.jar:3.0.20]
	... 10 more
2026-08-31 17:33:04,681 ERROR o.a.j.a.JSR223Assertion: Problem in JSR223 script: Validate coupon amounts
javax.script.ScriptException: groovy.json.JsonException: Unable to determine the current character, it is not a string, number, array, or object

The current character read is '<' with an int value of 60
Unable to determine the current character, it is not a string, number, array, or object
line number 1
index number 0
<!DOCTYPE html>
^
	at org.codehaus.groovy.jsr223.GroovyScriptEngineImpl.eval(GroovyScriptEngineImpl.java:320) ~[groovy-jsr223-3.0.20.jar:3.0.20]
	at org.codehaus.groovy.jsr223.GroovyCompiledScript.eval(GroovyCompiledScript.java:71) ~[groovy-jsr223-3.0.20.jar:3.0.20]
	at java.scripting/javax.script.CompiledScript.eval(CompiledScript.java:93) ~[java.scripting:?]
	at org.apache.jmeter.util.JSR223TestElement.processFileOrScript(JSR223TestElement.java:230) ~[ApacheJMeter_core.jar:5.6.3]
	at org.apache.jmeter.assertions.JSR223Assertion.getResult(JSR223Assertion.java:50) ~[ApacheJMeter_components.jar:5.6.3]
	at org.apache.jmeter.threads.JMeterThread.processAssertion(JMeterThread.java:949) ~[ApacheJMeter_core.jar:5.6.3]
	at org.apache.jmeter.threads.JMeterThread.checkAssertions(JMeterThread.java:918) ~[ApacheJMeter_core.jar:5.6.3]
	at org.apache.jmeter.threads.JMeterThread.executeSamplePackage(JMeterThread.java:586) ~[ApacheJMeter_core.jar:5.6.3]
	at org.apache.jmeter.threads.JMeterThread.processSampler(JMeterThread.java:501) ~[ApacheJMeter_core.jar:5.6.3]
	at org.apache.jmeter.threads.JMeterThread.run(JMeterThread.java:268) ~[ApacheJMeter_core.jar:5.6.3]
	at java.base/java.lang.Thread.run(Thread.java:1583) [?:?]
Caused by: groovy.json.JsonException: Unable to determine the current character, it is not a string, number, array, or object

The current character read is '<' with an int value of 60
Unable to determine the current character, it is not a string, number, array, or object
line number 1
index number 0
<!DOCTYPE html>
^
	at org.apache.groovy.json.internal.JsonParserCharArray.decodeValueInternal(JsonParserCharArray.java:202) ~[groovy-json-3.0.20.jar:3.0.20]
	at org.apache.groovy.json.internal.JsonParserCharArray.decodeValue(JsonParserCharArray.java:153) ~[groovy-json-3.0.20.jar:3.0.20]
	at org.apache.groovy.json.internal.JsonParserCharArray.decodeFromChars(JsonParserCharArray.java:43) ~[groovy-json-3.0.20.jar:3.0.20]
	at org.apache.groovy.json.internal.JsonParserCharArray.parse(JsonParserCharArray.java:380) ~[groovy-json-3.0.20.jar:3.0.20]
	at org.apache.groovy.json.internal.BaseJsonParser.parse(BaseJsonParser.java:113) ~[groovy-json-3.0.20.jar:3.0.20]
	at groovy.json.JsonSlurper.parseText(JsonSlurper.java:204) ~[groovy-json-3.0.20.jar:3.0.20]
	at groovy.json.JsonSlurper$parseText.call(Unknown Source) ~[?:?]
	at Script5.run(Script5.groovy:1) ~[?:?]
	at org.codehaus.groovy.jsr223.GroovyScriptEngineImpl.eval(GroovyScriptEngineImpl.java:317) ~[groovy-jsr223-3.0.20.jar:3.0.20]
	... 10 more
2026-08-31 17:33:04,707 ERROR o.a.j.a.JSR223Assertion: Problem in JSR223 script: Validate coupon amounts
javax.script.ScriptException: groovy.json.JsonException: Unable to determine the current character, it is not a string, number, array, or object

The current character read is '<' with an int value of 60
Unable to determine the current character, it is not a string, number, array, or object
line number 1
index number 0
<!DOCTYPE html>
^
	at org.codehaus.groovy.jsr223.GroovyScriptEngineImpl.eval(GroovyScriptEngineImpl.java:320) ~[groovy-jsr223-3.0.20.jar:3.0.20]
	at org.codehaus.groovy.jsr223.GroovyCompiledScript.eval(GroovyCompiledScript.java:71) ~[groovy-jsr223-3.0.20.jar:3.0.20]
	at java.scripting/javax.script.CompiledScript.eval(CompiledScript.java:93) ~[java.scripting:?]
	at org.apache.jmeter.util.JSR223TestElement.processFileOrScript(JSR223TestElement.java:230) ~[ApacheJMeter_core.jar:5.6.3]
	at org.apache.jmeter.assertions.JSR223Assertion.getResult(JSR223Assertion.java:50) ~[ApacheJMeter_components.jar:5.6.3]
	at org.apache.jmeter.threads.JMeterThread.processAssertion(JMeterThread.java:949) ~[ApacheJMeter_core.jar:5.6.3]
	at org.apache.jmeter.threads.JMeterThread.checkAssertions(JMeterThread.java:918) ~[ApacheJMeter_core.jar:5.6.3]
	at org.apache.jmeter.threads.JMeterThread.executeSamplePackage(JMeterThread.java:586) ~[ApacheJMeter_core.jar:5.6.3]
	at org.apache.jmeter.threads.JMeterThread.processSampler(JMeterThread.java:501) ~[ApacheJMeter_core.jar:5.6.3]
	at org.apache.jmeter.threads.JMeterThread.run(JMeterThread.java:268) ~[ApacheJMeter_core.jar:5.6.3]
	at java.base/java.lang.Thread.run(Thread.java:1583) [?:?]
Caused by: groovy.json.JsonException: Unable to determine the current character, it is not a string, number, array, or object

The current character read is '<' with an int value of 60
Unable to determine the current character, it is not a string, number, array, or object
line number 1
index number 0
<!DOCTYPE html>
^
	at org.apache.groovy.json.internal.JsonParserCharArray.decodeValueInternal(JsonParserCharArray.java:202) ~[groovy-json-3.0.20.jar:3.0.20]
	at org.apache.groovy.json.internal.JsonParserCharArray.decodeValue(JsonParserCharArray.java:153) ~[groovy-json-3.0.20.jar:3.0.20]
	at org.apache.groovy.json.internal.JsonParserCharArray.decodeFromChars(JsonParserCharArray.java:43) ~[groovy-json-3.0.20.jar:3.0.20]
	at org.apache.groovy.json.internal.JsonParserCharArray.parse(JsonParserCharArray.java:380) ~[groovy-json-3.0.20.jar:3.0.20]
	at org.apache.groovy.json.internal.BaseJsonParser.parse(BaseJsonParser.java:113) ~[groovy-json-3.0.20.jar:3.0.20]
	at groovy.json.JsonSlurper.parseText(JsonSlurper.java:204) ~[groovy-json-3.0.20.jar:3.0.20]
	at groovy.json.JsonSlurper$parseText.call(Unknown Source) ~[?:?]
	at Script5.run(Script5.groovy:1) ~[?:?]
	at org.codehaus.groovy.jsr223.GroovyScriptEngineImpl.eval(GroovyScriptEngineImpl.java:317) ~[groovy-jsr223-3.0.20.jar:3.0.20]
	... 10 more
2026-08-31 17:33:04,718 ERROR o.a.j.a.JSR223Assertion: Problem in JSR223 script: Validate coupon amounts
javax.script.ScriptException: groovy.json.JsonException: Unable to determine the current character, it is not a string, number, array, or object

The current character read is '<' with an int value of 60
Unable to determine the current character, it is not a string, number, array, or object
line number 1
index number 0
<!DOCTYPE html>
^
	at org.codehaus.groovy.jsr223.GroovyScriptEngineImpl.eval(GroovyScriptEngineImpl.java:320) ~[groovy-jsr223-3.0.20.jar:3.0.20]
	at org.codehaus.groovy.jsr223.GroovyCompiledScript.eval(GroovyCompiledScript.java:71) ~[groovy-jsr223-3.0.20.jar:3.0.20]
	at java.scripting/javax.script.CompiledScript.eval(CompiledScript.java:93) ~[java.scripting:?]
	at org.apache.jmeter.util.JSR223TestElement.processFileOrScript(JSR223TestElement.java:230) ~[ApacheJMeter_core.jar:5.6.3]
	at org.apache.jmeter.assertions.JSR223Assertion.getResult(JSR223Assertion.java:50) ~[ApacheJMeter_components.jar:5.6.3]
	at org.apache.jmeter.threads.JMeterThread.processAssertion(JMeterThread.java:949) ~[ApacheJMeter_core.jar:5.6.3]
	at org.apache.jmeter.threads.JMeterThread.checkAssertions(JMeterThread.java:918) ~[ApacheJMeter_core.jar:5.6.3]
	at org.apache.jmeter.threads.JMeterThread.executeSamplePackage(JMeterThread.java:586) ~[ApacheJMeter_core.jar:5.6.3]
	at org.apache.jmeter.threads.JMeterThread.processSampler(JMeterThread.java:501) ~[ApacheJMeter_core.jar:5.6.3]
	at org.apache.jmeter.threads.JMeterThread.run(JMeterThread.java:268) ~[ApacheJMeter_core.jar:5.6.3]
	at java.base/java.lang.Thread.run(Thread.java:1583) [?:?]
Caused by: groovy.json.JsonException: Unable to determine the current character, it is not a string, number, array, or object

The current character read is '<' with an int value of 60
Unable to determine the current character, it is not a string, number, array, or object
line number 1
index number 0
<!DOCTYPE html>
^
	at org.apache.groovy.json.internal.JsonParserCharArray.decodeValueInternal(JsonParserCharArray.java:202) ~[groovy-json-3.0.20.jar:3.0.20]
	at org.apache.groovy.json.internal.JsonParserCharArray.decodeValue(JsonParserCharArray.java:153) ~[groovy-json-3.0.20.jar:3.0.20]
	at org.apache.groovy.json.internal.JsonParserCharArray.decodeFromChars(JsonParserCharArray.java:43) ~[groovy-json-3.0.20.jar:3.0.20]
	at org.apache.groovy.json.internal.JsonParserCharArray.parse(JsonParserCharArray.java:380) ~[groovy-json-3.0.20.jar:3.0.20]
	at org.apache.groovy.json.internal.BaseJsonParser.parse(BaseJsonParser.java:113) ~[groovy-json-3.0.20.jar:3.0.20]
	at groovy.json.JsonSlurper.parseText(JsonSlurper.java:204) ~[groovy-json-3.0.20.jar:3.0.20]
	at groovy.json.JsonSlurper$parseText.call(Unknown Source) ~[?:?]
	at Script5.run(Script5.groovy:1) ~[?:?]
	at org.codehaus.groovy.jsr223.GroovyScriptEngineImpl.eval(GroovyScriptEngineImpl.java:317) ~[groovy-jsr223-3.0.20.jar:3.0.20]
	... 10 more
2026-08-31 17:33:05,299 ERROR o.a.j.a.JSR223Assertion: Problem in JSR223 script: Validate coupon amounts
javax.script.ScriptException: groovy.json.JsonException: Unable to determine the current character, it is not a string, number, array, or object

The current character read is '<' with an int value of 60
Unable to determine the current character, it is not a string, number, array, or object
line number 1
index number 0
<!DOCTYPE html>
^
	at org.codehaus.groovy.jsr223.GroovyScriptEngineImpl.eval(GroovyScriptEngineImpl.java:320) ~[groovy-jsr223-3.0.20.jar:3.0.20]
	at org.codehaus.groovy.jsr223.GroovyCompiledScript.eval(GroovyCompiledScript.java:71) ~[groovy-jsr223-3.0.20.jar:3.0.20]
	at java.scripting/javax.script.CompiledScript.eval(CompiledScript.java:93) ~[java.scripting:?]
	at org.apache.jmeter.util.JSR223TestElement.processFileOrScript(JSR223TestElement.java:230) ~[ApacheJMeter_core.jar:5.6.3]
	at org.apache.jmeter.assertions.JSR223Assertion.getResult(JSR223Assertion.java:50) ~[ApacheJMeter_components.jar:5.6.3]
	at org.apache.jmeter.threads.JMeterThread.processAssertion(JMeterThread.java:949) ~[ApacheJMeter_core.jar:5.6.3]
	at org.apache.jmeter.threads.JMeterThread.checkAssertions(JMeterThread.java:918) ~[ApacheJMeter_core.jar:5.6.3]
	at org.apache.jmeter.threads.JMeterThread.executeSamplePackage(JMeterThread.java:586) ~[ApacheJMeter_core.jar:5.6.3]
	at org.apache.jmeter.threads.JMeterThread.processSampler(JMeterThread.java:501) ~[ApacheJMeter_core.jar:5.6.3]
	at org.apache.jmeter.threads.JMeterThread.run(JMeterThread.java:268) ~[ApacheJMeter_core.jar:5.6.3]
	at java.base/java.lang.Thread.run(Thread.java:1583) [?:?]
Caused by: groovy.json.JsonException: Unable to determine the current character, it is not a string, number, array, or object

The current character read is '<' with an int value of 60
Unable to determine the current character, it is not a string, number, array, or object
line number 1
index number 0
<!DOCTYPE html>
^
	at org.apache.groovy.json.internal.JsonParserCharArray.decodeValueInternal(JsonParserCharArray.java:202) ~[groovy-json-3.0.20.jar:3.0.20]
	at org.apache.groovy.json.internal.JsonParserCharArray.decodeValue(JsonParserCharArray.java:153) ~[groovy-json-3.0.20.jar:3.0.20]
	at org.apache.groovy.json.internal.JsonParserCharArray.decodeFromChars(JsonParserCharArray.java:43) ~[groovy-json-3.0.20.jar:3.0.20]
	at org.apache.groovy.json.internal.JsonParserCharArray.parse(JsonParserCharArray.java:380) ~[groovy-json-3.0.20.jar:3.0.20]
	at org.apache.groovy.json.internal.BaseJsonParser.parse(BaseJsonParser.java:113) ~[groovy-json-3.0.20.jar:3.0.20]
	at groovy.json.JsonSlurper.parseText(JsonSlurper.java:204) ~[groovy-json-3.0.20.jar:3.0.20]
	at groovy.json.JsonSlurper$parseText.call(Unknown Source) ~[?:?]
	at Script5.run(Script5.groovy:1) ~[?:?]
	at org.codehaus.groovy.jsr223.GroovyScriptEngineImpl.eval(GroovyScriptEngineImpl.java:317) ~[groovy-jsr223-3.0.20.jar:3.0.20]
	... 10 more
2026-08-31 17:33:05,573 ERROR o.a.j.a.JSR223Assertion: Problem in JSR223 script: Validate coupon amounts
javax.script.ScriptException: groovy.json.JsonException: Unable to determine the current character, it is not a string, number, array, or object

The current character read is '<' with an int value of 60
Unable to determine the current character, it is not a string, number, array, or object
line number 1
index number 0
<!DOCTYPE html>
^
	at org.codehaus.groovy.jsr223.GroovyScriptEngineImpl.eval(GroovyScriptEngineImpl.java:320) ~[groovy-jsr223-3.0.20.jar:3.0.20]
	at org.codehaus.groovy.jsr223.GroovyCompiledScript.eval(GroovyCompiledScript.java:71) ~[groovy-jsr223-3.0.20.jar:3.0.20]
	at java.scripting/javax.script.CompiledScript.eval(CompiledScript.java:93) ~[java.scripting:?]
	at org.apache.jmeter.util.JSR223TestElement.processFileOrScript(JSR223TestElement.java:230) ~[ApacheJMeter_core.jar:5.6.3]
	at org.apache.jmeter.assertions.JSR223Assertion.getResult(JSR223Assertion.java:50) ~[ApacheJMeter_components.jar:5.6.3]
	at org.apache.jmeter.threads.JMeterThread.processAssertion(JMeterThread.java:949) ~[ApacheJMeter_core.jar:5.6.3]
	at org.apache.jmeter.threads.JMeterThread.checkAssertions(JMeterThread.java:918) ~[ApacheJMeter_core.jar:5.6.3]
	at org.apache.jmeter.threads.JMeterThread.executeSamplePackage(JMeterThread.java:586) ~[ApacheJMeter_core.jar:5.6.3]
	at org.apache.jmeter.threads.JMeterThread.processSampler(JMeterThread.java:501) ~[ApacheJMeter_core.jar:5.6.3]
	at org.apache.jmeter.threads.JMeterThread.run(JMeterThread.java:268) ~[ApacheJMeter_core.jar:5.6.3]
	at java.base/java.lang.Thread.run(Thread.java:1583) [?:?]
Caused by: groovy.json.JsonException: Unable to determine the current character, it is not a string, number, array, or object

The current character read is '<' with an int value of 60
Unable to determine the current character, it is not a string, number, array, or object
line number 1
index number 0
<!DOCTYPE html>
^
	at org.apache.groovy.json.internal.JsonParserCharArray.decodeValueInternal(JsonParserCharArray.java:202) ~[groovy-json-3.0.20.jar:3.0.20]
	at org.apache.groovy.json.internal.JsonParserCharArray.decodeValue(JsonParserCharArray.java:153) ~[groovy-json-3.0.20.jar:3.0.20]
	at org.apache.groovy.json.internal.JsonParserCharArray.decodeFromChars(JsonParserCharArray.java:43) ~[groovy-json-3.0.20.jar:3.0.20]
	at org.apache.groovy.json.internal.JsonParserCharArray.parse(JsonParserCharArray.java:380) ~[groovy-json-3.0.20.jar:3.0.20]
	at org.apache.groovy.json.internal.BaseJsonParser.parse(BaseJsonParser.java:113) ~[groovy-json-3.0.20.jar:3.0.20]
	at groovy.json.JsonSlurper.parseText(JsonSlurper.java:204) ~[groovy-json-3.0.20.jar:3.0.20]
	at groovy.json.JsonSlurper$parseText.call(Unknown Source) ~[?:?]
	at Script5.run(Script5.groovy:1) ~[?:?]
	at org.codehaus.groovy.jsr223.GroovyScriptEngineImpl.eval(GroovyScriptEngineImpl.java:317) ~[groovy-jsr223-3.0.20.jar:3.0.20]
	... 10 more
2026-08-31 17:33:05,996 ERROR o.a.j.a.JSR223Assertion: Problem in JSR223 script: Validate coupon amounts
javax.script.ScriptException: groovy.json.JsonException: Unable to determine the current character, it is not a string, number, array, or object

The current character read is '<' with an int value of 60
Unable to determine the current character, it is not a string, number, array, or object
line number 1
index number 0
<!DOCTYPE html>
^
	at org.codehaus.groovy.jsr223.GroovyScriptEngineImpl.eval(GroovyScriptEngineImpl.java:320) ~[groovy-jsr223-3.0.20.jar:3.0.20]
	at org.codehaus.groovy.jsr223.GroovyCompiledScript.eval(GroovyCompiledScript.java:71) ~[groovy-jsr223-3.0.20.jar:3.0.20]
	at java.scripting/javax.script.CompiledScript.eval(CompiledScript.java:93) ~[java.scripting:?]
	at org.apache.jmeter.util.JSR223TestElement.processFileOrScript(JSR223TestElement.java:230) ~[ApacheJMeter_core.jar:5.6.3]
	at org.apache.jmeter.assertions.JSR223Assertion.getResult(JSR223Assertion.java:50) ~[ApacheJMeter_components.jar:5.6.3]
	at org.apache.jmeter.threads.JMeterThread.processAssertion(JMeterThread.java:949) ~[ApacheJMeter_core.jar:5.6.3]
	at org.apache.jmeter.threads.JMeterThread.checkAssertions(JMeterThread.java:918) ~[ApacheJMeter_core.jar:5.6.3]
	at org.apache.jmeter.threads.JMeterThread.executeSamplePackage(JMeterThread.java:586) ~[ApacheJMeter_core.jar:5.6.3]
	at org.apache.jmeter.threads.JMeterThread.processSampler(JMeterThread.java:501) ~[ApacheJMeter_core.jar:5.6.3]
	at org.apache.jmeter.threads.JMeterThread.run(JMeterThread.java:268) ~[ApacheJMeter_core.jar:5.6.3]
	at java.base/java.lang.Thread.run(Thread.java:1583) [?:?]
Caused by: groovy.json.JsonException: Unable to determine the current character, it is not a string, number, array, or object

The current character read is '<' with an int value of 60
Unable to determine the current character, it is not a string, number, array, or object
line number 1
index number 0
<!DOCTYPE html>
^
	at org.apache.groovy.json.internal.JsonParserCharArray.decodeValueInternal(JsonParserCharArray.java:202) ~[groovy-json-3.0.20.jar:3.0.20]
	at org.apache.groovy.json.internal.JsonParserCharArray.decodeValue(JsonParserCharArray.java:153) ~[groovy-json-3.0.20.jar:3.0.20]
	at org.apache.groovy.json.internal.JsonParserCharArray.decodeFromChars(JsonParserCharArray.java:43) ~[groovy-json-3.0.20.jar:3.0.20]
	at org.apache.groovy.json.internal.JsonParserCharArray.parse(JsonParserCharArray.java:380) ~[groovy-json-3.0.20.jar:3.0.20]
	at org.apache.groovy.json.internal.BaseJsonParser.parse(BaseJsonParser.java:113) ~[groovy-json-3.0.20.jar:3.0.20]
	at groovy.json.JsonSlurper.parseText(JsonSlurper.java:204) ~[groovy-json-3.0.20.jar:3.0.20]
	at groovy.json.JsonSlurper$parseText.call(Unknown Source) ~[?:?]
	at Script5.run(Script5.groovy:1) ~[?:?]
	at org.codehaus.groovy.jsr223.GroovyScriptEngineImpl.eval(GroovyScriptEngineImpl.java:317) ~[groovy-jsr223-3.0.20.jar:3.0.20]
	... 10 more
2026-08-31 17:33:06,399 ERROR o.a.j.a.JSR223Assertion: Problem in JSR223 script: Validate coupon amounts
javax.script.ScriptException: groovy.json.JsonException: Unable to determine the current character, it is not a string, number, array, or object

The current character read is '<' with an int value of 60
Unable to determine the current character, it is not a string, number, array, or object
line number 1
index number 0
<!DOCTYPE html>
^
	at org.codehaus.groovy.jsr223.GroovyScriptEngineImpl.eval(GroovyScriptEngineImpl.java:320) ~[groovy-jsr223-3.0.20.jar:3.0.20]
	at org.codehaus.groovy.jsr223.GroovyCompiledScript.eval(GroovyCompiledScript.java:71) ~[groovy-jsr223-3.0.20.jar:3.0.20]
	at java.scripting/javax.script.CompiledScript.eval(CompiledScript.java:93) ~[java.scripting:?]
	at org.apache.jmeter.util.JSR223TestElement.processFileOrScript(JSR223TestElement.java:230) ~[ApacheJMeter_core.jar:5.6.3]
	at org.apache.jmeter.assertions.JSR223Assertion.getResult(JSR223Assertion.java:50) ~[ApacheJMeter_components.jar:5.6.3]
	at org.apache.jmeter.threads.JMeterThread.processAssertion(JMeterThread.java:949) ~[ApacheJMeter_core.jar:5.6.3]
	at org.apache.jmeter.threads.JMeterThread.checkAssertions(JMeterThread.java:918) ~[ApacheJMeter_core.jar:5.6.3]
	at org.apache.jmeter.threads.JMeterThread.executeSamplePackage(JMeterThread.java:586) ~[ApacheJMeter_core.jar:5.6.3]
	at org.apache.jmeter.threads.JMeterThread.processSampler(JMeterThread.java:501) ~[ApacheJMeter_core.jar:5.6.3]
	at org.apache.jmeter.threads.JMeterThread.run(JMeterThread.java:268) ~[ApacheJMeter_core.jar:5.6.3]
	at java.base/java.lang.Thread.run(Thread.java:1583) [?:?]
Caused by: groovy.json.JsonException: Unable to determine the current character, it is not a string, number, array, or object

The current character read is '<' with an int value of 60
Unable to determine the current character, it is not a string, number, array, or object
line number 1
index number 0
<!DOCTYPE html>
^
	at org.apache.groovy.json.internal.JsonParserCharArray.decodeValueInternal(JsonParserCharArray.java:202) ~[groovy-json-3.0.20.jar:3.0.20]
	at org.apache.groovy.json.internal.JsonParserCharArray.decodeValue(JsonParserCharArray.java:153) ~[groovy-json-3.0.20.jar:3.0.20]
	at org.apache.groovy.json.internal.JsonParserCharArray.decodeFromChars(JsonParserCharArray.java:43) ~[groovy-json-3.0.20.jar:3.0.20]
	at org.apache.groovy.json.internal.JsonParserCharArray.parse(JsonParserCharArray.java:380) ~[groovy-json-3.0.20.jar:3.0.20]
	at org.apache.groovy.json.internal.BaseJsonParser.parse(BaseJsonParser.java:113) ~[groovy-json-3.0.20.jar:3.0.20]
	at groovy.json.JsonSlurper.parseText(JsonSlurper.java:204) ~[groovy-json-3.0.20.jar:3.0.20]
	at groovy.json.JsonSlurper$parseText.call(Unknown Source) ~[?:?]
	at Script5.run(Script5.groovy:1) ~[?:?]
	at org.codehaus.groovy.jsr223.GroovyScriptEngineImpl.eval(GroovyScriptEngineImpl.java:317) ~[groovy-jsr223-3.0.20.jar:3.0.20]
	... 10 more
2026-08-31 17:33:06,773 ERROR o.a.j.a.JSR223Assertion: Problem in JSR223 script: Validate coupon amounts
javax.script.ScriptException: groovy.json.JsonException: Unable to determine the current character, it is not a string, number, array, or object

The current character read is '<' with an int value of 60
Unable to determine the current character, it is not a string, number, array, or object
line number 1
index number 0
<!DOCTYPE html>
^
	at org.codehaus.groovy.jsr223.GroovyScriptEngineImpl.eval(GroovyScriptEngineImpl.java:320) ~[groovy-jsr223-3.0.20.jar:3.0.20]
	at org.codehaus.groovy.jsr223.GroovyCompiledScript.eval(GroovyCompiledScript.java:71) ~[groovy-jsr223-3.0.20.jar:3.0.20]
	at java.scripting/javax.script.CompiledScript.eval(CompiledScript.java:93) ~[java.scripting:?]
	at org.apache.jmeter.util.JSR223TestElement.processFileOrScript(JSR223TestElement.java:230) ~[ApacheJMeter_core.jar:5.6.3]
	at org.apache.jmeter.assertions.JSR223Assertion.getResult(JSR223Assertion.java:50) ~[ApacheJMeter_components.jar:5.6.3]
	at org.apache.jmeter.threads.JMeterThread.processAssertion(JMeterThread.java:949) ~[ApacheJMeter_core.jar:5.6.3]
	at org.apache.jmeter.threads.JMeterThread.checkAssertions(JMeterThread.java:918) ~[ApacheJMeter_core.jar:5.6.3]
	at org.apache.jmeter.threads.JMeterThread.executeSamplePackage(JMeterThread.java:586) ~[ApacheJMeter_core.jar:5.6.3]
	at org.apache.jmeter.threads.JMeterThread.processSampler(JMeterThread.java:501) ~[ApacheJMeter_core.jar:5.6.3]
	at org.apache.jmeter.threads.JMeterThread.run(JMeterThread.java:268) ~[ApacheJMeter_core.jar:5.6.3]
	at java.base/java.lang.Thread.run(Thread.java:1583) [?:?]
Caused by: groovy.json.JsonException: Unable to determine the current character, it is not a string, number, array, or object

The current character read is '<' with an int value of 60
Unable to determine the current character, it is not a string, number, array, or object
line number 1
index number 0
<!DOCTYPE html>
^
	at org.apache.groovy.json.internal.JsonParserCharArray.decodeValueInternal(JsonParserCharArray.java:202) ~[groovy-json-3.0.20.jar:3.0.20]
	at org.apache.groovy.json.internal.JsonParserCharArray.decodeValue(JsonParserCharArray.java:153) ~[groovy-json-3.0.20.jar:3.0.20]
	at org.apache.groovy.json.internal.JsonParserCharArray.decodeFromChars(JsonParserCharArray.java:43) ~[groovy-json-3.0.20.jar:3.0.20]
	at org.apache.groovy.json.internal.JsonParserCharArray.parse(JsonParserCharArray.java:380) ~[groovy-json-3.0.20.jar:3.0.20]
	at org.apache.groovy.json.internal.BaseJsonParser.parse(BaseJsonParser.java:113) ~[groovy-json-3.0.20.jar:3.0.20]
	at groovy.json.JsonSlurper.parseText(JsonSlurper.java:204) ~[groovy-json-3.0.20.jar:3.0.20]
	at groovy.json.JsonSlurper$parseText.call(Unknown Source) ~[?:?]
	at Script5.run(Script5.groovy:1) ~[?:?]
	at org.codehaus.groovy.jsr223.GroovyScriptEngineImpl.eval(GroovyScriptEngineImpl.java:317) ~[groovy-jsr223-3.0.20.jar:3.0.20]
	... 10 more
2026-08-31 17:33:06,843 ERROR o.a.j.a.JSR223Assertion: Problem in JSR223 script: Validate coupon amounts
javax.script.ScriptException: groovy.json.JsonException: Unable to determine the current character, it is not a string, number, array, or object

The current character read is '<' with an int value of 60
Unable to determine the current character, it is not a string, number, array, or object
line number 1
index number 0
<!DOCTYPE html>
^
	at org.codehaus.groovy.jsr223.GroovyScriptEngineImpl.eval(GroovyScriptEngineImpl.java:320) ~[groovy-jsr223-3.0.20.jar:3.0.20]
	at org.codehaus.groovy.jsr223.GroovyCompiledScript.eval(GroovyCompiledScript.java:71) ~[groovy-jsr223-3.0.20.jar:3.0.20]
	at java.scripting/javax.script.CompiledScript.eval(CompiledScript.java:93) ~[java.scripting:?]
	at org.apache.jmeter.util.JSR223TestElement.processFileOrScript(JSR223TestElement.java:230) ~[ApacheJMeter_core.jar:5.6.3]
	at org.apache.jmeter.assertions.JSR223Assertion.getResult(JSR223Assertion.java:50) ~[ApacheJMeter_components.jar:5.6.3]
	at org.apache.jmeter.threads.JMeterThread.processAssertion(JMeterThread.java:949) ~[ApacheJMeter_core.jar:5.6.3]
	at org.apache.jmeter.threads.JMeterThread.checkAssertions(JMeterThread.java:918) ~[ApacheJMeter_core.jar:5.6.3]
	at org.apache.jmeter.threads.JMeterThread.executeSamplePackage(JMeterThread.java:586) ~[ApacheJMeter_core.jar:5.6.3]
	at org.apache.jmeter.threads.JMeterThread.processSampler(JMeterThread.java:501) ~[ApacheJMeter_core.jar:5.6.3]
	at org.apache.jmeter.threads.JMeterThread.run(JMeterThread.java:268) ~[ApacheJMeter_core.jar:5.6.3]
	at java.base/java.lang.Thread.run(Thread.java:1583) [?:?]
Caused by: groovy.json.JsonException: Unable to determine the current character, it is not a string, number, array, or object

The current character read is '<' with an int value of 60
Unable to determine the current character, it is not a string, number, array, or object
line number 1
index number 0
<!DOCTYPE html>
^
	at org.apache.groovy.json.internal.JsonParserCharArray.decodeValueInternal(JsonParserCharArray.java:202) ~[groovy-json-3.0.20.jar:3.0.20]
	at org.apache.groovy.json.internal.JsonParserCharArray.decodeValue(JsonParserCharArray.java:153) ~[groovy-json-3.0.20.jar:3.0.20]
	at org.apache.groovy.json.internal.JsonParserCharArray.decodeFromChars(JsonParserCharArray.java:43) ~[groovy-json-3.0.20.jar:3.0.20]
	at org.apache.groovy.json.internal.JsonParserCharArray.parse(JsonParserCharArray.java:380) ~[groovy-json-3.0.20.jar:3.0.20]
	at org.apache.groovy.json.internal.BaseJsonParser.parse(BaseJsonParser.java:113) ~[groovy-json-3.0.20.jar:3.0.20]
	at groovy.json.JsonSlurper.parseText(JsonSlurper.java:204) ~[groovy-json-3.0.20.jar:3.0.20]
	at groovy.json.JsonSlurper$parseText.call(Unknown Source) ~[?:?]
	at Script5.run(Script5.groovy:1) ~[?:?]
	at org.codehaus.groovy.jsr223.GroovyScriptEngineImpl.eval(GroovyScriptEngineImpl.java:317) ~[groovy-jsr223-3.0.20.jar:3.0.20]
	... 10 more
2026-08-31 17:33:07,536 ERROR o.a.j.a.JSR223Assertion: Problem in JSR223 script: Validate coupon amounts
javax.script.ScriptException: groovy.json.JsonException: Unable to determine the current character, it is not a string, number, array, or object

The current character read is '<' with an int value of 60
Unable to determine the current character, it is not a string, number, array, or object
line number 1
index number 0
<!DOCTYPE html>
^
	at org.codehaus.groovy.jsr223.GroovyScriptEngineImpl.eval(GroovyScriptEngineImpl.java:320) ~[groovy-jsr223-3.0.20.jar:3.0.20]
	at org.codehaus.groovy.jsr223.GroovyCompiledScript.eval(GroovyCompiledScript.java:71) ~[groovy-jsr223-3.0.20.jar:3.0.20]
	at java.scripting/javax.script.CompiledScript.eval(CompiledScript.java:93) ~[java.scripting:?]
	at org.apache.jmeter.util.JSR223TestElement.processFileOrScript(JSR223TestElement.java:230) ~[ApacheJMeter_core.jar:5.6.3]
	at org.apache.jmeter.assertions.JSR223Assertion.getResult(JSR223Assertion.java:50) ~[ApacheJMeter_components.jar:5.6.3]
	at org.apache.jmeter.threads.JMeterThread.processAssertion(JMeterThread.java:949) ~[ApacheJMeter_core.jar:5.6.3]
	at org.apache.jmeter.threads.JMeterThread.checkAssertions(JMeterThread.java:918) ~[ApacheJMeter_core.jar:5.6.3]
	at org.apache.jmeter.threads.JMeterThread.executeSamplePackage(JMeterThread.java:586) ~[ApacheJMeter_core.jar:5.6.3]
	at org.apache.jmeter.threads.JMeterThread.processSampler(JMeterThread.java:501) ~[ApacheJMeter_core.jar:5.6.3]
	at org.apache.jmeter.threads.JMeterThread.run(JMeterThread.java:268) ~[ApacheJMeter_core.jar:5.6.3]
	at java.base/java.lang.Thread.run(Thread.java:1583) [?:?]
Caused by: groovy.json.JsonException: Unable to determine the current character, it is not a string, number, array, or object

The current character read is '<' with an int value of 60
Unable to determine the current character, it is not a string, number, array, or object
line number 1
index number 0
<!DOCTYPE html>
^
	at org.apache.groovy.json.internal.JsonParserCharArray.decodeValueInternal(JsonParserCharArray.java:202) ~[groovy-json-3.0.20.jar:3.0.20]
	at org.apache.groovy.json.internal.JsonParserCharArray.decodeValue(JsonParserCharArray.java:153) ~[groovy-json-3.0.20.jar:3.0.20]
	at org.apache.groovy.json.internal.JsonParserCharArray.decodeFromChars(JsonParserCharArray.java:43) ~[groovy-json-3.0.20.jar:3.0.20]
	at org.apache.groovy.json.internal.JsonParserCharArray.parse(JsonParserCharArray.java:380) ~[groovy-json-3.0.20.jar:3.0.20]
	at org.apache.groovy.json.internal.BaseJsonParser.parse(BaseJsonParser.java:113) ~[groovy-json-3.0.20.jar:3.0.20]
	at groovy.json.JsonSlurper.parseText(JsonSlurper.java:204) ~[groovy-json-3.0.20.jar:3.0.20]
	at groovy.json.JsonSlurper$parseText.call(Unknown Source) ~[?:?]
	at Script5.run(Script5.groovy:1) ~[?:?]
	at org.codehaus.groovy.jsr223.GroovyScriptEngineImpl.eval(GroovyScriptEngineImpl.java:317) ~[groovy-jsr223-3.0.20.jar:3.0.20]
	... 10 more
2026-08-31 17:33:07,789 ERROR o.a.j.a.JSR223Assertion: Problem in JSR223 script: Validate coupon amounts
javax.script.ScriptException: groovy.json.JsonException: Unable to determine the current character, it is not a string, number, array, or object

The current character read is '<' with an int value of 60
Unable to determine the current character, it is not a string, number, array, or object
line number 1
index number 0
<!DOCTYPE html>
^
	at org.codehaus.groovy.jsr223.GroovyScriptEngineImpl.eval(GroovyScriptEngineImpl.java:320) ~[groovy-jsr223-3.0.20.jar:3.0.20]
	at org.codehaus.groovy.jsr223.GroovyCompiledScript.eval(GroovyCompiledScript.java:71) ~[groovy-jsr223-3.0.20.jar:3.0.20]
	at java.scripting/javax.script.CompiledScript.eval(CompiledScript.java:93) ~[java.scripting:?]
	at org.apache.jmeter.util.JSR223TestElement.processFileOrScript(JSR223TestElement.java:230) ~[ApacheJMeter_core.jar:5.6.3]
	at org.apache.jmeter.assertions.JSR223Assertion.getResult(JSR223Assertion.java:50) ~[ApacheJMeter_components.jar:5.6.3]
	at org.apache.jmeter.threads.JMeterThread.processAssertion(JMeterThread.java:949) ~[ApacheJMeter_core.jar:5.6.3]
	at org.apache.jmeter.threads.JMeterThread.checkAssertions(JMeterThread.java:918) ~[ApacheJMeter_core.jar:5.6.3]
	at org.apache.jmeter.threads.JMeterThread.executeSamplePackage(JMeterThread.java:586) ~[ApacheJMeter_core.jar:5.6.3]
	at org.apache.jmeter.threads.JMeterThread.processSampler(JMeterThread.java:501) ~[ApacheJMeter_core.jar:5.6.3]
	at org.apache.jmeter.threads.JMeterThread.run(JMeterThread.java:268) ~[ApacheJMeter_core.jar:5.6.3]
	at java.base/java.lang.Thread.run(Thread.java:1583) [?:?]
Caused by: groovy.json.JsonException: Unable to determine the current character, it is not a string, number, array, or object

The current character read is '<' with an int value of 60
Unable to determine the current character, it is not a string, number, array, or object
line number 1
index number 0
<!DOCTYPE html>
^
	at org.apache.groovy.json.internal.JsonParserCharArray.decodeValueInternal(JsonParserCharArray.java:202) ~[groovy-json-3.0.20.jar:3.0.20]
	at org.apache.groovy.json.internal.JsonParserCharArray.decodeValue(JsonParserCharArray.java:153) ~[groovy-json-3.0.20.jar:3.0.20]
	at org.apache.groovy.json.internal.JsonParserCharArray.decodeFromChars(JsonParserCharArray.java:43) ~[groovy-json-3.0.20.jar:3.0.20]
	at org.apache.groovy.json.internal.JsonParserCharArray.parse(JsonParserCharArray.java:380) ~[groovy-json-3.0.20.jar:3.0.20]
	at org.apache.groovy.json.internal.BaseJsonParser.parse(BaseJsonParser.java:113) ~[groovy-json-3.0.20.jar:3.0.20]
	at groovy.json.JsonSlurper.parseText(JsonSlurper.java:204) ~[groovy-json-3.0.20.jar:3.0.20]
	at groovy.json.JsonSlurper$parseText.call(Unknown Source) ~[?:?]
	at Script5.run(Script5.groovy:1) ~[?:?]
	at org.codehaus.groovy.jsr223.GroovyScriptEngineImpl.eval(GroovyScriptEngineImpl.java:317) ~[groovy-jsr223-3.0.20.jar:3.0.20]
	... 10 more
2026-08-31 17:33:07,826 ERROR o.a.j.a.JSR223Assertion: Problem in JSR223 script: Validate coupon amounts
javax.script.ScriptException: groovy.json.JsonException: Unable to determine the current character, it is not a string, number, array, or object

The current character read is '<' with an int value of 60
Unable to determine the current character, it is not a string, number, array, or object
line number 1
index number 0
<!DOCTYPE html>
^
	at org.codehaus.groovy.jsr223.GroovyScriptEngineImpl.eval(GroovyScriptEngineImpl.java:320) ~[groovy-jsr223-3.0.20.jar:3.0.20]
	at org.codehaus.groovy.jsr223.GroovyCompiledScript.eval(GroovyCompiledScript.java:71) ~[groovy-jsr223-3.0.20.jar:3.0.20]
	at java.scripting/javax.script.CompiledScript.eval(CompiledScript.java:93) ~[java.scripting:?]
	at org.apache.jmeter.util.JSR223TestElement.processFileOrScript(JSR223TestElement.java:230) ~[ApacheJMeter_core.jar:5.6.3]
	at org.apache.jmeter.assertions.JSR223Assertion.getResult(JSR223Assertion.java:50) ~[ApacheJMeter_components.jar:5.6.3]
	at org.apache.jmeter.threads.JMeterThread.processAssertion(JMeterThread.java:949) ~[ApacheJMeter_core.jar:5.6.3]
	at org.apache.jmeter.threads.JMeterThread.checkAssertions(JMeterThread.java:918) ~[ApacheJMeter_core.jar:5.6.3]
	at org.apache.jmeter.threads.JMeterThread.executeSamplePackage(JMeterThread.java:586) ~[ApacheJMeter_core.jar:5.6.3]
	at org.apache.jmeter.threads.JMeterThread.processSampler(JMeterThread.java:501) ~[ApacheJMeter_core.jar:5.6.3]
	at org.apache.jmeter.threads.JMeterThread.run(JMeterThread.java:268) ~[ApacheJMeter_core.jar:5.6.3]
	at java.base/java.lang.Thread.run(Thread.java:1583) [?:?]
Caused by: groovy.json.JsonException: Unable to determine the current character, it is not a string, number, array, or object

The current character read is '<' with an int value of 60
Unable to determine the current character, it is not a string, number, array, or object
line number 1
index number 0
<!DOCTYPE html>
^
	at org.apache.groovy.json.internal.JsonParserCharArray.decodeValueInternal(JsonParserCharArray.java:202) ~[groovy-json-3.0.20.jar:3.0.20]
	at org.apache.groovy.json.internal.JsonParserCharArray.decodeValue(JsonParserCharArray.java:153) ~[groovy-json-3.0.20.jar:3.0.20]
	at org.apache.groovy.json.internal.JsonParserCharArray.decodeFromChars(JsonParserCharArray.java:43) ~[groovy-json-3.0.20.jar:3.0.20]
	at org.apache.groovy.json.internal.JsonParserCharArray.parse(JsonParserCharArray.java:380) ~[groovy-json-3.0.20.jar:3.0.20]
	at org.apache.groovy.json.internal.BaseJsonParser.parse(BaseJsonParser.java:113) ~[groovy-json-3.0.20.jar:3.0.20]
	at groovy.json.JsonSlurper.parseText(JsonSlurper.java:204) ~[groovy-json-3.0.20.jar:3.0.20]
	at groovy.json.JsonSlurper$parseText.call(Unknown Source) ~[?:?]
	at Script5.run(Script5.groovy:1) ~[?:?]
	at org.codehaus.groovy.jsr223.GroovyScriptEngineImpl.eval(GroovyScriptEngineImpl.java:317) ~[groovy-jsr223-3.0.20.jar:3.0.20]
	... 10 more
2026-08-31 17:33:08,707 ERROR o.a.j.a.JSR223Assertion: Problem in JSR223 script: Validate coupon amounts
javax.script.ScriptException: groovy.json.JsonException: Unable to determine the current character, it is not a string, number, array, or object

The current character read is '<' with an int value of 60
Unable to determine the current character, it is not a string, number, array, or object
line number 1
index number 0
<!DOCTYPE html>
^
	at org.codehaus.groovy.jsr223.GroovyScriptEngineImpl.eval(GroovyScriptEngineImpl.java:320) ~[groovy-jsr223-3.0.20.jar:3.0.20]
	at org.codehaus.groovy.jsr223.GroovyCompiledScript.eval(GroovyCompiledScript.java:71) ~[groovy-jsr223-3.0.20.jar:3.0.20]
	at java.scripting/javax.script.CompiledScript.eval(CompiledScript.java:93) ~[java.scripting:?]
	at org.apache.jmeter.util.JSR223TestElement.processFileOrScript(JSR223TestElement.java:230) ~[ApacheJMeter_core.jar:5.6.3]
	at org.apache.jmeter.assertions.JSR223Assertion.getResult(JSR223Assertion.java:50) ~[ApacheJMeter_components.jar:5.6.3]
	at org.apache.jmeter.threads.JMeterThread.processAssertion(JMeterThread.java:949) ~[ApacheJMeter_core.jar:5.6.3]
	at org.apache.jmeter.threads.JMeterThread.checkAssertions(JMeterThread.java:918) ~[ApacheJMeter_core.jar:5.6.3]
	at org.apache.jmeter.threads.JMeterThread.executeSamplePackage(JMeterThread.java:586) ~[ApacheJMeter_core.jar:5.6.3]
	at org.apache.jmeter.threads.JMeterThread.processSampler(JMeterThread.java:501) ~[ApacheJMeter_core.jar:5.6.3]
	at org.apache.jmeter.threads.JMeterThread.run(JMeterThread.java:268) ~[ApacheJMeter_core.jar:5.6.3]
	at java.base/java.lang.Thread.run(Thread.java:1583) [?:?]
Caused by: groovy.json.JsonException: Unable to determine the current character, it is not a string, number, array, or object

The current character read is '<' with an int value of 60
Unable to determine the current character, it is not a string, number, array, or object
line number 1
index number 0
<!DOCTYPE html>
^
	at org.apache.groovy.json.internal.JsonParserCharArray.decodeValueInternal(JsonParserCharArray.java:202) ~[groovy-json-3.0.20.jar:3.0.20]
	at org.apache.groovy.json.internal.JsonParserCharArray.decodeValue(JsonParserCharArray.java:153) ~[groovy-json-3.0.20.jar:3.0.20]
	at org.apache.groovy.json.internal.JsonParserCharArray.decodeFromChars(JsonParserCharArray.java:43) ~[groovy-json-3.0.20.jar:3.0.20]
	at org.apache.groovy.json.internal.JsonParserCharArray.parse(JsonParserCharArray.java:380) ~[groovy-json-3.0.20.jar:3.0.20]
	at org.apache.groovy.json.internal.BaseJsonParser.parse(BaseJsonParser.java:113) ~[groovy-json-3.0.20.jar:3.0.20]
	at groovy.json.JsonSlurper.parseText(JsonSlurper.java:204) ~[groovy-json-3.0.20.jar:3.0.20]
	at groovy.json.JsonSlurper$parseText.call(Unknown Source) ~[?:?]
	at Script5.run(Script5.groovy:1) ~[?:?]
	at org.codehaus.groovy.jsr223.GroovyScriptEngineImpl.eval(GroovyScriptEngineImpl.java:317) ~[groovy-jsr223-3.0.20.jar:3.0.20]
	... 10 more
2026-08-31 17:33:08,936 ERROR o.a.j.a.JSR223Assertion: Problem in JSR223 script: Validate coupon amounts
javax.script.ScriptException: groovy.json.JsonException: Unable to determine the current character, it is not a string, number, array, or object

The current character read is '<' with an int value of 60
Unable to determine the current character, it is not a string, number, array, or object
line number 1
index number 0
<!DOCTYPE html>
^
	at org.codehaus.groovy.jsr223.GroovyScriptEngineImpl.eval(GroovyScriptEngineImpl.java:320) ~[groovy-jsr223-3.0.20.jar:3.0.20]
	at org.codehaus.groovy.jsr223.GroovyCompiledScript.eval(GroovyCompiledScript.java:71) ~[groovy-jsr223-3.0.20.jar:3.0.20]
	at java.scripting/javax.script.CompiledScript.eval(CompiledScript.java:93) ~[java.scripting:?]
	at org.apache.jmeter.util.JSR223TestElement.processFileOrScript(JSR223TestElement.java:230) ~[ApacheJMeter_core.jar:5.6.3]
	at org.apache.jmeter.assertions.JSR223Assertion.getResult(JSR223Assertion.java:50) ~[ApacheJMeter_components.jar:5.6.3]
	at org.apache.jmeter.threads.JMeterThread.processAssertion(JMeterThread.java:949) ~[ApacheJMeter_core.jar:5.6.3]
	at org.apache.jmeter.threads.JMeterThread.checkAssertions(JMeterThread.java:918) ~[ApacheJMeter_core.jar:5.6.3]
	at org.apache.jmeter.threads.JMeterThread.executeSamplePackage(JMeterThread.java:586) ~[ApacheJMeter_core.jar:5.6.3]
	at org.apache.jmeter.threads.JMeterThread.processSampler(JMeterThread.java:501) ~[ApacheJMeter_core.jar:5.6.3]
	at org.apache.jmeter.threads.JMeterThread.run(JMeterThread.java:268) ~[ApacheJMeter_core.jar:5.6.3]
	at java.base/java.lang.Thread.run(Thread.java:1583) [?:?]
Caused by: groovy.json.JsonException: Unable to determine the current character, it is not a string, number, array, or object

The current character read is '<' with an int value of 60
Unable to determine the current character, it is not a string, number, array, or object
line number 1
index number 0
<!DOCTYPE html>
^
	at org.apache.groovy.json.internal.JsonParserCharArray.decodeValueInternal(JsonParserCharArray.java:202) ~[groovy-json-3.0.20.jar:3.0.20]
	at org.apache.groovy.json.internal.JsonParserCharArray.decodeValue(JsonParserCharArray.java:153) ~[groovy-json-3.0.20.jar:3.0.20]
	at org.apache.groovy.json.internal.JsonParserCharArray.decodeFromChars(JsonParserCharArray.java:43) ~[groovy-json-3.0.20.jar:3.0.20]
	at org.apache.groovy.json.internal.JsonParserCharArray.parse(JsonParserCharArray.java:380) ~[groovy-json-3.0.20.jar:3.0.20]
	at org.apache.groovy.json.internal.BaseJsonParser.parse(BaseJsonParser.java:113) ~[groovy-json-3.0.20.jar:3.0.20]
	at groovy.json.JsonSlurper.parseText(JsonSlurper.java:204) ~[groovy-json-3.0.20.jar:3.0.20]
	at groovy.json.JsonSlurper$parseText.call(Unknown Source) ~[?:?]
	at Script5.run(Script5.groovy:1) ~[?:?]
	at org.codehaus.groovy.jsr223.GroovyScriptEngineImpl.eval(GroovyScriptEngineImpl.java:317) ~[groovy-jsr223-3.0.20.jar:3.0.20]
	... 10 more
2026-08-31 17:33:09,127 ERROR o.a.j.a.JSR223Assertion: Problem in JSR223 script: Validate coupon amounts
javax.script.ScriptException: groovy.json.JsonException: Unable to determine the current character, it is not a string, number, array, or object

The current character read is '<' with an int value of 60
Unable to determine the current character, it is not a string, number, array, or object
line number 1
index number 0
<!DOCTYPE html>
^
	at org.codehaus.groovy.jsr223.GroovyScriptEngineImpl.eval(GroovyScriptEngineImpl.java:320) ~[groovy-jsr223-3.0.20.jar:3.0.20]
	at org.codehaus.groovy.jsr223.GroovyCompiledScript.eval(GroovyCompiledScript.java:71) ~[groovy-jsr223-3.0.20.jar:3.0.20]
	at java.scripting/javax.script.CompiledScript.eval(CompiledScript.java:93) ~[java.scripting:?]
	at org.apache.jmeter.util.JSR223TestElement.processFileOrScript(JSR223TestElement.java:230) ~[ApacheJMeter_core.jar:5.6.3]
	at org.apache.jmeter.assertions.JSR223Assertion.getResult(JSR223Assertion.java:50) ~[ApacheJMeter_components.jar:5.6.3]
	at org.apache.jmeter.threads.JMeterThread.processAssertion(JMeterThread.java:949) ~[ApacheJMeter_core.jar:5.6.3]
	at org.apache.jmeter.threads.JMeterThread.checkAssertions(JMeterThread.java:918) ~[ApacheJMeter_core.jar:5.6.3]
	at org.apache.jmeter.threads.JMeterThread.executeSamplePackage(JMeterThread.java:586) ~[ApacheJMeter_core.jar:5.6.3]
	at org.apache.jmeter.threads.JMeterThread.processSampler(JMeterThread.java:501) ~[ApacheJMeter_core.jar:5.6.3]
	at org.apache.jmeter.threads.JMeterThread.run(JMeterThread.java:268) ~[ApacheJMeter_core.jar:5.6.3]
	at java.base/java.lang.Thread.run(Thread.java:1583) [?:?]
Caused by: groovy.json.JsonException: Unable to determine the current character, it is not a string, number, array, or object

The current character read is '<' with an int value of 60
Unable to determine the current character, it is not a string, number, array, or object
line number 1
index number 0
<!DOCTYPE html>
^
	at org.apache.groovy.json.internal.JsonParserCharArray.decodeValueInternal(JsonParserCharArray.java:202) ~[groovy-json-3.0.20.jar:3.0.20]
	at org.apache.groovy.json.internal.JsonParserCharArray.decodeValue(JsonParserCharArray.java:153) ~[groovy-json-3.0.20.jar:3.0.20]
	at org.apache.groovy.json.internal.JsonParserCharArray.decodeFromChars(JsonParserCharArray.java:43) ~[groovy-json-3.0.20.jar:3.0.20]
	at org.apache.groovy.json.internal.JsonParserCharArray.parse(JsonParserCharArray.java:380) ~[groovy-json-3.0.20.jar:3.0.20]
	at org.apache.groovy.json.internal.BaseJsonParser.parse(BaseJsonParser.java:113) ~[groovy-json-3.0.20.jar:3.0.20]
	at groovy.json.JsonSlurper.parseText(JsonSlurper.java:204) ~[groovy-json-3.0.20.jar:3.0.20]
	at groovy.json.JsonSlurper$parseText.call(Unknown Source) ~[?:?]
	at Script5.run(Script5.groovy:1) ~[?:?]
	at org.codehaus.groovy.jsr223.GroovyScriptEngineImpl.eval(GroovyScriptEngineImpl.java:317) ~[groovy-jsr223-3.0.20.jar:3.0.20]
	... 10 more
2026-08-31 17:33:09,627 ERROR o.a.j.a.JSR223Assertion: Problem in JSR223 script: Validate coupon amounts
javax.script.ScriptException: groovy.json.JsonException: Unable to determine the current character, it is not a string, number, array, or object

The current character read is '<' with an int value of 60
Unable to determine the current character, it is not a string, number, array, or object
line number 1
index number 0
<!DOCTYPE html>
^
	at org.codehaus.groovy.jsr223.GroovyScriptEngineImpl.eval(GroovyScriptEngineImpl.java:320) ~[groovy-jsr223-3.0.20.jar:3.0.20]
	at org.codehaus.groovy.jsr223.GroovyCompiledScript.eval(GroovyCompiledScript.java:71) ~[groovy-jsr223-3.0.20.jar:3.0.20]
	at java.scripting/javax.script.CompiledScript.eval(CompiledScript.java:93) ~[java.scripting:?]
	at org.apache.jmeter.util.JSR223TestElement.processFileOrScript(JSR223TestElement.java:230) ~[ApacheJMeter_core.jar:5.6.3]
	at org.apache.jmeter.assertions.JSR223Assertion.getResult(JSR223Assertion.java:50) ~[ApacheJMeter_components.jar:5.6.3]
	at org.apache.jmeter.threads.JMeterThread.processAssertion(JMeterThread.java:949) ~[ApacheJMeter_core.jar:5.6.3]
	at org.apache.jmeter.threads.JMeterThread.checkAssertions(JMeterThread.java:918) ~[ApacheJMeter_core.jar:5.6.3]
	at org.apache.jmeter.threads.JMeterThread.executeSamplePackage(JMeterThread.java:586) ~[ApacheJMeter_core.jar:5.6.3]
	at org.apache.jmeter.threads.JMeterThread.processSampler(JMeterThread.java:501) ~[ApacheJMeter_core.jar:5.6.3]
	at org.apache.jmeter.threads.JMeterThread.run(JMeterThread.java:268) ~[ApacheJMeter_core.jar:5.6.3]
	at java.base/java.lang.Thread.run(Thread.java:1583) [?:?]
Caused by: groovy.json.JsonException: Unable to determine the current character, it is not a string, number, array, or object

The current character read is '<' with an int value of 60
Unable to determine the current character, it is not a string, number, array, or object
line number 1
index number 0
<!DOCTYPE html>
^
	at org.apache.groovy.json.internal.JsonParserCharArray.decodeValueInternal(JsonParserCharArray.java:202) ~[groovy-json-3.0.20.jar:3.0.20]
	at org.apache.groovy.json.internal.JsonParserCharArray.decodeValue(JsonParserCharArray.java:153) ~[groovy-json-3.0.20.jar:3.0.20]
	at org.apache.groovy.json.internal.JsonParserCharArray.decodeFromChars(JsonParserCharArray.java:43) ~[groovy-json-3.0.20.jar:3.0.20]
	at org.apache.groovy.json.internal.JsonParserCharArray.parse(JsonParserCharArray.java:380) ~[groovy-json-3.0.20.jar:3.0.20]
	at org.apache.groovy.json.internal.BaseJsonParser.parse(BaseJsonParser.java:113) ~[groovy-json-3.0.20.jar:3.0.20]
	at groovy.json.JsonSlurper.parseText(JsonSlurper.java:204) ~[groovy-json-3.0.20.jar:3.0.20]
	at groovy.json.JsonSlurper$parseText.call(Unknown Source) ~[?:?]
	at Script5.run(Script5.groovy:1) ~[?:?]
	at org.codehaus.groovy.jsr223.GroovyScriptEngineImpl.eval(GroovyScriptEngineImpl.java:317) ~[groovy-jsr223-3.0.20.jar:3.0.20]
	... 10 more
2026-08-31 17:33:09,929 ERROR o.a.j.a.JSR223Assertion: Problem in JSR223 script: Validate coupon amounts
javax.script.ScriptException: groovy.json.JsonException: Unable to determine the current character, it is not a string, number, array, or object

The current character read is '<' with an int value of 60
Unable to determine the current character, it is not a string, number, array, or object
line number 1
index number 0
<!DOCTYPE html>
^
	at org.codehaus.groovy.jsr223.GroovyScriptEngineImpl.eval(GroovyScriptEngineImpl.java:320) ~[groovy-jsr223-3.0.20.jar:3.0.20]
	at org.codehaus.groovy.jsr223.GroovyCompiledScript.eval(GroovyCompiledScript.java:71) ~[groovy-jsr223-3.0.20.jar:3.0.20]
	at java.scripting/javax.script.CompiledScript.eval(CompiledScript.java:93) ~[java.scripting:?]
	at org.apache.jmeter.util.JSR223TestElement.processFileOrScript(JSR223TestElement.java:230) ~[ApacheJMeter_core.jar:5.6.3]
	at org.apache.jmeter.assertions.JSR223Assertion.getResult(JSR223Assertion.java:50) ~[ApacheJMeter_components.jar:5.6.3]
	at org.apache.jmeter.threads.JMeterThread.processAssertion(JMeterThread.java:949) ~[ApacheJMeter_core.jar:5.6.3]
	at org.apache.jmeter.threads.JMeterThread.checkAssertions(JMeterThread.java:918) ~[ApacheJMeter_core.jar:5.6.3]
	at org.apache.jmeter.threads.JMeterThread.executeSamplePackage(JMeterThread.java:586) ~[ApacheJMeter_core.jar:5.6.3]
	at org.apache.jmeter.threads.JMeterThread.processSampler(JMeterThread.java:501) ~[ApacheJMeter_core.jar:5.6.3]
	at org.apache.jmeter.threads.JMeterThread.run(JMeterThread.java:268) ~[ApacheJMeter_core.jar:5.6.3]
	at java.base/java.lang.Thread.run(Thread.java:1583) [?:?]
Caused by: groovy.json.JsonException: Unable to determine the current character, it is not a string, number, array, or object

The current character read is '<' with an int value of 60
Unable to determine the current character, it is not a string, number, array, or object
line number 1
index number 0
<!DOCTYPE html>
^
	at org.apache.groovy.json.internal.JsonParserCharArray.decodeValueInternal(JsonParserCharArray.java:202) ~[groovy-json-3.0.20.jar:3.0.20]
	at org.apache.groovy.json.internal.JsonParserCharArray.decodeValue(JsonParserCharArray.java:153) ~[groovy-json-3.0.20.jar:3.0.20]
	at org.apache.groovy.json.internal.JsonParserCharArray.decodeFromChars(JsonParserCharArray.java:43) ~[groovy-json-3.0.20.jar:3.0.20]
	at org.apache.groovy.json.internal.JsonParserCharArray.parse(JsonParserCharArray.java:380) ~[groovy-json-3.0.20.jar:3.0.20]
	at org.apache.groovy.json.internal.BaseJsonParser.parse(BaseJsonParser.java:113) ~[groovy-json-3.0.20.jar:3.0.20]
	at groovy.json.JsonSlurper.parseText(JsonSlurper.java:204) ~[groovy-json-3.0.20.jar:3.0.20]
	at groovy.json.JsonSlurper$parseText.call(Unknown Source) ~[?:?]
	at Script5.run(Script5.groovy:1) ~[?:?]
	at org.codehaus.groovy.jsr223.GroovyScriptEngineImpl.eval(GroovyScriptEngineImpl.java:317) ~[groovy-jsr223-3.0.20.jar:3.0.20]
	... 10 more
2026-08-31 17:33:09,963 ERROR o.a.j.a.JSR223Assertion: Problem in JSR223 script: Validate coupon amounts
javax.script.ScriptException: groovy.json.JsonException: Unable to determine the current character, it is not a string, number, array, or object

The current character read is '<' with an int value of 60
Unable to determine the current character, it is not a string, number, array, or object
line number 1
index number 0
<!DOCTYPE html>
^
	at org.codehaus.groovy.jsr223.GroovyScriptEngineImpl.eval(GroovyScriptEngineImpl.java:320) ~[groovy-jsr223-3.0.20.jar:3.0.20]
	at org.codehaus.groovy.jsr223.GroovyCompiledScript.eval(GroovyCompiledScript.java:71) ~[groovy-jsr223-3.0.20.jar:3.0.20]
	at java.scripting/javax.script.CompiledScript.eval(CompiledScript.java:93) ~[java.scripting:?]
	at org.apache.jmeter.util.JSR223TestElement.processFileOrScript(JSR223TestElement.java:230) ~[ApacheJMeter_core.jar:5.6.3]
	at org.apache.jmeter.assertions.JSR223Assertion.getResult(JSR223Assertion.java:50) ~[ApacheJMeter_components.jar:5.6.3]
	at org.apache.jmeter.threads.JMeterThread.processAssertion(JMeterThread.java:949) ~[ApacheJMeter_core.jar:5.6.3]
	at org.apache.jmeter.threads.JMeterThread.checkAssertions(JMeterThread.java:918) ~[ApacheJMeter_core.jar:5.6.3]
	at org.apache.jmeter.threads.JMeterThread.executeSamplePackage(JMeterThread.java:586) ~[ApacheJMeter_core.jar:5.6.3]
	at org.apache.jmeter.threads.JMeterThread.processSampler(JMeterThread.java:501) ~[ApacheJMeter_core.jar:5.6.3]
	at org.apache.jmeter.threads.JMeterThread.run(JMeterThread.java:268) ~[ApacheJMeter_core.jar:5.6.3]
	at java.base/java.lang.Thread.run(Thread.java:1583) [?:?]
Caused by: groovy.json.JsonException: Unable to determine the current character, it is not a string, number, array, or object

The current character read is '<' with an int value of 60
Unable to determine the current character, it is not a string, number, array, or object
line number 1
index number 0
<!DOCTYPE html>
^
	at org.apache.groovy.json.internal.JsonParserCharArray.decodeValueInternal(JsonParserCharArray.java:202) ~[groovy-json-3.0.20.jar:3.0.20]
	at org.apache.groovy.json.internal.JsonParserCharArray.decodeValue(JsonParserCharArray.java:153) ~[groovy-json-3.0.20.jar:3.0.20]
	at org.apache.groovy.json.internal.JsonParserCharArray.decodeFromChars(JsonParserCharArray.java:43) ~[groovy-json-3.0.20.jar:3.0.20]
	at org.apache.groovy.json.internal.JsonParserCharArray.parse(JsonParserCharArray.java:380) ~[groovy-json-3.0.20.jar:3.0.20]
	at org.apache.groovy.json.internal.BaseJsonParser.parse(BaseJsonParser.java:113) ~[groovy-json-3.0.20.jar:3.0.20]
	at groovy.json.JsonSlurper.parseText(JsonSlurper.java:204) ~[groovy-json-3.0.20.jar:3.0.20]
	at groovy.json.JsonSlurper$parseText.call(Unknown Source) ~[?:?]
	at Script5.run(Script5.groovy:1) ~[?:?]
	at org.codehaus.groovy.jsr223.GroovyScriptEngineImpl.eval(GroovyScriptEngineImpl.java:317) ~[groovy-jsr223-3.0.20.jar:3.0.20]
	... 10 more
2026-08-31 17:33:10,487 ERROR o.a.j.a.JSR223Assertion: Problem in JSR223 script: Validate coupon amounts
javax.script.ScriptException: groovy.json.JsonException: Unable to determine the current character, it is not a string, number, array, or object

The current character read is '<' with an int value of 60
Unable to determine the current character, it is not a string, number, array, or object
line number 1
index number 0
<!DOCTYPE html>
^
	at org.codehaus.groovy.jsr223.GroovyScriptEngineImpl.eval(GroovyScriptEngineImpl.java:320) ~[groovy-jsr223-3.0.20.jar:3.0.20]
	at org.codehaus.groovy.jsr223.GroovyCompiledScript.eval(GroovyCompiledScript.java:71) ~[groovy-jsr223-3.0.20.jar:3.0.20]
	at java.scripting/javax.script.CompiledScript.eval(CompiledScript.java:93) ~[java.scripting:?]
	at org.apache.jmeter.util.JSR223TestElement.processFileOrScript(JSR223TestElement.java:230) ~[ApacheJMeter_core.jar:5.6.3]
	at org.apache.jmeter.assertions.JSR223Assertion.getResult(JSR223Assertion.java:50) ~[ApacheJMeter_components.jar:5.6.3]
	at org.apache.jmeter.threads.JMeterThread.processAssertion(JMeterThread.java:949) ~[ApacheJMeter_core.jar:5.6.3]
	at org.apache.jmeter.threads.JMeterThread.checkAssertions(JMeterThread.java:918) ~[ApacheJMeter_core.jar:5.6.3]
	at org.apache.jmeter.threads.JMeterThread.executeSamplePackage(JMeterThread.java:586) ~[ApacheJMeter_core.jar:5.6.3]
	at org.apache.jmeter.threads.JMeterThread.processSampler(JMeterThread.java:501) ~[ApacheJMeter_core.jar:5.6.3]
	at org.apache.jmeter.threads.JMeterThread.run(JMeterThread.java:268) ~[ApacheJMeter_core.jar:5.6.3]
	at java.base/java.lang.Thread.run(Thread.java:1583) [?:?]
Caused by: groovy.json.JsonException: Unable to determine the current character, it is not a string, number, array, or object

The current character read is '<' with an int value of 60
Unable to determine the current character, it is not a string, number, array, or object
line number 1
index number 0
<!DOCTYPE html>
^
	at org.apache.groovy.json.internal.JsonParserCharArray.decodeValueInternal(JsonParserCharArray.java:202) ~[groovy-json-3.0.20.jar:3.0.20]
	at org.apache.groovy.json.internal.JsonParserCharArray.decodeValue(JsonParserCharArray.java:153) ~[groovy-json-3.0.20.jar:3.0.20]
	at org.apache.groovy.json.internal.JsonParserCharArray.decodeFromChars(JsonParserCharArray.java:43) ~[groovy-json-3.0.20.jar:3.0.20]
	at org.apache.groovy.json.internal.JsonParserCharArray.parse(JsonParserCharArray.java:380) ~[groovy-json-3.0.20.jar:3.0.20]
	at org.apache.groovy.json.internal.BaseJsonParser.parse(BaseJsonParser.java:113) ~[groovy-json-3.0.20.jar:3.0.20]
	at groovy.json.JsonSlurper.parseText(JsonSlurper.java:204) ~[groovy-json-3.0.20.jar:3.0.20]
	at groovy.json.JsonSlurper$parseText.call(Unknown Source) ~[?:?]
	at Script5.run(Script5.groovy:1) ~[?:?]
	at org.codehaus.groovy.jsr223.GroovyScriptEngineImpl.eval(GroovyScriptEngineImpl.java:317) ~[groovy-jsr223-3.0.20.jar:3.0.20]
	... 10 more
2026-08-31 17:33:11,034 ERROR o.a.j.a.JSR223Assertion: Problem in JSR223 script: Validate coupon amounts
javax.script.ScriptException: groovy.json.JsonException: Unable to determine the current character, it is not a string, number, array, or object

The current character read is '<' with an int value of 60
Unable to determine the current character, it is not a string, number, array, or object
line number 1
index number 0
<!DOCTYPE html>
^
	at org.codehaus.groovy.jsr223.GroovyScriptEngineImpl.eval(GroovyScriptEngineImpl.java:320) ~[groovy-jsr223-3.0.20.jar:3.0.20]
	at org.codehaus.groovy.jsr223.GroovyCompiledScript.eval(GroovyCompiledScript.java:71) ~[groovy-jsr223-3.0.20.jar:3.0.20]
	at java.scripting/javax.script.CompiledScript.eval(CompiledScript.java:93) ~[java.scripting:?]
	at org.apache.jmeter.util.JSR223TestElement.processFileOrScript(JSR223TestElement.java:230) ~[ApacheJMeter_core.jar:5.6.3]
	at org.apache.jmeter.assertions.JSR223Assertion.getResult(JSR223Assertion.java:50) ~[ApacheJMeter_components.jar:5.6.3]
	at org.apache.jmeter.threads.JMeterThread.processAssertion(JMeterThread.java:949) ~[ApacheJMeter_core.jar:5.6.3]
	at org.apache.jmeter.threads.JMeterThread.checkAssertions(JMeterThread.java:918) ~[ApacheJMeter_core.jar:5.6.3]
	at org.apache.jmeter.threads.JMeterThread.executeSamplePackage(JMeterThread.java:586) ~[ApacheJMeter_core.jar:5.6.3]
	at org.apache.jmeter.threads.JMeterThread.processSampler(JMeterThread.java:501) ~[ApacheJMeter_core.jar:5.6.3]
	at org.apache.jmeter.threads.JMeterThread.run(JMeterThread.java:268) ~[ApacheJMeter_core.jar:5.6.3]
	at java.base/java.lang.Thread.run(Thread.java:1583) [?:?]
Caused by: groovy.json.JsonException: Unable to determine the current character, it is not a string, number, array, or object

The current character read is '<' with an int value of 60
Unable to determine the current character, it is not a string, number, array, or object
line number 1
index number 0
<!DOCTYPE html>
^
	at org.apache.groovy.json.internal.JsonParserCharArray.decodeValueInternal(JsonParserCharArray.java:202) ~[groovy-json-3.0.20.jar:3.0.20]
	at org.apache.groovy.json.internal.JsonParserCharArray.decodeValue(JsonParserCharArray.java:153) ~[groovy-json-3.0.20.jar:3.0.20]
	at org.apache.groovy.json.internal.JsonParserCharArray.decodeFromChars(JsonParserCharArray.java:43) ~[groovy-json-3.0.20.jar:3.0.20]
	at org.apache.groovy.json.internal.JsonParserCharArray.parse(JsonParserCharArray.java:380) ~[groovy-json-3.0.20.jar:3.0.20]
	at org.apache.groovy.json.internal.BaseJsonParser.parse(BaseJsonParser.java:113) ~[groovy-json-3.0.20.jar:3.0.20]
	at groovy.json.JsonSlurper.parseText(JsonSlurper.java:204) ~[groovy-json-3.0.20.jar:3.0.20]
	at groovy.json.JsonSlurper$parseText.call(Unknown Source) ~[?:?]
	at Script5.run(Script5.groovy:1) ~[?:?]
	at org.codehaus.groovy.jsr223.GroovyScriptEngineImpl.eval(GroovyScriptEngineImpl.java:317) ~[groovy-jsr223-3.0.20.jar:3.0.20]
	... 10 more
2026-08-31 17:33:11,198 ERROR o.a.j.a.JSR223Assertion: Problem in JSR223 script: Validate coupon amounts
javax.script.ScriptException: groovy.json.JsonException: Unable to determine the current character, it is not a string, number, array, or object

The current character read is '<' with an int value of 60
Unable to determine the current character, it is not a string, number, array, or object
line number 1
index number 0
<!DOCTYPE html>
^
	at org.codehaus.groovy.jsr223.GroovyScriptEngineImpl.eval(GroovyScriptEngineImpl.java:320) ~[groovy-jsr223-3.0.20.jar:3.0.20]
	at org.codehaus.groovy.jsr223.GroovyCompiledScript.eval(GroovyCompiledScript.java:71) ~[groovy-jsr223-3.0.20.jar:3.0.20]
	at java.scripting/javax.script.CompiledScript.eval(CompiledScript.java:93) ~[java.scripting:?]
	at org.apache.jmeter.util.JSR223TestElement.processFileOrScript(JSR223TestElement.java:230) ~[ApacheJMeter_core.jar:5.6.3]
	at org.apache.jmeter.assertions.JSR223Assertion.getResult(JSR223Assertion.java:50) ~[ApacheJMeter_components.jar:5.6.3]
	at org.apache.jmeter.threads.JMeterThread.processAssertion(JMeterThread.java:949) ~[ApacheJMeter_core.jar:5.6.3]
	at org.apache.jmeter.threads.JMeterThread.checkAssertions(JMeterThread.java:918) ~[ApacheJMeter_core.jar:5.6.3]
	at org.apache.jmeter.threads.JMeterThread.executeSamplePackage(JMeterThread.java:586) ~[ApacheJMeter_core.jar:5.6.3]
	at org.apache.jmeter.threads.JMeterThread.processSampler(JMeterThread.java:501) ~[ApacheJMeter_core.jar:5.6.3]
	at org.apache.jmeter.threads.JMeterThread.run(JMeterThread.java:268) ~[ApacheJMeter_core.jar:5.6.3]
	at java.base/java.lang.Thread.run(Thread.java:1583) [?:?]
Caused by: groovy.json.JsonException: Unable to determine the current character, it is not a string, number, array, or object

The current character read is '<' with an int value of 60
Unable to determine the current character, it is not a string, number, array, or object
line number 1
index number 0
<!DOCTYPE html>
^
	at org.apache.groovy.json.internal.JsonParserCharArray.decodeValueInternal(JsonParserCharArray.java:202) ~[groovy-json-3.0.20.jar:3.0.20]
	at org.apache.groovy.json.internal.JsonParserCharArray.decodeValue(JsonParserCharArray.java:153) ~[groovy-json-3.0.20.jar:3.0.20]
	at org.apache.groovy.json.internal.JsonParserCharArray.decodeFromChars(JsonParserCharArray.java:43) ~[groovy-json-3.0.20.jar:3.0.20]
	at org.apache.groovy.json.internal.JsonParserCharArray.parse(JsonParserCharArray.java:380) ~[groovy-json-3.0.20.jar:3.0.20]
	at org.apache.groovy.json.internal.BaseJsonParser.parse(BaseJsonParser.java:113) ~[groovy-json-3.0.20.jar:3.0.20]
	at groovy.json.JsonSlurper.parseText(JsonSlurper.java:204) ~[groovy-json-3.0.20.jar:3.0.20]
	at groovy.json.JsonSlurper$parseText.call(Unknown Source) ~[?:?]
	at Script5.run(Script5.groovy:1) ~[?:?]
	at org.codehaus.groovy.jsr223.GroovyScriptEngineImpl.eval(GroovyScriptEngineImpl.java:317) ~[groovy-jsr223-3.0.20.jar:3.0.20]
	... 10 more
2026-08-31 17:33:11,529 ERROR o.a.j.a.JSR223Assertion: Problem in JSR223 script: Validate coupon amounts
javax.script.ScriptException: groovy.json.JsonException: Unable to determine the current character, it is not a string, number, array, or object

The current character read is '<' with an int value of 60
Unable to determine the current character, it is not a string, number, array, or object
line number 1
index number 0
<!DOCTYPE html>
^
	at org.codehaus.groovy.jsr223.GroovyScriptEngineImpl.eval(GroovyScriptEngineImpl.java:320) ~[groovy-jsr223-3.0.20.jar:3.0.20]
	at org.codehaus.groovy.jsr223.GroovyCompiledScript.eval(GroovyCompiledScript.java:71) ~[groovy-jsr223-3.0.20.jar:3.0.20]
	at java.scripting/javax.script.CompiledScript.eval(CompiledScript.java:93) ~[java.scripting:?]
	at org.apache.jmeter.util.JSR223TestElement.processFileOrScript(JSR223TestElement.java:230) ~[ApacheJMeter_core.jar:5.6.3]
	at org.apache.jmeter.assertions.JSR223Assertion.getResult(JSR223Assertion.java:50) ~[ApacheJMeter_components.jar:5.6.3]
	at org.apache.jmeter.threads.JMeterThread.processAssertion(JMeterThread.java:949) ~[ApacheJMeter_core.jar:5.6.3]
	at org.apache.jmeter.threads.JMeterThread.checkAssertions(JMeterThread.java:918) ~[ApacheJMeter_core.jar:5.6.3]
	at org.apache.jmeter.threads.JMeterThread.executeSamplePackage(JMeterThread.java:586) ~[ApacheJMeter_core.jar:5.6.3]
	at org.apache.jmeter.threads.JMeterThread.processSampler(JMeterThread.java:501) ~[ApacheJMeter_core.jar:5.6.3]
	at org.apache.jmeter.threads.JMeterThread.run(JMeterThread.java:268) ~[ApacheJMeter_core.jar:5.6.3]
	at java.base/java.lang.Thread.run(Thread.java:1583) [?:?]
Caused by: groovy.json.JsonException: Unable to determine the current character, it is not a string, number, array, or object

The current character read is '<' with an int value of 60
Unable to determine the current character, it is not a string, number, array, or object
line number 1
index number 0
<!DOCTYPE html>
^
	at org.apache.groovy.json.internal.JsonParserCharArray.decodeValueInternal(JsonParserCharArray.java:202) ~[groovy-json-3.0.20.jar:3.0.20]
	at org.apache.groovy.json.internal.JsonParserCharArray.decodeValue(JsonParserCharArray.java:153) ~[groovy-json-3.0.20.jar:3.0.20]
	at org.apache.groovy.json.internal.JsonParserCharArray.decodeFromChars(JsonParserCharArray.java:43) ~[groovy-json-3.0.20.jar:3.0.20]
	at org.apache.groovy.json.internal.JsonParserCharArray.parse(JsonParserCharArray.java:380) ~[groovy-json-3.0.20.jar:3.0.20]
	at org.apache.groovy.json.internal.BaseJsonParser.parse(BaseJsonParser.java:113) ~[groovy-json-3.0.20.jar:3.0.20]
	at groovy.json.JsonSlurper.parseText(JsonSlurper.java:204) ~[groovy-json-3.0.20.jar:3.0.20]
	at groovy.json.JsonSlurper$parseText.call(Unknown Source) ~[?:?]
	at Script5.run(Script5.groovy:1) ~[?:?]
	at org.codehaus.groovy.jsr223.GroovyScriptEngineImpl.eval(GroovyScriptEngineImpl.java:317) ~[groovy-jsr223-3.0.20.jar:3.0.20]
	... 10 more
2026-08-31 17:33:11,971 ERROR o.a.j.a.JSR223Assertion: Problem in JSR223 script: Validate coupon amounts
javax.script.ScriptException: groovy.json.JsonException: Unable to determine the current character, it is not a string, number, array, or object

The current character read is '<' with an int value of 60
Unable to determine the current character, it is not a string, number, array, or object
line number 1
index number 0
<!DOCTYPE html>
^
	at org.codehaus.groovy.jsr223.GroovyScriptEngineImpl.eval(GroovyScriptEngineImpl.java:320) ~[groovy-jsr223-3.0.20.jar:3.0.20]
	at org.codehaus.groovy.jsr223.GroovyCompiledScript.eval(GroovyCompiledScript.java:71) ~[groovy-jsr223-3.0.20.jar:3.0.20]
	at java.scripting/javax.script.CompiledScript.eval(CompiledScript.java:93) ~[java.scripting:?]
	at org.apache.jmeter.util.JSR223TestElement.processFileOrScript(JSR223TestElement.java:230) ~[ApacheJMeter_core.jar:5.6.3]
	at org.apache.jmeter.assertions.JSR223Assertion.getResult(JSR223Assertion.java:50) ~[ApacheJMeter_components.jar:5.6.3]
	at org.apache.jmeter.threads.JMeterThread.processAssertion(JMeterThread.java:949) ~[ApacheJMeter_core.jar:5.6.3]
	at org.apache.jmeter.threads.JMeterThread.checkAssertions(JMeterThread.java:918) ~[ApacheJMeter_core.jar:5.6.3]
	at org.apache.jmeter.threads.JMeterThread.executeSamplePackage(JMeterThread.java:586) ~[ApacheJMeter_core.jar:5.6.3]
	at org.apache.jmeter.threads.JMeterThread.processSampler(JMeterThread.java:501) ~[ApacheJMeter_core.jar:5.6.3]
	at org.apache.jmeter.threads.JMeterThread.run(JMeterThread.java:268) ~[ApacheJMeter_core.jar:5.6.3]
	at java.base/java.lang.Thread.run(Thread.java:1583) [?:?]
Caused by: groovy.json.JsonException: Unable to determine the current character, it is not a string, number, array, or object

The current character read is '<' with an int value of 60
Unable to determine the current character, it is not a string, number, array, or object
line number 1
index number 0
<!DOCTYPE html>
^
	at org.apache.groovy.json.internal.JsonParserCharArray.decodeValueInternal(JsonParserCharArray.java:202) ~[groovy-json-3.0.20.jar:3.0.20]
	at org.apache.groovy.json.internal.JsonParserCharArray.decodeValue(JsonParserCharArray.java:153) ~[groovy-json-3.0.20.jar:3.0.20]
	at org.apache.groovy.json.internal.JsonParserCharArray.decodeFromChars(JsonParserCharArray.java:43) ~[groovy-json-3.0.20.jar:3.0.20]
	at org.apache.groovy.json.internal.JsonParserCharArray.parse(JsonParserCharArray.java:380) ~[groovy-json-3.0.20.jar:3.0.20]
	at org.apache.groovy.json.internal.BaseJsonParser.parse(BaseJsonParser.java:113) ~[groovy-json-3.0.20.jar:3.0.20]
	at groovy.json.JsonSlurper.parseText(JsonSlurper.java:204) ~[groovy-json-3.0.20.jar:3.0.20]
	at groovy.json.JsonSlurper$parseText.call(Unknown Source) ~[?:?]
	at Script5.run(Script5.groovy:1) ~[?:?]
	at org.codehaus.groovy.jsr223.GroovyScriptEngineImpl.eval(GroovyScriptEngineImpl.java:317) ~[groovy-jsr223-3.0.20.jar:3.0.20]
	... 10 more
2026-08-31 17:33:12,106 ERROR o.a.j.a.JSR223Assertion: Problem in JSR223 script: Validate coupon amounts
javax.script.ScriptException: groovy.json.JsonException: Unable to determine the current character, it is not a string, number, array, or object

The current character read is '<' with an int value of 60
Unable to determine the current character, it is not a string, number, array, or object
line number 1
index number 0
<!DOCTYPE html>
^
	at org.codehaus.groovy.jsr223.GroovyScriptEngineImpl.eval(GroovyScriptEngineImpl.java:320) ~[groovy-jsr223-3.0.20.jar:3.0.20]
	at org.codehaus.groovy.jsr223.GroovyCompiledScript.eval(GroovyCompiledScript.java:71) ~[groovy-jsr223-3.0.20.jar:3.0.20]
	at java.scripting/javax.script.CompiledScript.eval(CompiledScript.java:93) ~[java.scripting:?]
	at org.apache.jmeter.util.JSR223TestElement.processFileOrScript(JSR223TestElement.java:230) ~[ApacheJMeter_core.jar:5.6.3]
	at org.apache.jmeter.assertions.JSR223Assertion.getResult(JSR223Assertion.java:50) ~[ApacheJMeter_components.jar:5.6.3]
	at org.apache.jmeter.threads.JMeterThread.processAssertion(JMeterThread.java:949) ~[ApacheJMeter_core.jar:5.6.3]
	at org.apache.jmeter.threads.JMeterThread.checkAssertions(JMeterThread.java:918) ~[ApacheJMeter_core.jar:5.6.3]
	at org.apache.jmeter.threads.JMeterThread.executeSamplePackage(JMeterThread.java:586) ~[ApacheJMeter_core.jar:5.6.3]
	at org.apache.jmeter.threads.JMeterThread.processSampler(JMeterThread.java:501) ~[ApacheJMeter_core.jar:5.6.3]
	at org.apache.jmeter.threads.JMeterThread.run(JMeterThread.java:268) ~[ApacheJMeter_core.jar:5.6.3]
	at java.base/java.lang.Thread.run(Thread.java:1583) [?:?]
Caused by: groovy.json.JsonException: Unable to determine the current character, it is not a string, number, array, or object

The current character read is '<' with an int value of 60
Unable to determine the current character, it is not a string, number, array, or object
line number 1
index number 0
<!DOCTYPE html>
^
	at org.apache.groovy.json.internal.JsonParserCharArray.decodeValueInternal(JsonParserCharArray.java:202) ~[groovy-json-3.0.20.jar:3.0.20]
	at org.apache.groovy.json.internal.JsonParserCharArray.decodeValue(JsonParserCharArray.java:153) ~[groovy-json-3.0.20.jar:3.0.20]
	at org.apache.groovy.json.internal.JsonParserCharArray.decodeFromChars(JsonParserCharArray.java:43) ~[groovy-json-3.0.20.jar:3.0.20]
	at org.apache.groovy.json.internal.JsonParserCharArray.parse(JsonParserCharArray.java:380) ~[groovy-json-3.0.20.jar:3.0.20]
	at org.apache.groovy.json.internal.BaseJsonParser.parse(BaseJsonParser.java:113) ~[groovy-json-3.0.20.jar:3.0.20]
	at groovy.json.JsonSlurper.parseText(JsonSlurper.java:204) ~[groovy-json-3.0.20.jar:3.0.20]
	at groovy.json.JsonSlurper$parseText.call(Unknown Source) ~[?:?]
	at Script5.run(Script5.groovy:1) ~[?:?]
	at org.codehaus.groovy.jsr223.GroovyScriptEngineImpl.eval(GroovyScriptEngineImpl.java:317) ~[groovy-jsr223-3.0.20.jar:3.0.20]
	... 10 more
2026-08-31 17:33:12,574 ERROR o.a.j.a.JSR223Assertion: Problem in JSR223 script: Validate coupon amounts
javax.script.ScriptException: groovy.json.JsonException: Unable to determine the current character, it is not a string, number, array, or object

The current character read is '<' with an int value of 60
Unable to determine the current character, it is not a string, number, array, or object
line number 1
index number 0
<!DOCTYPE html>
^
	at org.codehaus.groovy.jsr223.GroovyScriptEngineImpl.eval(GroovyScriptEngineImpl.java:320) ~[groovy-jsr223-3.0.20.jar:3.0.20]
	at org.codehaus.groovy.jsr223.GroovyCompiledScript.eval(GroovyCompiledScript.java:71) ~[groovy-jsr223-3.0.20.jar:3.0.20]
	at java.scripting/javax.script.CompiledScript.eval(CompiledScript.java:93) ~[java.scripting:?]
	at org.apache.jmeter.util.JSR223TestElement.processFileOrScript(JSR223TestElement.java:230) ~[ApacheJMeter_core.jar:5.6.3]
	at org.apache.jmeter.assertions.JSR223Assertion.getResult(JSR223Assertion.java:50) ~[ApacheJMeter_components.jar:5.6.3]
	at org.apache.jmeter.threads.JMeterThread.processAssertion(JMeterThread.java:949) ~[ApacheJMeter_core.jar:5.6.3]
	at org.apache.jmeter.threads.JMeterThread.checkAssertions(JMeterThread.java:918) ~[ApacheJMeter_core.jar:5.6.3]
	at org.apache.jmeter.threads.JMeterThread.executeSamplePackage(JMeterThread.java:586) ~[ApacheJMeter_core.jar:5.6.3]
	at org.apache.jmeter.threads.JMeterThread.processSampler(JMeterThread.java:501) ~[ApacheJMeter_core.jar:5.6.3]
	at org.apache.jmeter.threads.JMeterThread.run(JMeterThread.java:268) ~[ApacheJMeter_core.jar:5.6.3]
	at java.base/java.lang.Thread.run(Thread.java:1583) [?:?]
Caused by: groovy.json.JsonException: Unable to determine the current character, it is not a string, number, array, or object

The current character read is '<' with an int value of 60
Unable to determine the current character, it is not a string, number, array, or object
line number 1
index number 0
<!DOCTYPE html>
^
	at org.apache.groovy.json.internal.JsonParserCharArray.decodeValueInternal(JsonParserCharArray.java:202) ~[groovy-json-3.0.20.jar:3.0.20]
	at org.apache.groovy.json.internal.JsonParserCharArray.decodeValue(JsonParserCharArray.java:153) ~[groovy-json-3.0.20.jar:3.0.20]
	at org.apache.groovy.json.internal.JsonParserCharArray.decodeFromChars(JsonParserCharArray.java:43) ~[groovy-json-3.0.20.jar:3.0.20]
	at org.apache.groovy.json.internal.JsonParserCharArray.parse(JsonParserCharArray.java:380) ~[groovy-json-3.0.20.jar:3.0.20]
	at org.apache.groovy.json.internal.BaseJsonParser.parse(BaseJsonParser.java:113) ~[groovy-json-3.0.20.jar:3.0.20]
	at groovy.json.JsonSlurper.parseText(JsonSlurper.java:204) ~[groovy-json-3.0.20.jar:3.0.20]
	at groovy.json.JsonSlurper$parseText.call(Unknown Source) ~[?:?]
	at Script5.run(Script5.groovy:1) ~[?:?]
	at org.codehaus.groovy.jsr223.GroovyScriptEngineImpl.eval(GroovyScriptEngineImpl.java:317) ~[groovy-jsr223-3.0.20.jar:3.0.20]
	... 10 more
2026-08-31 17:33:13,202 ERROR o.a.j.a.JSR223Assertion: Problem in JSR223 script: Validate coupon amounts
javax.script.ScriptException: groovy.json.JsonException: Unable to determine the current character, it is not a string, number, array, or object

The current character read is '<' with an int value of 60
Unable to determine the current character, it is not a string, number, array, or object
line number 1
index number 0
<!DOCTYPE html>
^
	at org.codehaus.groovy.jsr223.GroovyScriptEngineImpl.eval(GroovyScriptEngineImpl.java:320) ~[groovy-jsr223-3.0.20.jar:3.0.20]
	at org.codehaus.groovy.jsr223.GroovyCompiledScript.eval(GroovyCompiledScript.java:71) ~[groovy-jsr223-3.0.20.jar:3.0.20]
	at java.scripting/javax.script.CompiledScript.eval(CompiledScript.java:93) ~[java.scripting:?]
	at org.apache.jmeter.util.JSR223TestElement.processFileOrScript(JSR223TestElement.java:230) ~[ApacheJMeter_core.jar:5.6.3]
	at org.apache.jmeter.assertions.JSR223Assertion.getResult(JSR223Assertion.java:50) ~[ApacheJMeter_components.jar:5.6.3]
	at org.apache.jmeter.threads.JMeterThread.processAssertion(JMeterThread.java:949) ~[ApacheJMeter_core.jar:5.6.3]
	at org.apache.jmeter.threads.JMeterThread.checkAssertions(JMeterThread.java:918) ~[ApacheJMeter_core.jar:5.6.3]
	at org.apache.jmeter.threads.JMeterThread.executeSamplePackage(JMeterThread.java:586) ~[ApacheJMeter_core.jar:5.6.3]
	at org.apache.jmeter.threads.JMeterThread.processSampler(JMeterThread.java:501) ~[ApacheJMeter_core.jar:5.6.3]
	at org.apache.jmeter.threads.JMeterThread.run(JMeterThread.java:268) ~[ApacheJMeter_core.jar:5.6.3]
	at java.base/java.lang.Thread.run(Thread.java:1583) [?:?]
Caused by: groovy.json.JsonException: Unable to determine the current character, it is not a string, number, array, or object

The current character read is '<' with an int value of 60
Unable to determine the current character, it is not a string, number, array, or object
line number 1
index number 0
<!DOCTYPE html>
^
	at org.apache.groovy.json.internal.JsonParserCharArray.decodeValueInternal(JsonParserCharArray.java:202) ~[groovy-json-3.0.20.jar:3.0.20]
	at org.apache.groovy.json.internal.JsonParserCharArray.decodeValue(JsonParserCharArray.java:153) ~[groovy-json-3.0.20.jar:3.0.20]
	at org.apache.groovy.json.internal.JsonParserCharArray.decodeFromChars(JsonParserCharArray.java:43) ~[groovy-json-3.0.20.jar:3.0.20]
	at org.apache.groovy.json.internal.JsonParserCharArray.parse(JsonParserCharArray.java:380) ~[groovy-json-3.0.20.jar:3.0.20]
	at org.apache.groovy.json.internal.BaseJsonParser.parse(BaseJsonParser.java:113) ~[groovy-json-3.0.20.jar:3.0.20]
	at groovy.json.JsonSlurper.parseText(JsonSlurper.java:204) ~[groovy-json-3.0.20.jar:3.0.20]
	at groovy.json.JsonSlurper$parseText.call(Unknown Source) ~[?:?]
	at Script5.run(Script5.groovy:1) ~[?:?]
	at org.codehaus.groovy.jsr223.GroovyScriptEngineImpl.eval(GroovyScriptEngineImpl.java:317) ~[groovy-jsr223-3.0.20.jar:3.0.20]
	... 10 more
2026-08-31 17:33:13,586 ERROR o.a.j.a.JSR223Assertion: Problem in JSR223 script: Validate coupon amounts
javax.script.ScriptException: groovy.json.JsonException: Unable to determine the current character, it is not a string, number, array, or object

The current character read is '<' with an int value of 60
Unable to determine the current character, it is not a string, number, array, or object
line number 1
index number 0
<!DOCTYPE html>
^
	at org.codehaus.groovy.jsr223.GroovyScriptEngineImpl.eval(GroovyScriptEngineImpl.java:320) ~[groovy-jsr223-3.0.20.jar:3.0.20]
	at org.codehaus.groovy.jsr223.GroovyCompiledScript.eval(GroovyCompiledScript.java:71) ~[groovy-jsr223-3.0.20.jar:3.0.20]
	at java.scripting/javax.script.CompiledScript.eval(CompiledScript.java:93) ~[java.scripting:?]
	at org.apache.jmeter.util.JSR223TestElement.processFileOrScript(JSR223TestElement.java:230) ~[ApacheJMeter_core.jar:5.6.3]
	at org.apache.jmeter.assertions.JSR223Assertion.getResult(JSR223Assertion.java:50) ~[ApacheJMeter_components.jar:5.6.3]
	at org.apache.jmeter.threads.JMeterThread.processAssertion(JMeterThread.java:949) ~[ApacheJMeter_core.jar:5.6.3]
	at org.apache.jmeter.threads.JMeterThread.checkAssertions(JMeterThread.java:918) ~[ApacheJMeter_core.jar:5.6.3]
	at org.apache.jmeter.threads.JMeterThread.executeSamplePackage(JMeterThread.java:586) ~[ApacheJMeter_core.jar:5.6.3]
	at org.apache.jmeter.threads.JMeterThread.processSampler(JMeterThread.java:501) ~[ApacheJMeter_core.jar:5.6.3]
	at org.apache.jmeter.threads.JMeterThread.run(JMeterThread.java:268) ~[ApacheJMeter_core.jar:5.6.3]
	at java.base/java.lang.Thread.run(Thread.java:1583) [?:?]
Caused by: groovy.json.JsonException: Unable to determine the current character, it is not a string, number, array, or object

The current character read is '<' with an int value of 60
Unable to determine the current character, it is not a string, number, array, or object
line number 1
index number 0
<!DOCTYPE html>
^
	at org.apache.groovy.json.internal.JsonParserCharArray.decodeValueInternal(JsonParserCharArray.java:202) ~[groovy-json-3.0.20.jar:3.0.20]
	at org.apache.groovy.json.internal.JsonParserCharArray.decodeValue(JsonParserCharArray.java:153) ~[groovy-json-3.0.20.jar:3.0.20]
	at org.apache.groovy.json.internal.JsonParserCharArray.decodeFromChars(JsonParserCharArray.java:43) ~[groovy-json-3.0.20.jar:3.0.20]
	at org.apache.groovy.json.internal.JsonParserCharArray.parse(JsonParserCharArray.java:380) ~[groovy-json-3.0.20.jar:3.0.20]
	at org.apache.groovy.json.internal.BaseJsonParser.parse(BaseJsonParser.java:113) ~[groovy-json-3.0.20.jar:3.0.20]
	at groovy.json.JsonSlurper.parseText(JsonSlurper.java:204) ~[groovy-json-3.0.20.jar:3.0.20]
	at groovy.json.JsonSlurper$parseText.call(Unknown Source) ~[?:?]
	at Script5.run(Script5.groovy:1) ~[?:?]
	at org.codehaus.groovy.jsr223.GroovyScriptEngineImpl.eval(GroovyScriptEngineImpl.java:317) ~[groovy-jsr223-3.0.20.jar:3.0.20]
	... 10 more
2026-08-31 17:33:13,717 ERROR o.a.j.a.JSR223Assertion: Problem in JSR223 script: Validate coupon amounts
javax.script.ScriptException: groovy.json.JsonException: Unable to determine the current character, it is not a string, number, array, or object

The current character read is '<' with an int value of 60
Unable to determine the current character, it is not a string, number, array, or object
line number 1
index number 0
<!DOCTYPE html>
^
	at org.codehaus.groovy.jsr223.GroovyScriptEngineImpl.eval(GroovyScriptEngineImpl.java:320) ~[groovy-jsr223-3.0.20.jar:3.0.20]
	at org.codehaus.groovy.jsr223.GroovyCompiledScript.eval(GroovyCompiledScript.java:71) ~[groovy-jsr223-3.0.20.jar:3.0.20]
	at java.scripting/javax.script.CompiledScript.eval(CompiledScript.java:93) ~[java.scripting:?]
	at org.apache.jmeter.util.JSR223TestElement.processFileOrScript(JSR223TestElement.java:230) ~[ApacheJMeter_core.jar:5.6.3]
	at org.apache.jmeter.assertions.JSR223Assertion.getResult(JSR223Assertion.java:50) ~[ApacheJMeter_components.jar:5.6.3]
	at org.apache.jmeter.threads.JMeterThread.processAssertion(JMeterThread.java:949) ~[ApacheJMeter_core.jar:5.6.3]
	at org.apache.jmeter.threads.JMeterThread.checkAssertions(JMeterThread.java:918) ~[ApacheJMeter_core.jar:5.6.3]
	at org.apache.jmeter.threads.JMeterThread.executeSamplePackage(JMeterThread.java:586) ~[ApacheJMeter_core.jar:5.6.3]
	at org.apache.jmeter.threads.JMeterThread.processSampler(JMeterThread.java:501) ~[ApacheJMeter_core.jar:5.6.3]
	at org.apache.jmeter.threads.JMeterThread.run(JMeterThread.java:268) ~[ApacheJMeter_core.jar:5.6.3]
	at java.base/java.lang.Thread.run(Thread.java:1583) [?:?]
Caused by: groovy.json.JsonException: Unable to determine the current character, it is not a string, number, array, or object

The current character read is '<' with an int value of 60
Unable to determine the current character, it is not a string, number, array, or object
line number 1
index number 0
<!DOCTYPE html>
^
	at org.apache.groovy.json.internal.JsonParserCharArray.decodeValueInternal(JsonParserCharArray.java:202) ~[groovy-json-3.0.20.jar:3.0.20]
	at org.apache.groovy.json.internal.JsonParserCharArray.decodeValue(JsonParserCharArray.java:153) ~[groovy-json-3.0.20.jar:3.0.20]
	at org.apache.groovy.json.internal.JsonParserCharArray.decodeFromChars(JsonParserCharArray.java:43) ~[groovy-json-3.0.20.jar:3.0.20]
	at org.apache.groovy.json.internal.JsonParserCharArray.parse(JsonParserCharArray.java:380) ~[groovy-json-3.0.20.jar:3.0.20]
	at org.apache.groovy.json.internal.BaseJsonParser.parse(BaseJsonParser.java:113) ~[groovy-json-3.0.20.jar:3.0.20]
	at groovy.json.JsonSlurper.parseText(JsonSlurper.java:204) ~[groovy-json-3.0.20.jar:3.0.20]
	at groovy.json.JsonSlurper$parseText.call(Unknown Source) ~[?:?]
	at Script5.run(Script5.groovy:1) ~[?:?]
	at org.codehaus.groovy.jsr223.GroovyScriptEngineImpl.eval(GroovyScriptEngineImpl.java:317) ~[groovy-jsr223-3.0.20.jar:3.0.20]
	... 10 more
2026-08-31 17:33:14,036 ERROR o.a.j.a.JSR223Assertion: Problem in JSR223 script: Validate coupon amounts
javax.script.ScriptException: groovy.json.JsonException: Unable to determine the current character, it is not a string, number, array, or object

The current character read is '<' with an int value of 60
Unable to determine the current character, it is not a string, number, array, or object
line number 1
index number 0
<!DOCTYPE html>
^
	at org.codehaus.groovy.jsr223.GroovyScriptEngineImpl.eval(GroovyScriptEngineImpl.java:320) ~[groovy-jsr223-3.0.20.jar:3.0.20]
	at org.codehaus.groovy.jsr223.GroovyCompiledScript.eval(GroovyCompiledScript.java:71) ~[groovy-jsr223-3.0.20.jar:3.0.20]
	at java.scripting/javax.script.CompiledScript.eval(CompiledScript.java:93) ~[java.scripting:?]
	at org.apache.jmeter.util.JSR223TestElement.processFileOrScript(JSR223TestElement.java:230) ~[ApacheJMeter_core.jar:5.6.3]
	at org.apache.jmeter.assertions.JSR223Assertion.getResult(JSR223Assertion.java:50) ~[ApacheJMeter_components.jar:5.6.3]
	at org.apache.jmeter.threads.JMeterThread.processAssertion(JMeterThread.java:949) ~[ApacheJMeter_core.jar:5.6.3]
	at org.apache.jmeter.threads.JMeterThread.checkAssertions(JMeterThread.java:918) ~[ApacheJMeter_core.jar:5.6.3]
	at org.apache.jmeter.threads.JMeterThread.executeSamplePackage(JMeterThread.java:586) ~[ApacheJMeter_core.jar:5.6.3]
	at org.apache.jmeter.threads.JMeterThread.processSampler(JMeterThread.java:501) ~[ApacheJMeter_core.jar:5.6.3]
	at org.apache.jmeter.threads.JMeterThread.run(JMeterThread.java:268) ~[ApacheJMeter_core.jar:5.6.3]
	at java.base/java.lang.Thread.run(Thread.java:1583) [?:?]
Caused by: groovy.json.JsonException: Unable to determine the current character, it is not a string, number, array, or object

The current character read is '<' with an int value of 60
Unable to determine the current character, it is not a string, number, array, or object
line number 1
index number 0
<!DOCTYPE html>
^
	at org.apache.groovy.json.internal.JsonParserCharArray.decodeValueInternal(JsonParserCharArray.java:202) ~[groovy-json-3.0.20.jar:3.0.20]
	at org.apache.groovy.json.internal.JsonParserCharArray.decodeValue(JsonParserCharArray.java:153) ~[groovy-json-3.0.20.jar:3.0.20]
	at org.apache.groovy.json.internal.JsonParserCharArray.decodeFromChars(JsonParserCharArray.java:43) ~[groovy-json-3.0.20.jar:3.0.20]
	at org.apache.groovy.json.internal.JsonParserCharArray.parse(JsonParserCharArray.java:380) ~[groovy-json-3.0.20.jar:3.0.20]
	at org.apache.groovy.json.internal.BaseJsonParser.parse(BaseJsonParser.java:113) ~[groovy-json-3.0.20.jar:3.0.20]
	at groovy.json.JsonSlurper.parseText(JsonSlurper.java:204) ~[groovy-json-3.0.20.jar:3.0.20]
	at groovy.json.JsonSlurper$parseText.call(Unknown Source) ~[?:?]
	at Script5.run(Script5.groovy:1) ~[?:?]
	at org.codehaus.groovy.jsr223.GroovyScriptEngineImpl.eval(GroovyScriptEngineImpl.java:317) ~[groovy-jsr223-3.0.20.jar:3.0.20]
	... 10 more
2026-08-31 17:33:14,270 ERROR o.a.j.a.JSR223Assertion: Problem in JSR223 script: Validate coupon amounts
javax.script.ScriptException: groovy.json.JsonException: Unable to determine the current character, it is not a string, number, array, or object

The current character read is '<' with an int value of 60
Unable to determine the current character, it is not a string, number, array, or object
line number 1
index number 0
<!DOCTYPE html>
^
	at org.codehaus.groovy.jsr223.GroovyScriptEngineImpl.eval(GroovyScriptEngineImpl.java:320) ~[groovy-jsr223-3.0.20.jar:3.0.20]
	at org.codehaus.groovy.jsr223.GroovyCompiledScript.eval(GroovyCompiledScript.java:71) ~[groovy-jsr223-3.0.20.jar:3.0.20]
	at java.scripting/javax.script.CompiledScript.eval(CompiledScript.java:93) ~[java.scripting:?]
	at org.apache.jmeter.util.JSR223TestElement.processFileOrScript(JSR223TestElement.java:230) ~[ApacheJMeter_core.jar:5.6.3]
	at org.apache.jmeter.assertions.JSR223Assertion.getResult(JSR223Assertion.java:50) ~[ApacheJMeter_components.jar:5.6.3]
	at org.apache.jmeter.threads.JMeterThread.processAssertion(JMeterThread.java:949) ~[ApacheJMeter_core.jar:5.6.3]
	at org.apache.jmeter.threads.JMeterThread.checkAssertions(JMeterThread.java:918) ~[ApacheJMeter_core.jar:5.6.3]
	at org.apache.jmeter.threads.JMeterThread.executeSamplePackage(JMeterThread.java:586) ~[ApacheJMeter_core.jar:5.6.3]
	at org.apache.jmeter.threads.JMeterThread.processSampler(JMeterThread.java:501) ~[ApacheJMeter_core.jar:5.6.3]
	at org.apache.jmeter.threads.JMeterThread.run(JMeterThread.java:268) ~[ApacheJMeter_core.jar:5.6.3]
	at java.base/java.lang.Thread.run(Thread.java:1583) [?:?]
Caused by: groovy.json.JsonException: Unable to determine the current character, it is not a string, number, array, or object

The current character read is '<' with an int value of 60
Unable to determine the current character, it is not a string, number, array, or object
line number 1
index number 0
<!DOCTYPE html>
^
	at org.apache.groovy.json.internal.JsonParserCharArray.decodeValueInternal(JsonParserCharArray.java:202) ~[groovy-json-3.0.20.jar:3.0.20]
	at org.apache.groovy.json.internal.JsonParserCharArray.decodeValue(JsonParserCharArray.java:153) ~[groovy-json-3.0.20.jar:3.0.20]
	at org.apache.groovy.json.internal.JsonParserCharArray.decodeFromChars(JsonParserCharArray.java:43) ~[groovy-json-3.0.20.jar:3.0.20]
	at org.apache.groovy.json.internal.JsonParserCharArray.parse(JsonParserCharArray.java:380) ~[groovy-json-3.0.20.jar:3.0.20]
	at org.apache.groovy.json.internal.BaseJsonParser.parse(BaseJsonParser.java:113) ~[groovy-json-3.0.20.jar:3.0.20]
	at groovy.json.JsonSlurper.parseText(JsonSlurper.java:204) ~[groovy-json-3.0.20.jar:3.0.20]
	at groovy.json.JsonSlurper$parseText.call(Unknown Source) ~[?:?]
	at Script5.run(Script5.groovy:1) ~[?:?]
	at org.codehaus.groovy.jsr223.GroovyScriptEngineImpl.eval(GroovyScriptEngineImpl.java:317) ~[groovy-jsr223-3.0.20.jar:3.0.20]
	... 10 more
2026-08-31 17:33:14,838 ERROR o.a.j.a.JSR223Assertion: Problem in JSR223 script: Validate coupon amounts
javax.script.ScriptException: groovy.json.JsonException: Unable to determine the current character, it is not a string, number, array, or object

The current character read is '<' with an int value of 60
Unable to determine the current character, it is not a string, number, array, or object
line number 1
index number 0
<!DOCTYPE html>
^
	at org.codehaus.groovy.jsr223.GroovyScriptEngineImpl.eval(GroovyScriptEngineImpl.java:320) ~[groovy-jsr223-3.0.20.jar:3.0.20]
	at org.codehaus.groovy.jsr223.GroovyCompiledScript.eval(GroovyCompiledScript.java:71) ~[groovy-jsr223-3.0.20.jar:3.0.20]
	at java.scripting/javax.script.CompiledScript.eval(CompiledScript.java:93) ~[java.scripting:?]
	at org.apache.jmeter.util.JSR223TestElement.processFileOrScript(JSR223TestElement.java:230) ~[ApacheJMeter_core.jar:5.6.3]
	at org.apache.jmeter.assertions.JSR223Assertion.getResult(JSR223Assertion.java:50) ~[ApacheJMeter_components.jar:5.6.3]
	at org.apache.jmeter.threads.JMeterThread.processAssertion(JMeterThread.java:949) ~[ApacheJMeter_core.jar:5.6.3]
	at org.apache.jmeter.threads.JMeterThread.checkAssertions(JMeterThread.java:918) ~[ApacheJMeter_core.jar:5.6.3]
	at org.apache.jmeter.threads.JMeterThread.executeSamplePackage(JMeterThread.java:586) ~[ApacheJMeter_core.jar:5.6.3]
	at org.apache.jmeter.threads.JMeterThread.processSampler(JMeterThread.java:501) ~[ApacheJMeter_core.jar:5.6.3]
	at org.apache.jmeter.threads.JMeterThread.run(JMeterThread.java:268) ~[ApacheJMeter_core.jar:5.6.3]
	at java.base/java.lang.Thread.run(Thread.java:1583) [?:?]
Caused by: groovy.json.JsonException: Unable to determine the current character, it is not a string, number, array, or object

The current character read is '<' with an int value of 60
Unable to determine the current character, it is not a string, number, array, or object
line number 1
index number 0
<!DOCTYPE html>
^
	at org.apache.groovy.json.internal.JsonParserCharArray.decodeValueInternal(JsonParserCharArray.java:202) ~[groovy-json-3.0.20.jar:3.0.20]
	at org.apache.groovy.json.internal.JsonParserCharArray.decodeValue(JsonParserCharArray.java:153) ~[groovy-json-3.0.20.jar:3.0.20]
	at org.apache.groovy.json.internal.JsonParserCharArray.decodeFromChars(JsonParserCharArray.java:43) ~[groovy-json-3.0.20.jar:3.0.20]
	at org.apache.groovy.json.internal.JsonParserCharArray.parse(JsonParserCharArray.java:380) ~[groovy-json-3.0.20.jar:3.0.20]
	at org.apache.groovy.json.internal.BaseJsonParser.parse(BaseJsonParser.java:113) ~[groovy-json-3.0.20.jar:3.0.20]
	at groovy.json.JsonSlurper.parseText(JsonSlurper.java:204) ~[groovy-json-3.0.20.jar:3.0.20]
	at groovy.json.JsonSlurper$parseText.call(Unknown Source) ~[?:?]
	at Script5.run(Script5.groovy:1) ~[?:?]
	at org.codehaus.groovy.jsr223.GroovyScriptEngineImpl.eval(GroovyScriptEngineImpl.java:317) ~[groovy-jsr223-3.0.20.jar:3.0.20]
	... 10 more
2026-08-31 17:33:15,488 ERROR o.a.j.a.JSR223Assertion: Problem in JSR223 script: Validate coupon amounts
javax.script.ScriptException: groovy.json.JsonException: Unable to determine the current character, it is not a string, number, array, or object

The current character read is '<' with an int value of 60
Unable to determine the current character, it is not a string, number, array, or object
line number 1
index number 0
<!DOCTYPE html>
^
	at org.codehaus.groovy.jsr223.GroovyScriptEngineImpl.eval(GroovyScriptEngineImpl.java:320) ~[groovy-jsr223-3.0.20.jar:3.0.20]
	at org.codehaus.groovy.jsr223.GroovyCompiledScript.eval(GroovyCompiledScript.java:71) ~[groovy-jsr223-3.0.20.jar:3.0.20]
	at java.scripting/javax.script.CompiledScript.eval(CompiledScript.java:93) ~[java.scripting:?]
	at org.apache.jmeter.util.JSR223TestElement.processFileOrScript(JSR223TestElement.java:230) ~[ApacheJMeter_core.jar:5.6.3]
	at org.apache.jmeter.assertions.JSR223Assertion.getResult(JSR223Assertion.java:50) ~[ApacheJMeter_components.jar:5.6.3]
	at org.apache.jmeter.threads.JMeterThread.processAssertion(JMeterThread.java:949) ~[ApacheJMeter_core.jar:5.6.3]
	at org.apache.jmeter.threads.JMeterThread.checkAssertions(JMeterThread.java:918) ~[ApacheJMeter_core.jar:5.6.3]
	at org.apache.jmeter.threads.JMeterThread.executeSamplePackage(JMeterThread.java:586) ~[ApacheJMeter_core.jar:5.6.3]
	at org.apache.jmeter.threads.JMeterThread.processSampler(JMeterThread.java:501) ~[ApacheJMeter_core.jar:5.6.3]
	at org.apache.jmeter.threads.JMeterThread.run(JMeterThread.java:268) ~[ApacheJMeter_core.jar:5.6.3]
	at java.base/java.lang.Thread.run(Thread.java:1583) [?:?]
Caused by: groovy.json.JsonException: Unable to determine the current character, it is not a string, number, array, or object

The current character read is '<' with an int value of 60
Unable to determine the current character, it is not a string, number, array, or object
line number 1
index number 0
<!DOCTYPE html>
^
	at org.apache.groovy.json.internal.JsonParserCharArray.decodeValueInternal(JsonParserCharArray.java:202) ~[groovy-json-3.0.20.jar:3.0.20]
	at org.apache.groovy.json.internal.JsonParserCharArray.decodeValue(JsonParserCharArray.java:153) ~[groovy-json-3.0.20.jar:3.0.20]
	at org.apache.groovy.json.internal.JsonParserCharArray.decodeFromChars(JsonParserCharArray.java:43) ~[groovy-json-3.0.20.jar:3.0.20]
	at org.apache.groovy.json.internal.JsonParserCharArray.parse(JsonParserCharArray.java:380) ~[groovy-json-3.0.20.jar:3.0.20]
	at org.apache.groovy.json.internal.BaseJsonParser.parse(BaseJsonParser.java:113) ~[groovy-json-3.0.20.jar:3.0.20]
	at groovy.json.JsonSlurper.parseText(JsonSlurper.java:204) ~[groovy-json-3.0.20.jar:3.0.20]
	at groovy.json.JsonSlurper$parseText.call(Unknown Source) ~[?:?]
	at Script5.run(Script5.groovy:1) ~[?:?]
	at org.codehaus.groovy.jsr223.GroovyScriptEngineImpl.eval(GroovyScriptEngineImpl.java:317) ~[groovy-jsr223-3.0.20.jar:3.0.20]
	... 10 more
2026-08-31 17:33:15,685 ERROR o.a.j.a.JSR223Assertion: Problem in JSR223 script: Validate coupon amounts
javax.script.ScriptException: groovy.json.JsonException: Unable to determine the current character, it is not a string, number, array, or object

The current character read is '<' with an int value of 60
Unable to determine the current character, it is not a string, number, array, or object
line number 1
index number 0
<!DOCTYPE html>
^
	at org.codehaus.groovy.jsr223.GroovyScriptEngineImpl.eval(GroovyScriptEngineImpl.java:320) ~[groovy-jsr223-3.0.20.jar:3.0.20]
	at org.codehaus.groovy.jsr223.GroovyCompiledScript.eval(GroovyCompiledScript.java:71) ~[groovy-jsr223-3.0.20.jar:3.0.20]
	at java.scripting/javax.script.CompiledScript.eval(CompiledScript.java:93) ~[java.scripting:?]
	at org.apache.jmeter.util.JSR223TestElement.processFileOrScript(JSR223TestElement.java:230) ~[ApacheJMeter_core.jar:5.6.3]
	at org.apache.jmeter.assertions.JSR223Assertion.getResult(JSR223Assertion.java:50) ~[ApacheJMeter_components.jar:5.6.3]
	at org.apache.jmeter.threads.JMeterThread.processAssertion(JMeterThread.java:949) ~[ApacheJMeter_core.jar:5.6.3]
	at org.apache.jmeter.threads.JMeterThread.checkAssertions(JMeterThread.java:918) ~[ApacheJMeter_core.jar:5.6.3]
	at org.apache.jmeter.threads.JMeterThread.executeSamplePackage(JMeterThread.java:586) ~[ApacheJMeter_core.jar:5.6.3]
	at org.apache.jmeter.threads.JMeterThread.processSampler(JMeterThread.java:501) ~[ApacheJMeter_core.jar:5.6.3]
	at org.apache.jmeter.threads.JMeterThread.run(JMeterThread.java:268) ~[ApacheJMeter_core.jar:5.6.3]
	at java.base/java.lang.Thread.run(Thread.java:1583) [?:?]
Caused by: groovy.json.JsonException: Unable to determine the current character, it is not a string, number, array, or object

The current character read is '<' with an int value of 60
Unable to determine the current character, it is not a string, number, array, or object
line number 1
index number 0
<!DOCTYPE html>
^
	at org.apache.groovy.json.internal.JsonParserCharArray.decodeValueInternal(JsonParserCharArray.java:202) ~[groovy-json-3.0.20.jar:3.0.20]
	at org.apache.groovy.json.internal.JsonParserCharArray.decodeValue(JsonParserCharArray.java:153) ~[groovy-json-3.0.20.jar:3.0.20]
	at org.apache.groovy.json.internal.JsonParserCharArray.decodeFromChars(JsonParserCharArray.java:43) ~[groovy-json-3.0.20.jar:3.0.20]
	at org.apache.groovy.json.internal.JsonParserCharArray.parse(JsonParserCharArray.java:380) ~[groovy-json-3.0.20.jar:3.0.20]
	at org.apache.groovy.json.internal.BaseJsonParser.parse(BaseJsonParser.java:113) ~[groovy-json-3.0.20.jar:3.0.20]
	at groovy.json.JsonSlurper.parseText(JsonSlurper.java:204) ~[groovy-json-3.0.20.jar:3.0.20]
	at groovy.json.JsonSlurper$parseText.call(Unknown Source) ~[?:?]
	at Script5.run(Script5.groovy:1) ~[?:?]
	at org.codehaus.groovy.jsr223.GroovyScriptEngineImpl.eval(GroovyScriptEngineImpl.java:317) ~[groovy-jsr223-3.0.20.jar:3.0.20]
	... 10 more
2026-08-31 17:33:16,019 ERROR o.a.j.a.JSR223Assertion: Problem in JSR223 script: Validate coupon amounts
javax.script.ScriptException: groovy.json.JsonException: Unable to determine the current character, it is not a string, number, array, or object

The current character read is '<' with an int value of 60
Unable to determine the current character, it is not a string, number, array, or object
line number 1
index number 0
<!DOCTYPE html>
^
	at org.codehaus.groovy.jsr223.GroovyScriptEngineImpl.eval(GroovyScriptEngineImpl.java:320) ~[groovy-jsr223-3.0.20.jar:3.0.20]
	at org.codehaus.groovy.jsr223.GroovyCompiledScript.eval(GroovyCompiledScript.java:71) ~[groovy-jsr223-3.0.20.jar:3.0.20]
	at java.scripting/javax.script.CompiledScript.eval(CompiledScript.java:93) ~[java.scripting:?]
	at org.apache.jmeter.util.JSR223TestElement.processFileOrScript(JSR223TestElement.java:230) ~[ApacheJMeter_core.jar:5.6.3]
	at org.apache.jmeter.assertions.JSR223Assertion.getResult(JSR223Assertion.java:50) ~[ApacheJMeter_components.jar:5.6.3]
	at org.apache.jmeter.threads.JMeterThread.processAssertion(JMeterThread.java:949) ~[ApacheJMeter_core.jar:5.6.3]
	at org.apache.jmeter.threads.JMeterThread.checkAssertions(JMeterThread.java:918) ~[ApacheJMeter_core.jar:5.6.3]
	at org.apache.jmeter.threads.JMeterThread.executeSamplePackage(JMeterThread.java:586) ~[ApacheJMeter_core.jar:5.6.3]
	at org.apache.jmeter.threads.JMeterThread.processSampler(JMeterThread.java:501) ~[ApacheJMeter_core.jar:5.6.3]
	at org.apache.jmeter.threads.JMeterThread.run(JMeterThread.java:268) ~[ApacheJMeter_core.jar:5.6.3]
	at java.base/java.lang.Thread.run(Thread.java:1583) [?:?]
Caused by: groovy.json.JsonException: Unable to determine the current character, it is not a string, number, array, or object

The current character read is '<' with an int value of 60
Unable to determine the current character, it is not a string, number, array, or object
line number 1
index number 0
<!DOCTYPE html>
^
	at org.apache.groovy.json.internal.JsonParserCharArray.decodeValueInternal(JsonParserCharArray.java:202) ~[groovy-json-3.0.20.jar:3.0.20]
	at org.apache.groovy.json.internal.JsonParserCharArray.decodeValue(JsonParserCharArray.java:153) ~[groovy-json-3.0.20.jar:3.0.20]
	at org.apache.groovy.json.internal.JsonParserCharArray.decodeFromChars(JsonParserCharArray.java:43) ~[groovy-json-3.0.20.jar:3.0.20]
	at org.apache.groovy.json.internal.JsonParserCharArray.parse(JsonParserCharArray.java:380) ~[groovy-json-3.0.20.jar:3.0.20]
	at org.apache.groovy.json.internal.BaseJsonParser.parse(BaseJsonParser.java:113) ~[groovy-json-3.0.20.jar:3.0.20]
	at groovy.json.JsonSlurper.parseText(JsonSlurper.java:204) ~[groovy-json-3.0.20.jar:3.0.20]
	at groovy.json.JsonSlurper$parseText.call(Unknown Source) ~[?:?]
	at Script5.run(Script5.groovy:1) ~[?:?]
	at org.codehaus.groovy.jsr223.GroovyScriptEngineImpl.eval(GroovyScriptEngineImpl.java:317) ~[groovy-jsr223-3.0.20.jar:3.0.20]
	... 10 more
2026-08-31 17:33:16,410 ERROR o.a.j.a.JSR223Assertion: Problem in JSR223 script: Validate coupon amounts
javax.script.ScriptException: groovy.json.JsonException: Unable to determine the current character, it is not a string, number, array, or object

The current character read is '<' with an int value of 60
Unable to determine the current character, it is not a string, number, array, or object
line number 1
index number 0
<!DOCTYPE html>
^
	at org.codehaus.groovy.jsr223.GroovyScriptEngineImpl.eval(GroovyScriptEngineImpl.java:320) ~[groovy-jsr223-3.0.20.jar:3.0.20]
	at org.codehaus.groovy.jsr223.GroovyCompiledScript.eval(GroovyCompiledScript.java:71) ~[groovy-jsr223-3.0.20.jar:3.0.20]
	at java.scripting/javax.script.CompiledScript.eval(CompiledScript.java:93) ~[java.scripting:?]
	at org.apache.jmeter.util.JSR223TestElement.processFileOrScript(JSR223TestElement.java:230) ~[ApacheJMeter_core.jar:5.6.3]
	at org.apache.jmeter.assertions.JSR223Assertion.getResult(JSR223Assertion.java:50) ~[ApacheJMeter_components.jar:5.6.3]
	at org.apache.jmeter.threads.JMeterThread.processAssertion(JMeterThread.java:949) ~[ApacheJMeter_core.jar:5.6.3]
	at org.apache.jmeter.threads.JMeterThread.checkAssertions(JMeterThread.java:918) ~[ApacheJMeter_core.jar:5.6.3]
	at org.apache.jmeter.threads.JMeterThread.executeSamplePackage(JMeterThread.java:586) ~[ApacheJMeter_core.jar:5.6.3]
	at org.apache.jmeter.threads.JMeterThread.processSampler(JMeterThread.java:501) ~[ApacheJMeter_core.jar:5.6.3]
	at org.apache.jmeter.threads.JMeterThread.run(JMeterThread.java:268) ~[ApacheJMeter_core.jar:5.6.3]
	at java.base/java.lang.Thread.run(Thread.java:1583) [?:?]
Caused by: groovy.json.JsonException: Unable to determine the current character, it is not a string, number, array, or object

The current character read is '<' with an int value of 60
Unable to determine the current character, it is not a string, number, array, or object
line number 1
index number 0
<!DOCTYPE html>
^
	at org.apache.groovy.json.internal.JsonParserCharArray.decodeValueInternal(JsonParserCharArray.java:202) ~[groovy-json-3.0.20.jar:3.0.20]
	at org.apache.groovy.json.internal.JsonParserCharArray.decodeValue(JsonParserCharArray.java:153) ~[groovy-json-3.0.20.jar:3.0.20]
	at org.apache.groovy.json.internal.JsonParserCharArray.decodeFromChars(JsonParserCharArray.java:43) ~[groovy-json-3.0.20.jar:3.0.20]
	at org.apache.groovy.json.internal.JsonParserCharArray.parse(JsonParserCharArray.java:380) ~[groovy-json-3.0.20.jar:3.0.20]
	at org.apache.groovy.json.internal.BaseJsonParser.parse(BaseJsonParser.java:113) ~[groovy-json-3.0.20.jar:3.0.20]
	at groovy.json.JsonSlurper.parseText(JsonSlurper.java:204) ~[groovy-json-3.0.20.jar:3.0.20]
	at groovy.json.JsonSlurper$parseText.call(Unknown Source) ~[?:?]
	at Script5.run(Script5.groovy:1) ~[?:?]
	at org.codehaus.groovy.jsr223.GroovyScriptEngineImpl.eval(GroovyScriptEngineImpl.java:317) ~[groovy-jsr223-3.0.20.jar:3.0.20]
	... 10 more
2026-08-31 17:33:16,613 ERROR o.a.j.a.JSR223Assertion: Problem in JSR223 script: Validate coupon amounts
javax.script.ScriptException: groovy.json.JsonException: Unable to determine the current character, it is not a string, number, array, or object

The current character read is '<' with an int value of 60
Unable to determine the current character, it is not a string, number, array, or object
line number 1
index number 0
<!DOCTYPE html>
^
	at org.codehaus.groovy.jsr223.GroovyScriptEngineImpl.eval(GroovyScriptEngineImpl.java:320) ~[groovy-jsr223-3.0.20.jar:3.0.20]
	at org.codehaus.groovy.jsr223.GroovyCompiledScript.eval(GroovyCompiledScript.java:71) ~[groovy-jsr223-3.0.20.jar:3.0.20]
	at java.scripting/javax.script.CompiledScript.eval(CompiledScript.java:93) ~[java.scripting:?]
	at org.apache.jmeter.util.JSR223TestElement.processFileOrScript(JSR223TestElement.java:230) ~[ApacheJMeter_core.jar:5.6.3]
	at org.apache.jmeter.assertions.JSR223Assertion.getResult(JSR223Assertion.java:50) ~[ApacheJMeter_components.jar:5.6.3]
	at org.apache.jmeter.threads.JMeterThread.processAssertion(JMeterThread.java:949) ~[ApacheJMeter_core.jar:5.6.3]
	at org.apache.jmeter.threads.JMeterThread.checkAssertions(JMeterThread.java:918) ~[ApacheJMeter_core.jar:5.6.3]
	at org.apache.jmeter.threads.JMeterThread.executeSamplePackage(JMeterThread.java:586) ~[ApacheJMeter_core.jar:5.6.3]
	at org.apache.jmeter.threads.JMeterThread.processSampler(JMeterThread.java:501) ~[ApacheJMeter_core.jar:5.6.3]
	at org.apache.jmeter.threads.JMeterThread.run(JMeterThread.java:268) ~[ApacheJMeter_core.jar:5.6.3]
	at java.base/java.lang.Thread.run(Thread.java:1583) [?:?]
Caused by: groovy.json.JsonException: Unable to determine the current character, it is not a string, number, array, or object

The current character read is '<' with an int value of 60
Unable to determine the current character, it is not a string, number, array, or object
line number 1
index number 0
<!DOCTYPE html>
^
	at org.apache.groovy.json.internal.JsonParserCharArray.decodeValueInternal(JsonParserCharArray.java:202) ~[groovy-json-3.0.20.jar:3.0.20]
	at org.apache.groovy.json.internal.JsonParserCharArray.decodeValue(JsonParserCharArray.java:153) ~[groovy-json-3.0.20.jar:3.0.20]
	at org.apache.groovy.json.internal.JsonParserCharArray.decodeFromChars(JsonParserCharArray.java:43) ~[groovy-json-3.0.20.jar:3.0.20]
	at org.apache.groovy.json.internal.JsonParserCharArray.parse(JsonParserCharArray.java:380) ~[groovy-json-3.0.20.jar:3.0.20]
	at org.apache.groovy.json.internal.BaseJsonParser.parse(BaseJsonParser.java:113) ~[groovy-json-3.0.20.jar:3.0.20]
	at groovy.json.JsonSlurper.parseText(JsonSlurper.java:204) ~[groovy-json-3.0.20.jar:3.0.20]
	at groovy.json.JsonSlurper$parseText.call(Unknown Source) ~[?:?]
	at Script5.run(Script5.groovy:1) ~[?:?]
	at org.codehaus.groovy.jsr223.GroovyScriptEngineImpl.eval(GroovyScriptEngineImpl.java:317) ~[groovy-jsr223-3.0.20.jar:3.0.20]
	... 10 more
2026-08-31 17:33:16,806 ERROR o.a.j.a.JSR223Assertion: Problem in JSR223 script: Validate coupon amounts
javax.script.ScriptException: groovy.json.JsonException: Unable to determine the current character, it is not a string, number, array, or object

The current character read is '<' with an int value of 60
Unable to determine the current character, it is not a string, number, array, or object
line number 1
index number 0
<!DOCTYPE html>
^
	at org.codehaus.groovy.jsr223.GroovyScriptEngineImpl.eval(GroovyScriptEngineImpl.java:320) ~[groovy-jsr223-3.0.20.jar:3.0.20]
	at org.codehaus.groovy.jsr223.GroovyCompiledScript.eval(GroovyCompiledScript.java:71) ~[groovy-jsr223-3.0.20.jar:3.0.20]
	at java.scripting/javax.script.CompiledScript.eval(CompiledScript.java:93) ~[java.scripting:?]
	at org.apache.jmeter.util.JSR223TestElement.processFileOrScript(JSR223TestElement.java:230) ~[ApacheJMeter_core.jar:5.6.3]
	at org.apache.jmeter.assertions.JSR223Assertion.getResult(JSR223Assertion.java:50) ~[ApacheJMeter_components.jar:5.6.3]
	at org.apache.jmeter.threads.JMeterThread.processAssertion(JMeterThread.java:949) ~[ApacheJMeter_core.jar:5.6.3]
	at org.apache.jmeter.threads.JMeterThread.checkAssertions(JMeterThread.java:918) ~[ApacheJMeter_core.jar:5.6.3]
	at org.apache.jmeter.threads.JMeterThread.executeSamplePackage(JMeterThread.java:586) ~[ApacheJMeter_core.jar:5.6.3]
	at org.apache.jmeter.threads.JMeterThread.processSampler(JMeterThread.java:501) ~[ApacheJMeter_core.jar:5.6.3]
	at org.apache.jmeter.threads.JMeterThread.run(JMeterThread.java:268) ~[ApacheJMeter_core.jar:5.6.3]
	at java.base/java.lang.Thread.run(Thread.java:1583) [?:?]
Caused by: groovy.json.JsonException: Unable to determine the current character, it is not a string, number, array, or object

The current character read is '<' with an int value of 60
Unable to determine the current character, it is not a string, number, array, or object
line number 1
index number 0
<!DOCTYPE html>
^
	at org.apache.groovy.json.internal.JsonParserCharArray.decodeValueInternal(JsonParserCharArray.java:202) ~[groovy-json-3.0.20.jar:3.0.20]
	at org.apache.groovy.json.internal.JsonParserCharArray.decodeValue(JsonParserCharArray.java:153) ~[groovy-json-3.0.20.jar:3.0.20]
	at org.apache.groovy.json.internal.JsonParserCharArray.decodeFromChars(JsonParserCharArray.java:43) ~[groovy-json-3.0.20.jar:3.0.20]
	at org.apache.groovy.json.internal.JsonParserCharArray.parse(JsonParserCharArray.java:380) ~[groovy-json-3.0.20.jar:3.0.20]
	at org.apache.groovy.json.internal.BaseJsonParser.parse(BaseJsonParser.java:113) ~[groovy-json-3.0.20.jar:3.0.20]
	at groovy.json.JsonSlurper.parseText(JsonSlurper.java:204) ~[groovy-json-3.0.20.jar:3.0.20]
	at groovy.json.JsonSlurper$parseText.call(Unknown Source) ~[?:?]
	at Script5.run(Script5.groovy:1) ~[?:?]
	at org.codehaus.groovy.jsr223.GroovyScriptEngineImpl.eval(GroovyScriptEngineImpl.java:317) ~[groovy-jsr223-3.0.20.jar:3.0.20]
	... 10 more
2026-08-31 17:33:17,458 ERROR o.a.j.a.JSR223Assertion: Problem in JSR223 script: Validate coupon amounts
javax.script.ScriptException: groovy.json.JsonException: Unable to determine the current character, it is not a string, number, array, or object

The current character read is '<' with an int value of 60
Unable to determine the current character, it is not a string, number, array, or object
line number 1
index number 0
<!DOCTYPE html>
^
	at org.codehaus.groovy.jsr223.GroovyScriptEngineImpl.eval(GroovyScriptEngineImpl.java:320) ~[groovy-jsr223-3.0.20.jar:3.0.20]
	at org.codehaus.groovy.jsr223.GroovyCompiledScript.eval(GroovyCompiledScript.java:71) ~[groovy-jsr223-3.0.20.jar:3.0.20]
	at java.scripting/javax.script.CompiledScript.eval(CompiledScript.java:93) ~[java.scripting:?]
	at org.apache.jmeter.util.JSR223TestElement.processFileOrScript(JSR223TestElement.java:230) ~[ApacheJMeter_core.jar:5.6.3]
	at org.apache.jmeter.assertions.JSR223Assertion.getResult(JSR223Assertion.java:50) ~[ApacheJMeter_components.jar:5.6.3]
	at org.apache.jmeter.threads.JMeterThread.processAssertion(JMeterThread.java:949) ~[ApacheJMeter_core.jar:5.6.3]
	at org.apache.jmeter.threads.JMeterThread.checkAssertions(JMeterThread.java:918) ~[ApacheJMeter_core.jar:5.6.3]
	at org.apache.jmeter.threads.JMeterThread.executeSamplePackage(JMeterThread.java:586) ~[ApacheJMeter_core.jar:5.6.3]
	at org.apache.jmeter.threads.JMeterThread.processSampler(JMeterThread.java:501) ~[ApacheJMeter_core.jar:5.6.3]
	at org.apache.jmeter.threads.JMeterThread.run(JMeterThread.java:268) ~[ApacheJMeter_core.jar:5.6.3]
	at java.base/java.lang.Thread.run(Thread.java:1583) [?:?]
Caused by: groovy.json.JsonException: Unable to determine the current character, it is not a string, number, array, or object

The current character read is '<' with an int value of 60
Unable to determine the current character, it is not a string, number, array, or object
line number 1
index number 0
<!DOCTYPE html>
^
	at org.apache.groovy.json.internal.JsonParserCharArray.decodeValueInternal(JsonParserCharArray.java:202) ~[groovy-json-3.0.20.jar:3.0.20]
	at org.apache.groovy.json.internal.JsonParserCharArray.decodeValue(JsonParserCharArray.java:153) ~[groovy-json-3.0.20.jar:3.0.20]
	at org.apache.groovy.json.internal.JsonParserCharArray.decodeFromChars(JsonParserCharArray.java:43) ~[groovy-json-3.0.20.jar:3.0.20]
	at org.apache.groovy.json.internal.JsonParserCharArray.parse(JsonParserCharArray.java:380) ~[groovy-json-3.0.20.jar:3.0.20]
	at org.apache.groovy.json.internal.BaseJsonParser.parse(BaseJsonParser.java:113) ~[groovy-json-3.0.20.jar:3.0.20]
	at groovy.json.JsonSlurper.parseText(JsonSlurper.java:204) ~[groovy-json-3.0.20.jar:3.0.20]
	at groovy.json.JsonSlurper$parseText.call(Unknown Source) ~[?:?]
	at Script5.run(Script5.groovy:1) ~[?:?]
	at org.codehaus.groovy.jsr223.GroovyScriptEngineImpl.eval(GroovyScriptEngineImpl.java:317) ~[groovy-jsr223-3.0.20.jar:3.0.20]
	... 10 more
2026-08-31 17:33:18,210 ERROR o.a.j.a.JSR223Assertion: Problem in JSR223 script: Validate coupon amounts
javax.script.ScriptException: groovy.json.JsonException: Unable to determine the current character, it is not a string, number, array, or object

The current character read is '<' with an int value of 60
Unable to determine the current character, it is not a string, number, array, or object
line number 1
index number 0
<!DOCTYPE html>
^
	at org.codehaus.groovy.jsr223.GroovyScriptEngineImpl.eval(GroovyScriptEngineImpl.java:320) ~[groovy-jsr223-3.0.20.jar:3.0.20]
	at org.codehaus.groovy.jsr223.GroovyCompiledScript.eval(GroovyCompiledScript.java:71) ~[groovy-jsr223-3.0.20.jar:3.0.20]
	at java.scripting/javax.script.CompiledScript.eval(CompiledScript.java:93) ~[java.scripting:?]
	at org.apache.jmeter.util.JSR223TestElement.processFileOrScript(JSR223TestElement.java:230) ~[ApacheJMeter_core.jar:5.6.3]
	at org.apache.jmeter.assertions.JSR223Assertion.getResult(JSR223Assertion.java:50) ~[ApacheJMeter_components.jar:5.6.3]
	at org.apache.jmeter.threads.JMeterThread.processAssertion(JMeterThread.java:949) ~[ApacheJMeter_core.jar:5.6.3]
	at org.apache.jmeter.threads.JMeterThread.checkAssertions(JMeterThread.java:918) ~[ApacheJMeter_core.jar:5.6.3]
	at org.apache.jmeter.threads.JMeterThread.executeSamplePackage(JMeterThread.java:586) ~[ApacheJMeter_core.jar:5.6.3]
	at org.apache.jmeter.threads.JMeterThread.processSampler(JMeterThread.java:501) ~[ApacheJMeter_core.jar:5.6.3]
	at org.apache.jmeter.threads.JMeterThread.run(JMeterThread.java:268) ~[ApacheJMeter_core.jar:5.6.3]
	at java.base/java.lang.Thread.run(Thread.java:1583) [?:?]
Caused by: groovy.json.JsonException: Unable to determine the current character, it is not a string, number, array, or object

The current character read is '<' with an int value of 60
Unable to determine the current character, it is not a string, number, array, or object
line number 1
index number 0
<!DOCTYPE html>
^
	at org.apache.groovy.json.internal.JsonParserCharArray.decodeValueInternal(JsonParserCharArray.java:202) ~[groovy-json-3.0.20.jar:3.0.20]
	at org.apache.groovy.json.internal.JsonParserCharArray.decodeValue(JsonParserCharArray.java:153) ~[groovy-json-3.0.20.jar:3.0.20]
	at org.apache.groovy.json.internal.JsonParserCharArray.decodeFromChars(JsonParserCharArray.java:43) ~[groovy-json-3.0.20.jar:3.0.20]
	at org.apache.groovy.json.internal.JsonParserCharArray.parse(JsonParserCharArray.java:380) ~[groovy-json-3.0.20.jar:3.0.20]
	at org.apache.groovy.json.internal.BaseJsonParser.parse(BaseJsonParser.java:113) ~[groovy-json-3.0.20.jar:3.0.20]
	at groovy.json.JsonSlurper.parseText(JsonSlurper.java:204) ~[groovy-json-3.0.20.jar:3.0.20]
	at groovy.json.JsonSlurper$parseText.call(Unknown Source) ~[?:?]
	at Script5.run(Script5.groovy:1) ~[?:?]
	at org.codehaus.groovy.jsr223.GroovyScriptEngineImpl.eval(GroovyScriptEngineImpl.java:317) ~[groovy-jsr223-3.0.20.jar:3.0.20]
	... 10 more
2026-08-31 17:33:18,279 ERROR o.a.j.a.JSR223Assertion: Problem in JSR223 script: Validate coupon amounts
javax.script.ScriptException: groovy.json.JsonException: Unable to determine the current character, it is not a string, number, array, or object

The current character read is '<' with an int value of 60
Unable to determine the current character, it is not a string, number, array, or object
line number 1
index number 0
<!DOCTYPE html>
^
	at org.codehaus.groovy.jsr223.GroovyScriptEngineImpl.eval(GroovyScriptEngineImpl.java:320) ~[groovy-jsr223-3.0.20.jar:3.0.20]
	at org.codehaus.groovy.jsr223.GroovyCompiledScript.eval(GroovyCompiledScript.java:71) ~[groovy-jsr223-3.0.20.jar:3.0.20]
	at java.scripting/javax.script.CompiledScript.eval(CompiledScript.java:93) ~[java.scripting:?]
	at org.apache.jmeter.util.JSR223TestElement.processFileOrScript(JSR223TestElement.java:230) ~[ApacheJMeter_core.jar:5.6.3]
	at org.apache.jmeter.assertions.JSR223Assertion.getResult(JSR223Assertion.java:50) ~[ApacheJMeter_components.jar:5.6.3]
	at org.apache.jmeter.threads.JMeterThread.processAssertion(JMeterThread.java:949) ~[ApacheJMeter_core.jar:5.6.3]
	at org.apache.jmeter.threads.JMeterThread.checkAssertions(JMeterThread.java:918) ~[ApacheJMeter_core.jar:5.6.3]
	at org.apache.jmeter.threads.JMeterThread.executeSamplePackage(JMeterThread.java:586) ~[ApacheJMeter_core.jar:5.6.3]
	at org.apache.jmeter.threads.JMeterThread.processSampler(JMeterThread.java:501) ~[ApacheJMeter_core.jar:5.6.3]
	at org.apache.jmeter.threads.JMeterThread.run(JMeterThread.java:268) ~[ApacheJMeter_core.jar:5.6.3]
	at java.base/java.lang.Thread.run(Thread.java:1583) [?:?]
Caused by: groovy.json.JsonException: Unable to determine the current character, it is not a string, number, array, or object

The current character read is '<' with an int value of 60
Unable to determine the current character, it is not a string, number, array, or object
line number 1
index number 0
<!DOCTYPE html>
^
	at org.apache.groovy.json.internal.JsonParserCharArray.decodeValueInternal(JsonParserCharArray.java:202) ~[groovy-json-3.0.20.jar:3.0.20]
	at org.apache.groovy.json.internal.JsonParserCharArray.decodeValue(JsonParserCharArray.java:153) ~[groovy-json-3.0.20.jar:3.0.20]
	at org.apache.groovy.json.internal.JsonParserCharArray.decodeFromChars(JsonParserCharArray.java:43) ~[groovy-json-3.0.20.jar:3.0.20]
	at org.apache.groovy.json.internal.JsonParserCharArray.parse(JsonParserCharArray.java:380) ~[groovy-json-3.0.20.jar:3.0.20]
	at org.apache.groovy.json.internal.BaseJsonParser.parse(BaseJsonParser.java:113) ~[groovy-json-3.0.20.jar:3.0.20]
	at groovy.json.JsonSlurper.parseText(JsonSlurper.java:204) ~[groovy-json-3.0.20.jar:3.0.20]
	at groovy.json.JsonSlurper$parseText.call(Unknown Source) ~[?:?]
	at Script5.run(Script5.groovy:1) ~[?:?]
	at org.codehaus.groovy.jsr223.GroovyScriptEngineImpl.eval(GroovyScriptEngineImpl.java:317) ~[groovy-jsr223-3.0.20.jar:3.0.20]
	... 10 more
2026-08-31 17:33:18,338 ERROR o.a.j.a.JSR223Assertion: Problem in JSR223 script: Validate coupon amounts
javax.script.ScriptException: groovy.json.JsonException: Unable to determine the current character, it is not a string, number, array, or object

The current character read is '<' with an int value of 60
Unable to determine the current character, it is not a string, number, array, or object
line number 1
index number 0
<!DOCTYPE html>
^
	at org.codehaus.groovy.jsr223.GroovyScriptEngineImpl.eval(GroovyScriptEngineImpl.java:320) ~[groovy-jsr223-3.0.20.jar:3.0.20]
	at org.codehaus.groovy.jsr223.GroovyCompiledScript.eval(GroovyCompiledScript.java:71) ~[groovy-jsr223-3.0.20.jar:3.0.20]
	at java.scripting/javax.script.CompiledScript.eval(CompiledScript.java:93) ~[java.scripting:?]
	at org.apache.jmeter.util.JSR223TestElement.processFileOrScript(JSR223TestElement.java:230) ~[ApacheJMeter_core.jar:5.6.3]
	at org.apache.jmeter.assertions.JSR223Assertion.getResult(JSR223Assertion.java:50) ~[ApacheJMeter_components.jar:5.6.3]
	at org.apache.jmeter.threads.JMeterThread.processAssertion(JMeterThread.java:949) ~[ApacheJMeter_core.jar:5.6.3]
	at org.apache.jmeter.threads.JMeterThread.checkAssertions(JMeterThread.java:918) ~[ApacheJMeter_core.jar:5.6.3]
	at org.apache.jmeter.threads.JMeterThread.executeSamplePackage(JMeterThread.java:586) ~[ApacheJMeter_core.jar:5.6.3]
	at org.apache.jmeter.threads.JMeterThread.processSampler(JMeterThread.java:501) ~[ApacheJMeter_core.jar:5.6.3]
	at org.apache.jmeter.threads.JMeterThread.run(JMeterThread.java:268) ~[ApacheJMeter_core.jar:5.6.3]
	at java.base/java.lang.Thread.run(Thread.java:1583) [?:?]
Caused by: groovy.json.JsonException: Unable to determine the current character, it is not a string, number, array, or object

The current character read is '<' with an int value of 60
Unable to determine the current character, it is not a string, number, array, or object
line number 1
index number 0
<!DOCTYPE html>
^
	at org.apache.groovy.json.internal.JsonParserCharArray.decodeValueInternal(JsonParserCharArray.java:202) ~[groovy-json-3.0.20.jar:3.0.20]
	at org.apache.groovy.json.internal.JsonParserCharArray.decodeValue(JsonParserCharArray.java:153) ~[groovy-json-3.0.20.jar:3.0.20]
	at org.apache.groovy.json.internal.JsonParserCharArray.decodeFromChars(JsonParserCharArray.java:43) ~[groovy-json-3.0.20.jar:3.0.20]
	at org.apache.groovy.json.internal.JsonParserCharArray.parse(JsonParserCharArray.java:380) ~[groovy-json-3.0.20.jar:3.0.20]
	at org.apache.groovy.json.internal.BaseJsonParser.parse(BaseJsonParser.java:113) ~[groovy-json-3.0.20.jar:3.0.20]
	at groovy.json.JsonSlurper.parseText(JsonSlurper.java:204) ~[groovy-json-3.0.20.jar:3.0.20]
	at groovy.json.JsonSlurper$parseText.call(Unknown Source) ~[?:?]
	at Script5.run(Script5.groovy:1) ~[?:?]
	at org.codehaus.groovy.jsr223.GroovyScriptEngineImpl.eval(GroovyScriptEngineImpl.java:317) ~[groovy-jsr223-3.0.20.jar:3.0.20]
	... 10 more
2026-08-31 17:33:18,692 ERROR o.a.j.a.JSR223Assertion: Problem in JSR223 script: Validate coupon amounts
javax.script.ScriptException: groovy.json.JsonException: Unable to determine the current character, it is not a string, number, array, or object

The current character read is '<' with an int value of 60
Unable to determine the current character, it is not a string, number, array, or object
line number 1
index number 0
<!DOCTYPE html>
^
	at org.codehaus.groovy.jsr223.GroovyScriptEngineImpl.eval(GroovyScriptEngineImpl.java:320) ~[groovy-jsr223-3.0.20.jar:3.0.20]
	at org.codehaus.groovy.jsr223.GroovyCompiledScript.eval(GroovyCompiledScript.java:71) ~[groovy-jsr223-3.0.20.jar:3.0.20]
	at java.scripting/javax.script.CompiledScript.eval(CompiledScript.java:93) ~[java.scripting:?]
	at org.apache.jmeter.util.JSR223TestElement.processFileOrScript(JSR223TestElement.java:230) ~[ApacheJMeter_core.jar:5.6.3]
	at org.apache.jmeter.assertions.JSR223Assertion.getResult(JSR223Assertion.java:50) ~[ApacheJMeter_components.jar:5.6.3]
	at org.apache.jmeter.threads.JMeterThread.processAssertion(JMeterThread.java:949) ~[ApacheJMeter_core.jar:5.6.3]
	at org.apache.jmeter.threads.JMeterThread.checkAssertions(JMeterThread.java:918) ~[ApacheJMeter_core.jar:5.6.3]
	at org.apache.jmeter.threads.JMeterThread.executeSamplePackage(JMeterThread.java:586) ~[ApacheJMeter_core.jar:5.6.3]
	at org.apache.jmeter.threads.JMeterThread.processSampler(JMeterThread.java:501) ~[ApacheJMeter_core.jar:5.6.3]
	at org.apache.jmeter.threads.JMeterThread.run(JMeterThread.java:268) ~[ApacheJMeter_core.jar:5.6.3]
	at java.base/java.lang.Thread.run(Thread.java:1583) [?:?]
Caused by: groovy.json.JsonException: Unable to determine the current character, it is not a string, number, array, or object

The current character read is '<' with an int value of 60
Unable to determine the current character, it is not a string, number, array, or object
line number 1
index number 0
<!DOCTYPE html>
^
	at org.apache.groovy.json.internal.JsonParserCharArray.decodeValueInternal(JsonParserCharArray.java:202) ~[groovy-json-3.0.20.jar:3.0.20]
	at org.apache.groovy.json.internal.JsonParserCharArray.decodeValue(JsonParserCharArray.java:153) ~[groovy-json-3.0.20.jar:3.0.20]
	at org.apache.groovy.json.internal.JsonParserCharArray.decodeFromChars(JsonParserCharArray.java:43) ~[groovy-json-3.0.20.jar:3.0.20]
	at org.apache.groovy.json.internal.JsonParserCharArray.parse(JsonParserCharArray.java:380) ~[groovy-json-3.0.20.jar:3.0.20]
	at org.apache.groovy.json.internal.BaseJsonParser.parse(BaseJsonParser.java:113) ~[groovy-json-3.0.20.jar:3.0.20]
	at groovy.json.JsonSlurper.parseText(JsonSlurper.java:204) ~[groovy-json-3.0.20.jar:3.0.20]
	at groovy.json.JsonSlurper$parseText.call(Unknown Source) ~[?:?]
	at Script5.run(Script5.groovy:1) ~[?:?]
	at org.codehaus.groovy.jsr223.GroovyScriptEngineImpl.eval(GroovyScriptEngineImpl.java:317) ~[groovy-jsr223-3.0.20.jar:3.0.20]
	... 10 more
2026-08-31 17:33:18,861 ERROR o.a.j.a.JSR223Assertion: Problem in JSR223 script: Validate coupon amounts
javax.script.ScriptException: groovy.json.JsonException: Unable to determine the current character, it is not a string, number, array, or object

The current character read is '<' with an int value of 60
Unable to determine the current character, it is not a string, number, array, or object
line number 1
index number 0
<!DOCTYPE html>
^
	at org.codehaus.groovy.jsr223.GroovyScriptEngineImpl.eval(GroovyScriptEngineImpl.java:320) ~[groovy-jsr223-3.0.20.jar:3.0.20]
	at org.codehaus.groovy.jsr223.GroovyCompiledScript.eval(GroovyCompiledScript.java:71) ~[groovy-jsr223-3.0.20.jar:3.0.20]
	at java.scripting/javax.script.CompiledScript.eval(CompiledScript.java:93) ~[java.scripting:?]
	at org.apache.jmeter.util.JSR223TestElement.processFileOrScript(JSR223TestElement.java:230) ~[ApacheJMeter_core.jar:5.6.3]
	at org.apache.jmeter.assertions.JSR223Assertion.getResult(JSR223Assertion.java:50) ~[ApacheJMeter_components.jar:5.6.3]
	at org.apache.jmeter.threads.JMeterThread.processAssertion(JMeterThread.java:949) ~[ApacheJMeter_core.jar:5.6.3]
	at org.apache.jmeter.threads.JMeterThread.checkAssertions(JMeterThread.java:918) ~[ApacheJMeter_core.jar:5.6.3]
	at org.apache.jmeter.threads.JMeterThread.executeSamplePackage(JMeterThread.java:586) ~[ApacheJMeter_core.jar:5.6.3]
	at org.apache.jmeter.threads.JMeterThread.processSampler(JMeterThread.java:501) ~[ApacheJMeter_core.jar:5.6.3]
	at org.apache.jmeter.threads.JMeterThread.run(JMeterThread.java:268) ~[ApacheJMeter_core.jar:5.6.3]
	at java.base/java.lang.Thread.run(Thread.java:1583) [?:?]
Caused by: groovy.json.JsonException: Unable to determine the current character, it is not a string, number, array, or object

The current character read is '<' with an int value of 60
Unable to determine the current character, it is not a string, number, array, or object
line number 1
index number 0
<!DOCTYPE html>
^
	at org.apache.groovy.json.internal.JsonParserCharArray.decodeValueInternal(JsonParserCharArray.java:202) ~[groovy-json-3.0.20.jar:3.0.20]
	at org.apache.groovy.json.internal.JsonParserCharArray.decodeValue(JsonParserCharArray.java:153) ~[groovy-json-3.0.20.jar:3.0.20]
	at org.apache.groovy.json.internal.JsonParserCharArray.decodeFromChars(JsonParserCharArray.java:43) ~[groovy-json-3.0.20.jar:3.0.20]
	at org.apache.groovy.json.internal.JsonParserCharArray.parse(JsonParserCharArray.java:380) ~[groovy-json-3.0.20.jar:3.0.20]
	at org.apache.groovy.json.internal.BaseJsonParser.parse(BaseJsonParser.java:113) ~[groovy-json-3.0.20.jar:3.0.20]
	at groovy.json.JsonSlurper.parseText(JsonSlurper.java:204) ~[groovy-json-3.0.20.jar:3.0.20]
	at groovy.json.JsonSlurper$parseText.call(Unknown Source) ~[?:?]
	at Script5.run(Script5.groovy:1) ~[?:?]
	at org.codehaus.groovy.jsr223.GroovyScriptEngineImpl.eval(GroovyScriptEngineImpl.java:317) ~[groovy-jsr223-3.0.20.jar:3.0.20]
	... 10 more
2026-08-31 17:33:19,661 ERROR o.a.j.a.JSR223Assertion: Problem in JSR223 script: Validate coupon amounts
javax.script.ScriptException: groovy.json.JsonException: Unable to determine the current character, it is not a string, number, array, or object

The current character read is '<' with an int value of 60
Unable to determine the current character, it is not a string, number, array, or object
line number 1
index number 0
<!DOCTYPE html>
^
	at org.codehaus.groovy.jsr223.GroovyScriptEngineImpl.eval(GroovyScriptEngineImpl.java:320) ~[groovy-jsr223-3.0.20.jar:3.0.20]
	at org.codehaus.groovy.jsr223.GroovyCompiledScript.eval(GroovyCompiledScript.java:71) ~[groovy-jsr223-3.0.20.jar:3.0.20]
	at java.scripting/javax.script.CompiledScript.eval(CompiledScript.java:93) ~[java.scripting:?]
	at org.apache.jmeter.util.JSR223TestElement.processFileOrScript(JSR223TestElement.java:230) ~[ApacheJMeter_core.jar:5.6.3]
	at org.apache.jmeter.assertions.JSR223Assertion.getResult(JSR223Assertion.java:50) ~[ApacheJMeter_components.jar:5.6.3]
	at org.apache.jmeter.threads.JMeterThread.processAssertion(JMeterThread.java:949) ~[ApacheJMeter_core.jar:5.6.3]
	at org.apache.jmeter.threads.JMeterThread.checkAssertions(JMeterThread.java:918) ~[ApacheJMeter_core.jar:5.6.3]
	at org.apache.jmeter.threads.JMeterThread.executeSamplePackage(JMeterThread.java:586) ~[ApacheJMeter_core.jar:5.6.3]
	at org.apache.jmeter.threads.JMeterThread.processSampler(JMeterThread.java:501) ~[ApacheJMeter_core.jar:5.6.3]
	at org.apache.jmeter.threads.JMeterThread.run(JMeterThread.java:268) ~[ApacheJMeter_core.jar:5.6.3]
	at java.base/java.lang.Thread.run(Thread.java:1583) [?:?]
Caused by: groovy.json.JsonException: Unable to determine the current character, it is not a string, number, array, or object

The current character read is '<' with an int value of 60
Unable to determine the current character, it is not a string, number, array, or object
line number 1
index number 0
<!DOCTYPE html>
^
	at org.apache.groovy.json.internal.JsonParserCharArray.decodeValueInternal(JsonParserCharArray.java:202) ~[groovy-json-3.0.20.jar:3.0.20]
	at org.apache.groovy.json.internal.JsonParserCharArray.decodeValue(JsonParserCharArray.java:153) ~[groovy-json-3.0.20.jar:3.0.20]
	at org.apache.groovy.json.internal.JsonParserCharArray.decodeFromChars(JsonParserCharArray.java:43) ~[groovy-json-3.0.20.jar:3.0.20]
	at org.apache.groovy.json.internal.JsonParserCharArray.parse(JsonParserCharArray.java:380) ~[groovy-json-3.0.20.jar:3.0.20]
	at org.apache.groovy.json.internal.BaseJsonParser.parse(BaseJsonParser.java:113) ~[groovy-json-3.0.20.jar:3.0.20]
	at groovy.json.JsonSlurper.parseText(JsonSlurper.java:204) ~[groovy-json-3.0.20.jar:3.0.20]
	at groovy.json.JsonSlurper$parseText.call(Unknown Source) ~[?:?]
	at Script5.run(Script5.groovy:1) ~[?:?]
	at org.codehaus.groovy.jsr223.GroovyScriptEngineImpl.eval(GroovyScriptEngineImpl.java:317) ~[groovy-jsr223-3.0.20.jar:3.0.20]
	... 10 more
2026-08-31 17:33:19,979 ERROR o.a.j.a.JSR223Assertion: Problem in JSR223 script: Validate coupon amounts
javax.script.ScriptException: groovy.json.JsonException: Unable to determine the current character, it is not a string, number, array, or object

The current character read is '<' with an int value of 60
Unable to determine the current character, it is not a string, number, array, or object
line number 1
index number 0
<!DOCTYPE html>
^
	at org.codehaus.groovy.jsr223.GroovyScriptEngineImpl.eval(GroovyScriptEngineImpl.java:320) ~[groovy-jsr223-3.0.20.jar:3.0.20]
	at org.codehaus.groovy.jsr223.GroovyCompiledScript.eval(GroovyCompiledScript.java:71) ~[groovy-jsr223-3.0.20.jar:3.0.20]
	at java.scripting/javax.script.CompiledScript.eval(CompiledScript.java:93) ~[java.scripting:?]
	at org.apache.jmeter.util.JSR223TestElement.processFileOrScript(JSR223TestElement.java:230) ~[ApacheJMeter_core.jar:5.6.3]
	at org.apache.jmeter.assertions.JSR223Assertion.getResult(JSR223Assertion.java:50) ~[ApacheJMeter_components.jar:5.6.3]
	at org.apache.jmeter.threads.JMeterThread.processAssertion(JMeterThread.java:949) ~[ApacheJMeter_core.jar:5.6.3]
	at org.apache.jmeter.threads.JMeterThread.checkAssertions(JMeterThread.java:918) ~[ApacheJMeter_core.jar:5.6.3]
	at org.apache.jmeter.threads.JMeterThread.executeSamplePackage(JMeterThread.java:586) ~[ApacheJMeter_core.jar:5.6.3]
	at org.apache.jmeter.threads.JMeterThread.processSampler(JMeterThread.java:501) ~[ApacheJMeter_core.jar:5.6.3]
	at org.apache.jmeter.threads.JMeterThread.run(JMeterThread.java:268) ~[ApacheJMeter_core.jar:5.6.3]
	at java.base/java.lang.Thread.run(Thread.java:1583) [?:?]
Caused by: groovy.json.JsonException: Unable to determine the current character, it is not a string, number, array, or object

The current character read is '<' with an int value of 60
Unable to determine the current character, it is not a string, number, array, or object
line number 1
index number 0
<!DOCTYPE html>
^
	at org.apache.groovy.json.internal.JsonParserCharArray.decodeValueInternal(JsonParserCharArray.java:202) ~[groovy-json-3.0.20.jar:3.0.20]
	at org.apache.groovy.json.internal.JsonParserCharArray.decodeValue(JsonParserCharArray.java:153) ~[groovy-json-3.0.20.jar:3.0.20]
	at org.apache.groovy.json.internal.JsonParserCharArray.decodeFromChars(JsonParserCharArray.java:43) ~[groovy-json-3.0.20.jar:3.0.20]
	at org.apache.groovy.json.internal.JsonParserCharArray.parse(JsonParserCharArray.java:380) ~[groovy-json-3.0.20.jar:3.0.20]
	at org.apache.groovy.json.internal.BaseJsonParser.parse(BaseJsonParser.java:113) ~[groovy-json-3.0.20.jar:3.0.20]
	at groovy.json.JsonSlurper.parseText(JsonSlurper.java:204) ~[groovy-json-3.0.20.jar:3.0.20]
	at groovy.json.JsonSlurper$parseText.call(Unknown Source) ~[?:?]
	at Script5.run(Script5.groovy:1) ~[?:?]
	at org.codehaus.groovy.jsr223.GroovyScriptEngineImpl.eval(GroovyScriptEngineImpl.java:317) ~[groovy-jsr223-3.0.20.jar:3.0.20]
	... 10 more
2026-08-31 17:33:20,409 ERROR o.a.j.a.JSR223Assertion: Problem in JSR223 script: Validate coupon amounts
javax.script.ScriptException: groovy.json.JsonException: Unable to determine the current character, it is not a string, number, array, or object

The current character read is '<' with an int value of 60
Unable to determine the current character, it is not a string, number, array, or object
line number 1
index number 0
<!DOCTYPE html>
^
	at org.codehaus.groovy.jsr223.GroovyScriptEngineImpl.eval(GroovyScriptEngineImpl.java:320) ~[groovy-jsr223-3.0.20.jar:3.0.20]
	at org.codehaus.groovy.jsr223.GroovyCompiledScript.eval(GroovyCompiledScript.java:71) ~[groovy-jsr223-3.0.20.jar:3.0.20]
	at java.scripting/javax.script.CompiledScript.eval(CompiledScript.java:93) ~[java.scripting:?]
	at org.apache.jmeter.util.JSR223TestElement.processFileOrScript(JSR223TestElement.java:230) ~[ApacheJMeter_core.jar:5.6.3]
	at org.apache.jmeter.assertions.JSR223Assertion.getResult(JSR223Assertion.java:50) ~[ApacheJMeter_components.jar:5.6.3]
	at org.apache.jmeter.threads.JMeterThread.processAssertion(JMeterThread.java:949) ~[ApacheJMeter_core.jar:5.6.3]
	at org.apache.jmeter.threads.JMeterThread.checkAssertions(JMeterThread.java:918) ~[ApacheJMeter_core.jar:5.6.3]
	at org.apache.jmeter.threads.JMeterThread.executeSamplePackage(JMeterThread.java:586) ~[ApacheJMeter_core.jar:5.6.3]
	at org.apache.jmeter.threads.JMeterThread.processSampler(JMeterThread.java:501) ~[ApacheJMeter_core.jar:5.6.3]
	at org.apache.jmeter.threads.JMeterThread.run(JMeterThread.java:268) ~[ApacheJMeter_core.jar:5.6.3]
	at java.base/java.lang.Thread.run(Thread.java:1583) [?:?]
Caused by: groovy.json.JsonException: Unable to determine the current character, it is not a string, number, array, or object

The current character read is '<' with an int value of 60
Unable to determine the current character, it is not a string, number, array, or object
line number 1
index number 0
<!DOCTYPE html>
^
	at org.apache.groovy.json.internal.JsonParserCharArray.decodeValueInternal(JsonParserCharArray.java:202) ~[groovy-json-3.0.20.jar:3.0.20]
	at org.apache.groovy.json.internal.JsonParserCharArray.decodeValue(JsonParserCharArray.java:153) ~[groovy-json-3.0.20.jar:3.0.20]
	at org.apache.groovy.json.internal.JsonParserCharArray.decodeFromChars(JsonParserCharArray.java:43) ~[groovy-json-3.0.20.jar:3.0.20]
	at org.apache.groovy.json.internal.JsonParserCharArray.parse(JsonParserCharArray.java:380) ~[groovy-json-3.0.20.jar:3.0.20]
	at org.apache.groovy.json.internal.BaseJsonParser.parse(BaseJsonParser.java:113) ~[groovy-json-3.0.20.jar:3.0.20]
	at groovy.json.JsonSlurper.parseText(JsonSlurper.java:204) ~[groovy-json-3.0.20.jar:3.0.20]
	at groovy.json.JsonSlurper$parseText.call(Unknown Source) ~[?:?]
	at Script5.run(Script5.groovy:1) ~[?:?]
	at org.codehaus.groovy.jsr223.GroovyScriptEngineImpl.eval(GroovyScriptEngineImpl.java:317) ~[groovy-jsr223-3.0.20.jar:3.0.20]
	... 10 more
2026-08-31 17:33:20,453 ERROR o.a.j.a.JSR223Assertion: Problem in JSR223 script: Validate coupon amounts
javax.script.ScriptException: groovy.json.JsonException: Unable to determine the current character, it is not a string, number, array, or object

The current character read is '<' with an int value of 60
Unable to determine the current character, it is not a string, number, array, or object
line number 1
index number 0
<!DOCTYPE html>
^
	at org.codehaus.groovy.jsr223.GroovyScriptEngineImpl.eval(GroovyScriptEngineImpl.java:320) ~[groovy-jsr223-3.0.20.jar:3.0.20]
	at org.codehaus.groovy.jsr223.GroovyCompiledScript.eval(GroovyCompiledScript.java:71) ~[groovy-jsr223-3.0.20.jar:3.0.20]
	at java.scripting/javax.script.CompiledScript.eval(CompiledScript.java:93) ~[java.scripting:?]
	at org.apache.jmeter.util.JSR223TestElement.processFileOrScript(JSR223TestElement.java:230) ~[ApacheJMeter_core.jar:5.6.3]
	at org.apache.jmeter.assertions.JSR223Assertion.getResult(JSR223Assertion.java:50) ~[ApacheJMeter_components.jar:5.6.3]
	at org.apache.jmeter.threads.JMeterThread.processAssertion(JMeterThread.java:949) ~[ApacheJMeter_core.jar:5.6.3]
	at org.apache.jmeter.threads.JMeterThread.checkAssertions(JMeterThread.java:918) ~[ApacheJMeter_core.jar:5.6.3]
	at org.apache.jmeter.threads.JMeterThread.executeSamplePackage(JMeterThread.java:586) ~[ApacheJMeter_core.jar:5.6.3]
	at org.apache.jmeter.threads.JMeterThread.processSampler(JMeterThread.java:501) ~[ApacheJMeter_core.jar:5.6.3]
	at org.apache.jmeter.threads.JMeterThread.run(JMeterThread.java:268) ~[ApacheJMeter_core.jar:5.6.3]
	at java.base/java.lang.Thread.run(Thread.java:1583) [?:?]
Caused by: groovy.json.JsonException: Unable to determine the current character, it is not a string, number, array, or object

The current character read is '<' with an int value of 60
Unable to determine the current character, it is not a string, number, array, or object
line number 1
index number 0
<!DOCTYPE html>
^
	at org.apache.groovy.json.internal.JsonParserCharArray.decodeValueInternal(JsonParserCharArray.java:202) ~[groovy-json-3.0.20.jar:3.0.20]
	at org.apache.groovy.json.internal.JsonParserCharArray.decodeValue(JsonParserCharArray.java:153) ~[groovy-json-3.0.20.jar:3.0.20]
	at org.apache.groovy.json.internal.JsonParserCharArray.decodeFromChars(JsonParserCharArray.java:43) ~[groovy-json-3.0.20.jar:3.0.20]
	at org.apache.groovy.json.internal.JsonParserCharArray.parse(JsonParserCharArray.java:380) ~[groovy-json-3.0.20.jar:3.0.20]
	at org.apache.groovy.json.internal.BaseJsonParser.parse(BaseJsonParser.java:113) ~[groovy-json-3.0.20.jar:3.0.20]
	at groovy.json.JsonSlurper.parseText(JsonSlurper.java:204) ~[groovy-json-3.0.20.jar:3.0.20]
	at groovy.json.JsonSlurper$parseText.call(Unknown Source) ~[?:?]
	at Script5.run(Script5.groovy:1) ~[?:?]
	at org.codehaus.groovy.jsr223.GroovyScriptEngineImpl.eval(GroovyScriptEngineImpl.java:317) ~[groovy-jsr223-3.0.20.jar:3.0.20]
	... 10 more
2026-08-31 17:33:20,819 ERROR o.a.j.a.JSR223Assertion: Problem in JSR223 script: Validate coupon amounts
javax.script.ScriptException: groovy.json.JsonException: Unable to determine the current character, it is not a string, number, array, or object

The current character read is '<' with an int value of 60
Unable to determine the current character, it is not a string, number, array, or object
line number 1
index number 0
<!DOCTYPE html>
^
	at org.codehaus.groovy.jsr223.GroovyScriptEngineImpl.eval(GroovyScriptEngineImpl.java:320) ~[groovy-jsr223-3.0.20.jar:3.0.20]
	at org.codehaus.groovy.jsr223.GroovyCompiledScript.eval(GroovyCompiledScript.java:71) ~[groovy-jsr223-3.0.20.jar:3.0.20]
	at java.scripting/javax.script.CompiledScript.eval(CompiledScript.java:93) ~[java.scripting:?]
	at org.apache.jmeter.util.JSR223TestElement.processFileOrScript(JSR223TestElement.java:230) ~[ApacheJMeter_core.jar:5.6.3]
	at org.apache.jmeter.assertions.JSR223Assertion.getResult(JSR223Assertion.java:50) ~[ApacheJMeter_components.jar:5.6.3]
	at org.apache.jmeter.threads.JMeterThread.processAssertion(JMeterThread.java:949) ~[ApacheJMeter_core.jar:5.6.3]
	at org.apache.jmeter.threads.JMeterThread.checkAssertions(JMeterThread.java:918) ~[ApacheJMeter_core.jar:5.6.3]
	at org.apache.jmeter.threads.JMeterThread.executeSamplePackage(JMeterThread.java:586) ~[ApacheJMeter_core.jar:5.6.3]
	at org.apache.jmeter.threads.JMeterThread.processSampler(JMeterThread.java:501) ~[ApacheJMeter_core.jar:5.6.3]
	at org.apache.jmeter.threads.JMeterThread.run(JMeterThread.java:268) ~[ApacheJMeter_core.jar:5.6.3]
	at java.base/java.lang.Thread.run(Thread.java:1583) [?:?]
Caused by: groovy.json.JsonException: Unable to determine the current character, it is not a string, number, array, or object

The current character read is '<' with an int value of 60
Unable to determine the current character, it is not a string, number, array, or object
line number 1
index number 0
<!DOCTYPE html>
^
	at org.apache.groovy.json.internal.JsonParserCharArray.decodeValueInternal(JsonParserCharArray.java:202) ~[groovy-json-3.0.20.jar:3.0.20]
	at org.apache.groovy.json.internal.JsonParserCharArray.decodeValue(JsonParserCharArray.java:153) ~[groovy-json-3.0.20.jar:3.0.20]
	at org.apache.groovy.json.internal.JsonParserCharArray.decodeFromChars(JsonParserCharArray.java:43) ~[groovy-json-3.0.20.jar:3.0.20]
	at org.apache.groovy.json.internal.JsonParserCharArray.parse(JsonParserCharArray.java:380) ~[groovy-json-3.0.20.jar:3.0.20]
	at org.apache.groovy.json.internal.BaseJsonParser.parse(BaseJsonParser.java:113) ~[groovy-json-3.0.20.jar:3.0.20]
	at groovy.json.JsonSlurper.parseText(JsonSlurper.java:204) ~[groovy-json-3.0.20.jar:3.0.20]
	at groovy.json.JsonSlurper$parseText.call(Unknown Source) ~[?:?]
	at Script5.run(Script5.groovy:1) ~[?:?]
	at org.codehaus.groovy.jsr223.GroovyScriptEngineImpl.eval(GroovyScriptEngineImpl.java:317) ~[groovy-jsr223-3.0.20.jar:3.0.20]
	... 10 more
2026-08-31 17:33:20,828 ERROR o.a.j.a.JSR223Assertion: Problem in JSR223 script: Validate coupon amounts
javax.script.ScriptException: groovy.json.JsonException: Unable to determine the current character, it is not a string, number, array, or object

The current character read is '<' with an int value of 60
Unable to determine the current character, it is not a string, number, array, or object
line number 1
index number 0
<!DOCTYPE html>
^
	at org.codehaus.groovy.jsr223.GroovyScriptEngineImpl.eval(GroovyScriptEngineImpl.java:320) ~[groovy-jsr223-3.0.20.jar:3.0.20]
	at org.codehaus.groovy.jsr223.GroovyCompiledScript.eval(GroovyCompiledScript.java:71) ~[groovy-jsr223-3.0.20.jar:3.0.20]
	at java.scripting/javax.script.CompiledScript.eval(CompiledScript.java:93) ~[java.scripting:?]
	at org.apache.jmeter.util.JSR223TestElement.processFileOrScript(JSR223TestElement.java:230) ~[ApacheJMeter_core.jar:5.6.3]
	at org.apache.jmeter.assertions.JSR223Assertion.getResult(JSR223Assertion.java:50) ~[ApacheJMeter_components.jar:5.6.3]
	at org.apache.jmeter.threads.JMeterThread.processAssertion(JMeterThread.java:949) ~[ApacheJMeter_core.jar:5.6.3]
	at org.apache.jmeter.threads.JMeterThread.checkAssertions(JMeterThread.java:918) ~[ApacheJMeter_core.jar:5.6.3]
	at org.apache.jmeter.threads.JMeterThread.executeSamplePackage(JMeterThread.java:586) ~[ApacheJMeter_core.jar:5.6.3]
	at org.apache.jmeter.threads.JMeterThread.processSampler(JMeterThread.java:501) ~[ApacheJMeter_core.jar:5.6.3]
	at org.apache.jmeter.threads.JMeterThread.run(JMeterThread.java:268) ~[ApacheJMeter_core.jar:5.6.3]
	at java.base/java.lang.Thread.run(Thread.java:1583) [?:?]
Caused by: groovy.json.JsonException: Unable to determine the current character, it is not a string, number, array, or object

The current character read is '<' with an int value of 60
Unable to determine the current character, it is not a string, number, array, or object
line number 1
index number 0
<!DOCTYPE html>
^
	at org.apache.groovy.json.internal.JsonParserCharArray.decodeValueInternal(JsonParserCharArray.java:202) ~[groovy-json-3.0.20.jar:3.0.20]
	at org.apache.groovy.json.internal.JsonParserCharArray.decodeValue(JsonParserCharArray.java:153) ~[groovy-json-3.0.20.jar:3.0.20]
	at org.apache.groovy.json.internal.JsonParserCharArray.decodeFromChars(JsonParserCharArray.java:43) ~[groovy-json-3.0.20.jar:3.0.20]
	at org.apache.groovy.json.internal.JsonParserCharArray.parse(JsonParserCharArray.java:380) ~[groovy-json-3.0.20.jar:3.0.20]
	at org.apache.groovy.json.internal.BaseJsonParser.parse(BaseJsonParser.java:113) ~[groovy-json-3.0.20.jar:3.0.20]
	at groovy.json.JsonSlurper.parseText(JsonSlurper.java:204) ~[groovy-json-3.0.20.jar:3.0.20]
	at groovy.json.JsonSlurper$parseText.call(Unknown Source) ~[?:?]
	at Script5.run(Script5.groovy:1) ~[?:?]
	at org.codehaus.groovy.jsr223.GroovyScriptEngineImpl.eval(GroovyScriptEngineImpl.java:317) ~[groovy-jsr223-3.0.20.jar:3.0.20]
	... 10 more
2026-08-31 17:33:21,701 ERROR o.a.j.a.JSR223Assertion: Problem in JSR223 script: Validate coupon amounts
javax.script.ScriptException: groovy.json.JsonException: Unable to determine the current character, it is not a string, number, array, or object

The current character read is '<' with an int value of 60
Unable to determine the current character, it is not a string, number, array, or object
line number 1
index number 0
<!DOCTYPE html>
^
	at org.codehaus.groovy.jsr223.GroovyScriptEngineImpl.eval(GroovyScriptEngineImpl.java:320) ~[groovy-jsr223-3.0.20.jar:3.0.20]
	at org.codehaus.groovy.jsr223.GroovyCompiledScript.eval(GroovyCompiledScript.java:71) ~[groovy-jsr223-3.0.20.jar:3.0.20]
	at java.scripting/javax.script.CompiledScript.eval(CompiledScript.java:93) ~[java.scripting:?]
	at org.apache.jmeter.util.JSR223TestElement.processFileOrScript(JSR223TestElement.java:230) ~[ApacheJMeter_core.jar:5.6.3]
	at org.apache.jmeter.assertions.JSR223Assertion.getResult(JSR223Assertion.java:50) ~[ApacheJMeter_components.jar:5.6.3]
	at org.apache.jmeter.threads.JMeterThread.processAssertion(JMeterThread.java:949) ~[ApacheJMeter_core.jar:5.6.3]
	at org.apache.jmeter.threads.JMeterThread.checkAssertions(JMeterThread.java:918) ~[ApacheJMeter_core.jar:5.6.3]
	at org.apache.jmeter.threads.JMeterThread.executeSamplePackage(JMeterThread.java:586) ~[ApacheJMeter_core.jar:5.6.3]
	at org.apache.jmeter.threads.JMeterThread.processSampler(JMeterThread.java:501) ~[ApacheJMeter_core.jar:5.6.3]
	at org.apache.jmeter.threads.JMeterThread.run(JMeterThread.java:268) ~[ApacheJMeter_core.jar:5.6.3]
	at java.base/java.lang.Thread.run(Thread.java:1583) [?:?]
Caused by: groovy.json.JsonException: Unable to determine the current character, it is not a string, number, array, or object

The current character read is '<' with an int value of 60
Unable to determine the current character, it is not a string, number, array, or object
line number 1
index number 0
<!DOCTYPE html>
^
	at org.apache.groovy.json.internal.JsonParserCharArray.decodeValueInternal(JsonParserCharArray.java:202) ~[groovy-json-3.0.20.jar:3.0.20]
	at org.apache.groovy.json.internal.JsonParserCharArray.decodeValue(JsonParserCharArray.java:153) ~[groovy-json-3.0.20.jar:3.0.20]
	at org.apache.groovy.json.internal.JsonParserCharArray.decodeFromChars(JsonParserCharArray.java:43) ~[groovy-json-3.0.20.jar:3.0.20]
	at org.apache.groovy.json.internal.JsonParserCharArray.parse(JsonParserCharArray.java:380) ~[groovy-json-3.0.20.jar:3.0.20]
	at org.apache.groovy.json.internal.BaseJsonParser.parse(BaseJsonParser.java:113) ~[groovy-json-3.0.20.jar:3.0.20]
	at groovy.json.JsonSlurper.parseText(JsonSlurper.java:204) ~[groovy-json-3.0.20.jar:3.0.20]
	at groovy.json.JsonSlurper$parseText.call(Unknown Source) ~[?:?]
	at Script5.run(Script5.groovy:1) ~[?:?]
	at org.codehaus.groovy.jsr223.GroovyScriptEngineImpl.eval(GroovyScriptEngineImpl.java:317) ~[groovy-jsr223-3.0.20.jar:3.0.20]
	... 10 more
2026-08-31 17:33:22,065 ERROR o.a.j.a.JSR223Assertion: Problem in JSR223 script: Validate coupon amounts
javax.script.ScriptException: groovy.json.JsonException: Unable to determine the current character, it is not a string, number, array, or object

The current character read is '<' with an int value of 60
Unable to determine the current character, it is not a string, number, array, or object
line number 1
index number 0
<!DOCTYPE html>
^
	at org.codehaus.groovy.jsr223.GroovyScriptEngineImpl.eval(GroovyScriptEngineImpl.java:320) ~[groovy-jsr223-3.0.20.jar:3.0.20]
	at org.codehaus.groovy.jsr223.GroovyCompiledScript.eval(GroovyCompiledScript.java:71) ~[groovy-jsr223-3.0.20.jar:3.0.20]
	at java.scripting/javax.script.CompiledScript.eval(CompiledScript.java:93) ~[java.scripting:?]
	at org.apache.jmeter.util.JSR223TestElement.processFileOrScript(JSR223TestElement.java:230) ~[ApacheJMeter_core.jar:5.6.3]
	at org.apache.jmeter.assertions.JSR223Assertion.getResult(JSR223Assertion.java:50) ~[ApacheJMeter_components.jar:5.6.3]
	at org.apache.jmeter.threads.JMeterThread.processAssertion(JMeterThread.java:949) ~[ApacheJMeter_core.jar:5.6.3]
	at org.apache.jmeter.threads.JMeterThread.checkAssertions(JMeterThread.java:918) ~[ApacheJMeter_core.jar:5.6.3]
	at org.apache.jmeter.threads.JMeterThread.executeSamplePackage(JMeterThread.java:586) ~[ApacheJMeter_core.jar:5.6.3]
	at org.apache.jmeter.threads.JMeterThread.processSampler(JMeterThread.java:501) ~[ApacheJMeter_core.jar:5.6.3]
	at org.apache.jmeter.threads.JMeterThread.run(JMeterThread.java:268) ~[ApacheJMeter_core.jar:5.6.3]
	at java.base/java.lang.Thread.run(Thread.java:1583) [?:?]
Caused by: groovy.json.JsonException: Unable to determine the current character, it is not a string, number, array, or object

The current character read is '<' with an int value of 60
Unable to determine the current character, it is not a string, number, array, or object
line number 1
index number 0
<!DOCTYPE html>
^
	at org.apache.groovy.json.internal.JsonParserCharArray.decodeValueInternal(JsonParserCharArray.java:202) ~[groovy-json-3.0.20.jar:3.0.20]
	at org.apache.groovy.json.internal.JsonParserCharArray.decodeValue(JsonParserCharArray.java:153) ~[groovy-json-3.0.20.jar:3.0.20]
	at org.apache.groovy.json.internal.JsonParserCharArray.decodeFromChars(JsonParserCharArray.java:43) ~[groovy-json-3.0.20.jar:3.0.20]
	at org.apache.groovy.json.internal.JsonParserCharArray.parse(JsonParserCharArray.java:380) ~[groovy-json-3.0.20.jar:3.0.20]
	at org.apache.groovy.json.internal.BaseJsonParser.parse(BaseJsonParser.java:113) ~[groovy-json-3.0.20.jar:3.0.20]
	at groovy.json.JsonSlurper.parseText(JsonSlurper.java:204) ~[groovy-json-3.0.20.jar:3.0.20]
	at groovy.json.JsonSlurper$parseText.call(Unknown Source) ~[?:?]
	at Script5.run(Script5.groovy:1) ~[?:?]
	at org.codehaus.groovy.jsr223.GroovyScriptEngineImpl.eval(GroovyScriptEngineImpl.java:317) ~[groovy-jsr223-3.0.20.jar:3.0.20]
	... 10 more
2026-08-31 17:33:22,440 ERROR o.a.j.a.JSR223Assertion: Problem in JSR223 script: Validate coupon amounts
javax.script.ScriptException: groovy.json.JsonException: Unable to determine the current character, it is not a string, number, array, or object

The current character read is '<' with an int value of 60
Unable to determine the current character, it is not a string, number, array, or object
line number 1
index number 0
<!DOCTYPE html>
^
	at org.codehaus.groovy.jsr223.GroovyScriptEngineImpl.eval(GroovyScriptEngineImpl.java:320) ~[groovy-jsr223-3.0.20.jar:3.0.20]
	at org.codehaus.groovy.jsr223.GroovyCompiledScript.eval(GroovyCompiledScript.java:71) ~[groovy-jsr223-3.0.20.jar:3.0.20]
	at java.scripting/javax.script.CompiledScript.eval(CompiledScript.java:93) ~[java.scripting:?]
	at org.apache.jmeter.util.JSR223TestElement.processFileOrScript(JSR223TestElement.java:230) ~[ApacheJMeter_core.jar:5.6.3]
	at org.apache.jmeter.assertions.JSR223Assertion.getResult(JSR223Assertion.java:50) ~[ApacheJMeter_components.jar:5.6.3]
	at org.apache.jmeter.threads.JMeterThread.processAssertion(JMeterThread.java:949) ~[ApacheJMeter_core.jar:5.6.3]
	at org.apache.jmeter.threads.JMeterThread.checkAssertions(JMeterThread.java:918) ~[ApacheJMeter_core.jar:5.6.3]
	at org.apache.jmeter.threads.JMeterThread.executeSamplePackage(JMeterThread.java:586) ~[ApacheJMeter_core.jar:5.6.3]
	at org.apache.jmeter.threads.JMeterThread.processSampler(JMeterThread.java:501) ~[ApacheJMeter_core.jar:5.6.3]
	at org.apache.jmeter.threads.JMeterThread.run(JMeterThread.java:268) ~[ApacheJMeter_core.jar:5.6.3]
	at java.base/java.lang.Thread.run(Thread.java:1583) [?:?]
Caused by: groovy.json.JsonException: Unable to determine the current character, it is not a string, number, array, or object

The current character read is '<' with an int value of 60
Unable to determine the current character, it is not a string, number, array, or object
line number 1
index number 0
<!DOCTYPE html>
^
	at org.apache.groovy.json.internal.JsonParserCharArray.decodeValueInternal(JsonParserCharArray.java:202) ~[groovy-json-3.0.20.jar:3.0.20]
	at org.apache.groovy.json.internal.JsonParserCharArray.decodeValue(JsonParserCharArray.java:153) ~[groovy-json-3.0.20.jar:3.0.20]
	at org.apache.groovy.json.internal.JsonParserCharArray.decodeFromChars(JsonParserCharArray.java:43) ~[groovy-json-3.0.20.jar:3.0.20]
	at org.apache.groovy.json.internal.JsonParserCharArray.parse(JsonParserCharArray.java:380) ~[groovy-json-3.0.20.jar:3.0.20]
	at org.apache.groovy.json.internal.BaseJsonParser.parse(BaseJsonParser.java:113) ~[groovy-json-3.0.20.jar:3.0.20]
	at groovy.json.JsonSlurper.parseText(JsonSlurper.java:204) ~[groovy-json-3.0.20.jar:3.0.20]
	at groovy.json.JsonSlurper$parseText.call(Unknown Source) ~[?:?]
	at Script5.run(Script5.groovy:1) ~[?:?]
	at org.codehaus.groovy.jsr223.GroovyScriptEngineImpl.eval(GroovyScriptEngineImpl.java:317) ~[groovy-jsr223-3.0.20.jar:3.0.20]
	... 10 more
2026-08-31 17:33:22,475 ERROR o.a.j.a.JSR223Assertion: Problem in JSR223 script: Validate coupon amounts
javax.script.ScriptException: groovy.json.JsonException: Unable to determine the current character, it is not a string, number, array, or object

The current character read is '<' with an int value of 60
Unable to determine the current character, it is not a string, number, array, or object
line number 1
index number 0
<!DOCTYPE html>
^
	at org.codehaus.groovy.jsr223.GroovyScriptEngineImpl.eval(GroovyScriptEngineImpl.java:320) ~[groovy-jsr223-3.0.20.jar:3.0.20]
	at org.codehaus.groovy.jsr223.GroovyCompiledScript.eval(GroovyCompiledScript.java:71) ~[groovy-jsr223-3.0.20.jar:3.0.20]
	at java.scripting/javax.script.CompiledScript.eval(CompiledScript.java:93) ~[java.scripting:?]
	at org.apache.jmeter.util.JSR223TestElement.processFileOrScript(JSR223TestElement.java:230) ~[ApacheJMeter_core.jar:5.6.3]
	at org.apache.jmeter.assertions.JSR223Assertion.getResult(JSR223Assertion.java:50) ~[ApacheJMeter_components.jar:5.6.3]
	at org.apache.jmeter.threads.JMeterThread.processAssertion(JMeterThread.java:949) ~[ApacheJMeter_core.jar:5.6.3]
	at org.apache.jmeter.threads.JMeterThread.checkAssertions(JMeterThread.java:918) ~[ApacheJMeter_core.jar:5.6.3]
	at org.apache.jmeter.threads.JMeterThread.executeSamplePackage(JMeterThread.java:586) ~[ApacheJMeter_core.jar:5.6.3]
	at org.apache.jmeter.threads.JMeterThread.processSampler(JMeterThread.java:501) ~[ApacheJMeter_core.jar:5.6.3]
	at org.apache.jmeter.threads.JMeterThread.run(JMeterThread.java:268) ~[ApacheJMeter_core.jar:5.6.3]
	at java.base/java.lang.Thread.run(Thread.java:1583) [?:?]
Caused by: groovy.json.JsonException: Unable to determine the current character, it is not a string, number, array, or object

The current character read is '<' with an int value of 60
Unable to determine the current character, it is not a string, number, array, or object
line number 1
index number 0
<!DOCTYPE html>
^
	at org.apache.groovy.json.internal.JsonParserCharArray.decodeValueInternal(JsonParserCharArray.java:202) ~[groovy-json-3.0.20.jar:3.0.20]
	at org.apache.groovy.json.internal.JsonParserCharArray.decodeValue(JsonParserCharArray.java:153) ~[groovy-json-3.0.20.jar:3.0.20]
	at org.apache.groovy.json.internal.JsonParserCharArray.decodeFromChars(JsonParserCharArray.java:43) ~[groovy-json-3.0.20.jar:3.0.20]
	at org.apache.groovy.json.internal.JsonParserCharArray.parse(JsonParserCharArray.java:380) ~[groovy-json-3.0.20.jar:3.0.20]
	at org.apache.groovy.json.internal.BaseJsonParser.parse(BaseJsonParser.java:113) ~[groovy-json-3.0.20.jar:3.0.20]
	at groovy.json.JsonSlurper.parseText(JsonSlurper.java:204) ~[groovy-json-3.0.20.jar:3.0.20]
	at groovy.json.JsonSlurper$parseText.call(Unknown Source) ~[?:?]
	at Script5.run(Script5.groovy:1) ~[?:?]
	at org.codehaus.groovy.jsr223.GroovyScriptEngineImpl.eval(GroovyScriptEngineImpl.java:317) ~[groovy-jsr223-3.0.20.jar:3.0.20]
	... 10 more
2026-08-31 17:33:23,227 ERROR o.a.j.a.JSR223Assertion: Problem in JSR223 script: Validate coupon amounts
javax.script.ScriptException: groovy.json.JsonException: Unable to determine the current character, it is not a string, number, array, or object

The current character read is '<' with an int value of 60
Unable to determine the current character, it is not a string, number, array, or object
line number 1
index number 0
<!DOCTYPE html>
^
	at org.codehaus.groovy.jsr223.GroovyScriptEngineImpl.eval(GroovyScriptEngineImpl.java:320) ~[groovy-jsr223-3.0.20.jar:3.0.20]
	at org.codehaus.groovy.jsr223.GroovyCompiledScript.eval(GroovyCompiledScript.java:71) ~[groovy-jsr223-3.0.20.jar:3.0.20]
	at java.scripting/javax.script.CompiledScript.eval(CompiledScript.java:93) ~[java.scripting:?]
	at org.apache.jmeter.util.JSR223TestElement.processFileOrScript(JSR223TestElement.java:230) ~[ApacheJMeter_core.jar:5.6.3]
	at org.apache.jmeter.assertions.JSR223Assertion.getResult(JSR223Assertion.java:50) ~[ApacheJMeter_components.jar:5.6.3]
	at org.apache.jmeter.threads.JMeterThread.processAssertion(JMeterThread.java:949) ~[ApacheJMeter_core.jar:5.6.3]
	at org.apache.jmeter.threads.JMeterThread.checkAssertions(JMeterThread.java:918) ~[ApacheJMeter_core.jar:5.6.3]
	at org.apache.jmeter.threads.JMeterThread.executeSamplePackage(JMeterThread.java:586) ~[ApacheJMeter_core.jar:5.6.3]
	at org.apache.jmeter.threads.JMeterThread.processSampler(JMeterThread.java:501) ~[ApacheJMeter_core.jar:5.6.3]
	at org.apache.jmeter.threads.JMeterThread.run(JMeterThread.java:268) ~[ApacheJMeter_core.jar:5.6.3]
	at java.base/java.lang.Thread.run(Thread.java:1583) [?:?]
Caused by: groovy.json.JsonException: Unable to determine the current character, it is not a string, number, array, or object

The current character read is '<' with an int value of 60
Unable to determine the current character, it is not a string, number, array, or object
line number 1
index number 0
<!DOCTYPE html>
^
	at org.apache.groovy.json.internal.JsonParserCharArray.decodeValueInternal(JsonParserCharArray.java:202) ~[groovy-json-3.0.20.jar:3.0.20]
	at org.apache.groovy.json.internal.JsonParserCharArray.decodeValue(JsonParserCharArray.java:153) ~[groovy-json-3.0.20.jar:3.0.20]
	at org.apache.groovy.json.internal.JsonParserCharArray.decodeFromChars(JsonParserCharArray.java:43) ~[groovy-json-3.0.20.jar:3.0.20]
	at org.apache.groovy.json.internal.JsonParserCharArray.parse(JsonParserCharArray.java:380) ~[groovy-json-3.0.20.jar:3.0.20]
	at org.apache.groovy.json.internal.BaseJsonParser.parse(BaseJsonParser.java:113) ~[groovy-json-3.0.20.jar:3.0.20]
	at groovy.json.JsonSlurper.parseText(JsonSlurper.java:204) ~[groovy-json-3.0.20.jar:3.0.20]
	at groovy.json.JsonSlurper$parseText.call(Unknown Source) ~[?:?]
	at Script5.run(Script5.groovy:1) ~[?:?]
	at org.codehaus.groovy.jsr223.GroovyScriptEngineImpl.eval(GroovyScriptEngineImpl.java:317) ~[groovy-jsr223-3.0.20.jar:3.0.20]
	... 10 more
2026-08-31 17:33:23,363 ERROR o.a.j.a.JSR223Assertion: Problem in JSR223 script: Validate coupon amounts
javax.script.ScriptException: groovy.json.JsonException: Unable to determine the current character, it is not a string, number, array, or object

The current character read is '<' with an int value of 60
Unable to determine the current character, it is not a string, number, array, or object
line number 1
index number 0
<!DOCTYPE html>
^
	at org.codehaus.groovy.jsr223.GroovyScriptEngineImpl.eval(GroovyScriptEngineImpl.java:320) ~[groovy-jsr223-3.0.20.jar:3.0.20]
	at org.codehaus.groovy.jsr223.GroovyCompiledScript.eval(GroovyCompiledScript.java:71) ~[groovy-jsr223-3.0.20.jar:3.0.20]
	at java.scripting/javax.script.CompiledScript.eval(CompiledScript.java:93) ~[java.scripting:?]
	at org.apache.jmeter.util.JSR223TestElement.processFileOrScript(JSR223TestElement.java:230) ~[ApacheJMeter_core.jar:5.6.3]
	at org.apache.jmeter.assertions.JSR223Assertion.getResult(JSR223Assertion.java:50) ~[ApacheJMeter_components.jar:5.6.3]
	at org.apache.jmeter.threads.JMeterThread.processAssertion(JMeterThread.java:949) ~[ApacheJMeter_core.jar:5.6.3]
	at org.apache.jmeter.threads.JMeterThread.checkAssertions(JMeterThread.java:918) ~[ApacheJMeter_core.jar:5.6.3]
	at org.apache.jmeter.threads.JMeterThread.executeSamplePackage(JMeterThread.java:586) ~[ApacheJMeter_core.jar:5.6.3]
	at org.apache.jmeter.threads.JMeterThread.processSampler(JMeterThread.java:501) ~[ApacheJMeter_core.jar:5.6.3]
	at org.apache.jmeter.threads.JMeterThread.run(JMeterThread.java:268) ~[ApacheJMeter_core.jar:5.6.3]
	at java.base/java.lang.Thread.run(Thread.java:1583) [?:?]
Caused by: groovy.json.JsonException: Unable to determine the current character, it is not a string, number, array, or object

The current character read is '<' with an int value of 60
Unable to determine the current character, it is not a string, number, array, or object
line number 1
index number 0
<!DOCTYPE html>
^
	at org.apache.groovy.json.internal.JsonParserCharArray.decodeValueInternal(JsonParserCharArray.java:202) ~[groovy-json-3.0.20.jar:3.0.20]
	at org.apache.groovy.json.internal.JsonParserCharArray.decodeValue(JsonParserCharArray.java:153) ~[groovy-json-3.0.20.jar:3.0.20]
	at org.apache.groovy.json.internal.JsonParserCharArray.decodeFromChars(JsonParserCharArray.java:43) ~[groovy-json-3.0.20.jar:3.0.20]
	at org.apache.groovy.json.internal.JsonParserCharArray.parse(JsonParserCharArray.java:380) ~[groovy-json-3.0.20.jar:3.0.20]
	at org.apache.groovy.json.internal.BaseJsonParser.parse(BaseJsonParser.java:113) ~[groovy-json-3.0.20.jar:3.0.20]
	at groovy.json.JsonSlurper.parseText(JsonSlurper.java:204) ~[groovy-json-3.0.20.jar:3.0.20]
	at groovy.json.JsonSlurper$parseText.call(Unknown Source) ~[?:?]
	at Script5.run(Script5.groovy:1) ~[?:?]
	at org.codehaus.groovy.jsr223.GroovyScriptEngineImpl.eval(GroovyScriptEngineImpl.java:317) ~[groovy-jsr223-3.0.20.jar:3.0.20]
	... 10 more
2026-08-31 17:33:23,667 ERROR o.a.j.a.JSR223Assertion: Problem in JSR223 script: Validate coupon amounts
javax.script.ScriptException: groovy.json.JsonException: Unable to determine the current character, it is not a string, number, array, or object

The current character read is '<' with an int value of 60
Unable to determine the current character, it is not a string, number, array, or object
line number 1
index number 0
<!DOCTYPE html>
^
	at org.codehaus.groovy.jsr223.GroovyScriptEngineImpl.eval(GroovyScriptEngineImpl.java:320) ~[groovy-jsr223-3.0.20.jar:3.0.20]
	at org.codehaus.groovy.jsr223.GroovyCompiledScript.eval(GroovyCompiledScript.java:71) ~[groovy-jsr223-3.0.20.jar:3.0.20]
	at java.scripting/javax.script.CompiledScript.eval(CompiledScript.java:93) ~[java.scripting:?]
	at org.apache.jmeter.util.JSR223TestElement.processFileOrScript(JSR223TestElement.java:230) ~[ApacheJMeter_core.jar:5.6.3]
	at org.apache.jmeter.assertions.JSR223Assertion.getResult(JSR223Assertion.java:50) ~[ApacheJMeter_components.jar:5.6.3]
	at org.apache.jmeter.threads.JMeterThread.processAssertion(JMeterThread.java:949) ~[ApacheJMeter_core.jar:5.6.3]
	at org.apache.jmeter.threads.JMeterThread.checkAssertions(JMeterThread.java:918) ~[ApacheJMeter_core.jar:5.6.3]
	at org.apache.jmeter.threads.JMeterThread.executeSamplePackage(JMeterThread.java:586) ~[ApacheJMeter_core.jar:5.6.3]
	at org.apache.jmeter.threads.JMeterThread.processSampler(JMeterThread.java:501) ~[ApacheJMeter_core.jar:5.6.3]
	at org.apache.jmeter.threads.JMeterThread.run(JMeterThread.java:268) ~[ApacheJMeter_core.jar:5.6.3]
	at java.base/java.lang.Thread.run(Thread.java:1583) [?:?]
Caused by: groovy.json.JsonException: Unable to determine the current character, it is not a string, number, array, or object

The current character read is '<' with an int value of 60
Unable to determine the current character, it is not a string, number, array, or object
line number 1
index number 0
<!DOCTYPE html>
^
	at org.apache.groovy.json.internal.JsonParserCharArray.decodeValueInternal(JsonParserCharArray.java:202) ~[groovy-json-3.0.20.jar:3.0.20]
	at org.apache.groovy.json.internal.JsonParserCharArray.decodeValue(JsonParserCharArray.java:153) ~[groovy-json-3.0.20.jar:3.0.20]
	at org.apache.groovy.json.internal.JsonParserCharArray.decodeFromChars(JsonParserCharArray.java:43) ~[groovy-json-3.0.20.jar:3.0.20]
	at org.apache.groovy.json.internal.JsonParserCharArray.parse(JsonParserCharArray.java:380) ~[groovy-json-3.0.20.jar:3.0.20]
	at org.apache.groovy.json.internal.BaseJsonParser.parse(BaseJsonParser.java:113) ~[groovy-json-3.0.20.jar:3.0.20]
	at groovy.json.JsonSlurper.parseText(JsonSlurper.java:204) ~[groovy-json-3.0.20.jar:3.0.20]
	at groovy.json.JsonSlurper$parseText.call(Unknown Source) ~[?:?]
	at Script5.run(Script5.groovy:1) ~[?:?]
	at org.codehaus.groovy.jsr223.GroovyScriptEngineImpl.eval(GroovyScriptEngineImpl.java:317) ~[groovy-jsr223-3.0.20.jar:3.0.20]
	... 10 more
2026-08-31 17:33:24,104 ERROR o.a.j.a.JSR223Assertion: Problem in JSR223 script: Validate coupon amounts
javax.script.ScriptException: groovy.json.JsonException: Unable to determine the current character, it is not a string, number, array, or object

The current character read is '<' with an int value of 60
Unable to determine the current character, it is not a string, number, array, or object
line number 1
index number 0
<!DOCTYPE html>
^
	at org.codehaus.groovy.jsr223.GroovyScriptEngineImpl.eval(GroovyScriptEngineImpl.java:320) ~[groovy-jsr223-3.0.20.jar:3.0.20]
	at org.codehaus.groovy.jsr223.GroovyCompiledScript.eval(GroovyCompiledScript.java:71) ~[groovy-jsr223-3.0.20.jar:3.0.20]
	at java.scripting/javax.script.CompiledScript.eval(CompiledScript.java:93) ~[java.scripting:?]
	at org.apache.jmeter.util.JSR223TestElement.processFileOrScript(JSR223TestElement.java:230) ~[ApacheJMeter_core.jar:5.6.3]
	at org.apache.jmeter.assertions.JSR223Assertion.getResult(JSR223Assertion.java:50) ~[ApacheJMeter_components.jar:5.6.3]
	at org.apache.jmeter.threads.JMeterThread.processAssertion(JMeterThread.java:949) ~[ApacheJMeter_core.jar:5.6.3]
	at org.apache.jmeter.threads.JMeterThread.checkAssertions(JMeterThread.java:918) ~[ApacheJMeter_core.jar:5.6.3]
	at org.apache.jmeter.threads.JMeterThread.executeSamplePackage(JMeterThread.java:586) ~[ApacheJMeter_core.jar:5.6.3]
	at org.apache.jmeter.threads.JMeterThread.processSampler(JMeterThread.java:501) ~[ApacheJMeter_core.jar:5.6.3]
	at org.apache.jmeter.threads.JMeterThread.run(JMeterThread.java:268) ~[ApacheJMeter_core.jar:5.6.3]
	at java.base/java.lang.Thread.run(Thread.java:1583) [?:?]
Caused by: groovy.json.JsonException: Unable to determine the current character, it is not a string, number, array, or object

The current character read is '<' with an int value of 60
Unable to determine the current character, it is not a string, number, array, or object
line number 1
index number 0
<!DOCTYPE html>
^
	at org.apache.groovy.json.internal.JsonParserCharArray.decodeValueInternal(JsonParserCharArray.java:202) ~[groovy-json-3.0.20.jar:3.0.20]
	at org.apache.groovy.json.internal.JsonParserCharArray.decodeValue(JsonParserCharArray.java:153) ~[groovy-json-3.0.20.jar:3.0.20]
	at org.apache.groovy.json.internal.JsonParserCharArray.decodeFromChars(JsonParserCharArray.java:43) ~[groovy-json-3.0.20.jar:3.0.20]
	at org.apache.groovy.json.internal.JsonParserCharArray.parse(JsonParserCharArray.java:380) ~[groovy-json-3.0.20.jar:3.0.20]
	at org.apache.groovy.json.internal.BaseJsonParser.parse(BaseJsonParser.java:113) ~[groovy-json-3.0.20.jar:3.0.20]
	at groovy.json.JsonSlurper.parseText(JsonSlurper.java:204) ~[groovy-json-3.0.20.jar:3.0.20]
	at groovy.json.JsonSlurper$parseText.call(Unknown Source) ~[?:?]
	at Script5.run(Script5.groovy:1) ~[?:?]
	at org.codehaus.groovy.jsr223.GroovyScriptEngineImpl.eval(GroovyScriptEngineImpl.java:317) ~[groovy-jsr223-3.0.20.jar:3.0.20]
	... 10 more
2026-08-31 17:33:24,578 ERROR o.a.j.a.JSR223Assertion: Problem in JSR223 script: Validate coupon amounts
javax.script.ScriptException: groovy.json.JsonException: Unable to determine the current character, it is not a string, number, array, or object

The current character read is '<' with an int value of 60
Unable to determine the current character, it is not a string, number, array, or object
line number 1
index number 0
<!DOCTYPE html>
^
	at org.codehaus.groovy.jsr223.GroovyScriptEngineImpl.eval(GroovyScriptEngineImpl.java:320) ~[groovy-jsr223-3.0.20.jar:3.0.20]
	at org.codehaus.groovy.jsr223.GroovyCompiledScript.eval(GroovyCompiledScript.java:71) ~[groovy-jsr223-3.0.20.jar:3.0.20]
	at java.scripting/javax.script.CompiledScript.eval(CompiledScript.java:93) ~[java.scripting:?]
	at org.apache.jmeter.util.JSR223TestElement.processFileOrScript(JSR223TestElement.java:230) ~[ApacheJMeter_core.jar:5.6.3]
	at org.apache.jmeter.assertions.JSR223Assertion.getResult(JSR223Assertion.java:50) ~[ApacheJMeter_components.jar:5.6.3]
	at org.apache.jmeter.threads.JMeterThread.processAssertion(JMeterThread.java:949) ~[ApacheJMeter_core.jar:5.6.3]
	at org.apache.jmeter.threads.JMeterThread.checkAssertions(JMeterThread.java:918) ~[ApacheJMeter_core.jar:5.6.3]
	at org.apache.jmeter.threads.JMeterThread.executeSamplePackage(JMeterThread.java:586) ~[ApacheJMeter_core.jar:5.6.3]
	at org.apache.jmeter.threads.JMeterThread.processSampler(JMeterThread.java:501) ~[ApacheJMeter_core.jar:5.6.3]
	at org.apache.jmeter.threads.JMeterThread.run(JMeterThread.java:268) ~[ApacheJMeter_core.jar:5.6.3]
	at java.base/java.lang.Thread.run(Thread.java:1583) [?:?]
Caused by: groovy.json.JsonException: Unable to determine the current character, it is not a string, number, array, or object

The current character read is '<' with an int value of 60
Unable to determine the current character, it is not a string, number, array, or object
line number 1
index number 0
<!DOCTYPE html>
^
	at org.apache.groovy.json.internal.JsonParserCharArray.decodeValueInternal(JsonParserCharArray.java:202) ~[groovy-json-3.0.20.jar:3.0.20]
	at org.apache.groovy.json.internal.JsonParserCharArray.decodeValue(JsonParserCharArray.java:153) ~[groovy-json-3.0.20.jar:3.0.20]
	at org.apache.groovy.json.internal.JsonParserCharArray.decodeFromChars(JsonParserCharArray.java:43) ~[groovy-json-3.0.20.jar:3.0.20]
	at org.apache.groovy.json.internal.JsonParserCharArray.parse(JsonParserCharArray.java:380) ~[groovy-json-3.0.20.jar:3.0.20]
	at org.apache.groovy.json.internal.BaseJsonParser.parse(BaseJsonParser.java:113) ~[groovy-json-3.0.20.jar:3.0.20]
	at groovy.json.JsonSlurper.parseText(JsonSlurper.java:204) ~[groovy-json-3.0.20.jar:3.0.20]
	at groovy.json.JsonSlurper$parseText.call(Unknown Source) ~[?:?]
	at Script5.run(Script5.groovy:1) ~[?:?]
	at org.codehaus.groovy.jsr223.GroovyScriptEngineImpl.eval(GroovyScriptEngineImpl.java:317) ~[groovy-jsr223-3.0.20.jar:3.0.20]
	... 10 more
2026-08-31 17:33:24,839 ERROR o.a.j.a.JSR223Assertion: Problem in JSR223 script: Validate coupon amounts
javax.script.ScriptException: groovy.json.JsonException: Unable to determine the current character, it is not a string, number, array, or object

The current character read is '<' with an int value of 60
Unable to determine the current character, it is not a string, number, array, or object
line number 1
index number 0
<!DOCTYPE html>
^
	at org.codehaus.groovy.jsr223.GroovyScriptEngineImpl.eval(GroovyScriptEngineImpl.java:320) ~[groovy-jsr223-3.0.20.jar:3.0.20]
	at org.codehaus.groovy.jsr223.GroovyCompiledScript.eval(GroovyCompiledScript.java:71) ~[groovy-jsr223-3.0.20.jar:3.0.20]
	at java.scripting/javax.script.CompiledScript.eval(CompiledScript.java:93) ~[java.scripting:?]
	at org.apache.jmeter.util.JSR223TestElement.processFileOrScript(JSR223TestElement.java:230) ~[ApacheJMeter_core.jar:5.6.3]
	at org.apache.jmeter.assertions.JSR223Assertion.getResult(JSR223Assertion.java:50) ~[ApacheJMeter_components.jar:5.6.3]
	at org.apache.jmeter.threads.JMeterThread.processAssertion(JMeterThread.java:949) ~[ApacheJMeter_core.jar:5.6.3]
	at org.apache.jmeter.threads.JMeterThread.checkAssertions(JMeterThread.java:918) ~[ApacheJMeter_core.jar:5.6.3]
	at org.apache.jmeter.threads.JMeterThread.executeSamplePackage(JMeterThread.java:586) ~[ApacheJMeter_core.jar:5.6.3]
	at org.apache.jmeter.threads.JMeterThread.processSampler(JMeterThread.java:501) ~[ApacheJMeter_core.jar:5.6.3]
	at org.apache.jmeter.threads.JMeterThread.run(JMeterThread.java:268) ~[ApacheJMeter_core.jar:5.6.3]
	at java.base/java.lang.Thread.run(Thread.java:1583) [?:?]
Caused by: groovy.json.JsonException: Unable to determine the current character, it is not a string, number, array, or object

The current character read is '<' with an int value of 60
Unable to determine the current character, it is not a string, number, array, or object
line number 1
index number 0
<!DOCTYPE html>
^
	at org.apache.groovy.json.internal.JsonParserCharArray.decodeValueInternal(JsonParserCharArray.java:202) ~[groovy-json-3.0.20.jar:3.0.20]
	at org.apache.groovy.json.internal.JsonParserCharArray.decodeValue(JsonParserCharArray.java:153) ~[groovy-json-3.0.20.jar:3.0.20]
	at org.apache.groovy.json.internal.JsonParserCharArray.decodeFromChars(JsonParserCharArray.java:43) ~[groovy-json-3.0.20.jar:3.0.20]
	at org.apache.groovy.json.internal.JsonParserCharArray.parse(JsonParserCharArray.java:380) ~[groovy-json-3.0.20.jar:3.0.20]
	at org.apache.groovy.json.internal.BaseJsonParser.parse(BaseJsonParser.java:113) ~[groovy-json-3.0.20.jar:3.0.20]
	at groovy.json.JsonSlurper.parseText(JsonSlurper.java:204) ~[groovy-json-3.0.20.jar:3.0.20]
	at groovy.json.JsonSlurper$parseText.call(Unknown Source) ~[?:?]
	at Script5.run(Script5.groovy:1) ~[?:?]
	at org.codehaus.groovy.jsr223.GroovyScriptEngineImpl.eval(GroovyScriptEngineImpl.java:317) ~[groovy-jsr223-3.0.20.jar:3.0.20]
	... 10 more
2026-08-31 17:33:25,188 ERROR o.a.j.a.JSR223Assertion: Problem in JSR223 script: Validate coupon amounts
javax.script.ScriptException: groovy.json.JsonException: Unable to determine the current character, it is not a string, number, array, or object

The current character read is '<' with an int value of 60
Unable to determine the current character, it is not a string, number, array, or object
line number 1
index number 0
<!DOCTYPE html>
^
	at org.codehaus.groovy.jsr223.GroovyScriptEngineImpl.eval(GroovyScriptEngineImpl.java:320) ~[groovy-jsr223-3.0.20.jar:3.0.20]
	at org.codehaus.groovy.jsr223.GroovyCompiledScript.eval(GroovyCompiledScript.java:71) ~[groovy-jsr223-3.0.20.jar:3.0.20]
	at java.scripting/javax.script.CompiledScript.eval(CompiledScript.java:93) ~[java.scripting:?]
	at org.apache.jmeter.util.JSR223TestElement.processFileOrScript(JSR223TestElement.java:230) ~[ApacheJMeter_core.jar:5.6.3]
	at org.apache.jmeter.assertions.JSR223Assertion.getResult(JSR223Assertion.java:50) ~[ApacheJMeter_components.jar:5.6.3]
	at org.apache.jmeter.threads.JMeterThread.processAssertion(JMeterThread.java:949) ~[ApacheJMeter_core.jar:5.6.3]
	at org.apache.jmeter.threads.JMeterThread.checkAssertions(JMeterThread.java:918) ~[ApacheJMeter_core.jar:5.6.3]
	at org.apache.jmeter.threads.JMeterThread.executeSamplePackage(JMeterThread.java:586) ~[ApacheJMeter_core.jar:5.6.3]
	at org.apache.jmeter.threads.JMeterThread.processSampler(JMeterThread.java:501) ~[ApacheJMeter_core.jar:5.6.3]
	at org.apache.jmeter.threads.JMeterThread.run(JMeterThread.java:268) ~[ApacheJMeter_core.jar:5.6.3]
	at java.base/java.lang.Thread.run(Thread.java:1583) [?:?]
Caused by: groovy.json.JsonException: Unable to determine the current character, it is not a string, number, array, or object

The current character read is '<' with an int value of 60
Unable to determine the current character, it is not a string, number, array, or object
line number 1
index number 0
<!DOCTYPE html>
^
	at org.apache.groovy.json.internal.JsonParserCharArray.decodeValueInternal(JsonParserCharArray.java:202) ~[groovy-json-3.0.20.jar:3.0.20]
	at org.apache.groovy.json.internal.JsonParserCharArray.decodeValue(JsonParserCharArray.java:153) ~[groovy-json-3.0.20.jar:3.0.20]
	at org.apache.groovy.json.internal.JsonParserCharArray.decodeFromChars(JsonParserCharArray.java:43) ~[groovy-json-3.0.20.jar:3.0.20]
	at org.apache.groovy.json.internal.JsonParserCharArray.parse(JsonParserCharArray.java:380) ~[groovy-json-3.0.20.jar:3.0.20]
	at org.apache.groovy.json.internal.BaseJsonParser.parse(BaseJsonParser.java:113) ~[groovy-json-3.0.20.jar:3.0.20]
	at groovy.json.JsonSlurper.parseText(JsonSlurper.java:204) ~[groovy-json-3.0.20.jar:3.0.20]
	at groovy.json.JsonSlurper$parseText.call(Unknown Source) ~[?:?]
	at Script5.run(Script5.groovy:1) ~[?:?]
	at org.codehaus.groovy.jsr223.GroovyScriptEngineImpl.eval(GroovyScriptEngineImpl.java:317) ~[groovy-jsr223-3.0.20.jar:3.0.20]
	... 10 more
2026-08-31 17:33:25,310 ERROR o.a.j.a.JSR223Assertion: Problem in JSR223 script: Validate coupon amounts
javax.script.ScriptException: groovy.json.JsonException: Unable to determine the current character, it is not a string, number, array, or object

The current character read is '<' with an int value of 60
Unable to determine the current character, it is not a string, number, array, or object
line number 1
index number 0
<!DOCTYPE html>
^
	at org.codehaus.groovy.jsr223.GroovyScriptEngineImpl.eval(GroovyScriptEngineImpl.java:320) ~[groovy-jsr223-3.0.20.jar:3.0.20]
	at org.codehaus.groovy.jsr223.GroovyCompiledScript.eval(GroovyCompiledScript.java:71) ~[groovy-jsr223-3.0.20.jar:3.0.20]
	at java.scripting/javax.script.CompiledScript.eval(CompiledScript.java:93) ~[java.scripting:?]
	at org.apache.jmeter.util.JSR223TestElement.processFileOrScript(JSR223TestElement.java:230) ~[ApacheJMeter_core.jar:5.6.3]
	at org.apache.jmeter.assertions.JSR223Assertion.getResult(JSR223Assertion.java:50) ~[ApacheJMeter_components.jar:5.6.3]
	at org.apache.jmeter.threads.JMeterThread.processAssertion(JMeterThread.java:949) ~[ApacheJMeter_core.jar:5.6.3]
	at org.apache.jmeter.threads.JMeterThread.checkAssertions(JMeterThread.java:918) ~[ApacheJMeter_core.jar:5.6.3]
	at org.apache.jmeter.threads.JMeterThread.executeSamplePackage(JMeterThread.java:586) ~[ApacheJMeter_core.jar:5.6.3]
	at org.apache.jmeter.threads.JMeterThread.processSampler(JMeterThread.java:501) ~[ApacheJMeter_core.jar:5.6.3]
	at org.apache.jmeter.threads.JMeterThread.run(JMeterThread.java:268) ~[ApacheJMeter_core.jar:5.6.3]
	at java.base/java.lang.Thread.run(Thread.java:1583) [?:?]
Caused by: groovy.json.JsonException: Unable to determine the current character, it is not a string, number, array, or object

The current character read is '<' with an int value of 60
Unable to determine the current character, it is not a string, number, array, or object
line number 1
index number 0
<!DOCTYPE html>
^
	at org.apache.groovy.json.internal.JsonParserCharArray.decodeValueInternal(JsonParserCharArray.java:202) ~[groovy-json-3.0.20.jar:3.0.20]
	at org.apache.groovy.json.internal.JsonParserCharArray.decodeValue(JsonParserCharArray.java:153) ~[groovy-json-3.0.20.jar:3.0.20]
	at org.apache.groovy.json.internal.JsonParserCharArray.decodeFromChars(JsonParserCharArray.java:43) ~[groovy-json-3.0.20.jar:3.0.20]
	at org.apache.groovy.json.internal.JsonParserCharArray.parse(JsonParserCharArray.java:380) ~[groovy-json-3.0.20.jar:3.0.20]
	at org.apache.groovy.json.internal.BaseJsonParser.parse(BaseJsonParser.java:113) ~[groovy-json-3.0.20.jar:3.0.20]
	at groovy.json.JsonSlurper.parseText(JsonSlurper.java:204) ~[groovy-json-3.0.20.jar:3.0.20]
	at groovy.json.JsonSlurper$parseText.call(Unknown Source) ~[?:?]
	at Script5.run(Script5.groovy:1) ~[?:?]
	at org.codehaus.groovy.jsr223.GroovyScriptEngineImpl.eval(GroovyScriptEngineImpl.java:317) ~[groovy-jsr223-3.0.20.jar:3.0.20]
	... 10 more
2026-08-31 17:33:25,590 ERROR o.a.j.a.JSR223Assertion: Problem in JSR223 script: Validate coupon amounts
javax.script.ScriptException: groovy.json.JsonException: Unable to determine the current character, it is not a string, number, array, or object

The current character read is '<' with an int value of 60
Unable to determine the current character, it is not a string, number, array, or object
line number 1
index number 0
<!DOCTYPE html>
^
	at org.codehaus.groovy.jsr223.GroovyScriptEngineImpl.eval(GroovyScriptEngineImpl.java:320) ~[groovy-jsr223-3.0.20.jar:3.0.20]
	at org.codehaus.groovy.jsr223.GroovyCompiledScript.eval(GroovyCompiledScript.java:71) ~[groovy-jsr223-3.0.20.jar:3.0.20]
	at java.scripting/javax.script.CompiledScript.eval(CompiledScript.java:93) ~[java.scripting:?]
	at org.apache.jmeter.util.JSR223TestElement.processFileOrScript(JSR223TestElement.java:230) ~[ApacheJMeter_core.jar:5.6.3]
	at org.apache.jmeter.assertions.JSR223Assertion.getResult(JSR223Assertion.java:50) ~[ApacheJMeter_components.jar:5.6.3]
	at org.apache.jmeter.threads.JMeterThread.processAssertion(JMeterThread.java:949) ~[ApacheJMeter_core.jar:5.6.3]
	at org.apache.jmeter.threads.JMeterThread.checkAssertions(JMeterThread.java:918) ~[ApacheJMeter_core.jar:5.6.3]
	at org.apache.jmeter.threads.JMeterThread.executeSamplePackage(JMeterThread.java:586) ~[ApacheJMeter_core.jar:5.6.3]
	at org.apache.jmeter.threads.JMeterThread.processSampler(JMeterThread.java:501) ~[ApacheJMeter_core.jar:5.6.3]
	at org.apache.jmeter.threads.JMeterThread.run(JMeterThread.java:268) ~[ApacheJMeter_core.jar:5.6.3]
	at java.base/java.lang.Thread.run(Thread.java:1583) [?:?]
Caused by: groovy.json.JsonException: Unable to determine the current character, it is not a string, number, array, or object

The current character read is '<' with an int value of 60
Unable to determine the current character, it is not a string, number, array, or object
line number 1
index number 0
<!DOCTYPE html>
^
	at org.apache.groovy.json.internal.JsonParserCharArray.decodeValueInternal(JsonParserCharArray.java:202) ~[groovy-json-3.0.20.jar:3.0.20]
	at org.apache.groovy.json.internal.JsonParserCharArray.decodeValue(JsonParserCharArray.java:153) ~[groovy-json-3.0.20.jar:3.0.20]
	at org.apache.groovy.json.internal.JsonParserCharArray.decodeFromChars(JsonParserCharArray.java:43) ~[groovy-json-3.0.20.jar:3.0.20]
	at org.apache.groovy.json.internal.JsonParserCharArray.parse(JsonParserCharArray.java:380) ~[groovy-json-3.0.20.jar:3.0.20]
	at org.apache.groovy.json.internal.BaseJsonParser.parse(BaseJsonParser.java:113) ~[groovy-json-3.0.20.jar:3.0.20]
	at groovy.json.JsonSlurper.parseText(JsonSlurper.java:204) ~[groovy-json-3.0.20.jar:3.0.20]
	at groovy.json.JsonSlurper$parseText.call(Unknown Source) ~[?:?]
	at Script5.run(Script5.groovy:1) ~[?:?]
	at org.codehaus.groovy.jsr223.GroovyScriptEngineImpl.eval(GroovyScriptEngineImpl.java:317) ~[groovy-jsr223-3.0.20.jar:3.0.20]
	... 10 more
2026-08-31 17:33:26,151 ERROR o.a.j.a.JSR223Assertion: Problem in JSR223 script: Validate coupon amounts
javax.script.ScriptException: groovy.json.JsonException: Unable to determine the current character, it is not a string, number, array, or object

The current character read is '<' with an int value of 60
Unable to determine the current character, it is not a string, number, array, or object
line number 1
index number 0
<!DOCTYPE html>
^
	at org.codehaus.groovy.jsr223.GroovyScriptEngineImpl.eval(GroovyScriptEngineImpl.java:320) ~[groovy-jsr223-3.0.20.jar:3.0.20]
	at org.codehaus.groovy.jsr223.GroovyCompiledScript.eval(GroovyCompiledScript.java:71) ~[groovy-jsr223-3.0.20.jar:3.0.20]
	at java.scripting/javax.script.CompiledScript.eval(CompiledScript.java:93) ~[java.scripting:?]
	at org.apache.jmeter.util.JSR223TestElement.processFileOrScript(JSR223TestElement.java:230) ~[ApacheJMeter_core.jar:5.6.3]
	at org.apache.jmeter.assertions.JSR223Assertion.getResult(JSR223Assertion.java:50) ~[ApacheJMeter_components.jar:5.6.3]
	at org.apache.jmeter.threads.JMeterThread.processAssertion(JMeterThread.java:949) ~[ApacheJMeter_core.jar:5.6.3]
	at org.apache.jmeter.threads.JMeterThread.checkAssertions(JMeterThread.java:918) ~[ApacheJMeter_core.jar:5.6.3]
	at org.apache.jmeter.threads.JMeterThread.executeSamplePackage(JMeterThread.java:586) ~[ApacheJMeter_core.jar:5.6.3]
	at org.apache.jmeter.threads.JMeterThread.processSampler(JMeterThread.java:501) ~[ApacheJMeter_core.jar:5.6.3]
	at org.apache.jmeter.threads.JMeterThread.run(JMeterThread.java:268) ~[ApacheJMeter_core.jar:5.6.3]
	at java.base/java.lang.Thread.run(Thread.java:1583) [?:?]
Caused by: groovy.json.JsonException: Unable to determine the current character, it is not a string, number, array, or object

The current character read is '<' with an int value of 60
Unable to determine the current character, it is not a string, number, array, or object
line number 1
index number 0
<!DOCTYPE html>
^
	at org.apache.groovy.json.internal.JsonParserCharArray.decodeValueInternal(JsonParserCharArray.java:202) ~[groovy-json-3.0.20.jar:3.0.20]
	at org.apache.groovy.json.internal.JsonParserCharArray.decodeValue(JsonParserCharArray.java:153) ~[groovy-json-3.0.20.jar:3.0.20]
	at org.apache.groovy.json.internal.JsonParserCharArray.decodeFromChars(JsonParserCharArray.java:43) ~[groovy-json-3.0.20.jar:3.0.20]
	at org.apache.groovy.json.internal.JsonParserCharArray.parse(JsonParserCharArray.java:380) ~[groovy-json-3.0.20.jar:3.0.20]
	at org.apache.groovy.json.internal.BaseJsonParser.parse(BaseJsonParser.java:113) ~[groovy-json-3.0.20.jar:3.0.20]
	at groovy.json.JsonSlurper.parseText(JsonSlurper.java:204) ~[groovy-json-3.0.20.jar:3.0.20]
	at groovy.json.JsonSlurper$parseText.call(Unknown Source) ~[?:?]
	at Script5.run(Script5.groovy:1) ~[?:?]
	at org.codehaus.groovy.jsr223.GroovyScriptEngineImpl.eval(GroovyScriptEngineImpl.java:317) ~[groovy-jsr223-3.0.20.jar:3.0.20]
	... 10 more
2026-08-31 17:33:26,426 ERROR o.a.j.a.JSR223Assertion: Problem in JSR223 script: Validate coupon amounts
javax.script.ScriptException: groovy.json.JsonException: Unable to determine the current character, it is not a string, number, array, or object

The current character read is '<' with an int value of 60
Unable to determine the current character, it is not a string, number, array, or object
line number 1
index number 0
<!DOCTYPE html>
^
	at org.codehaus.groovy.jsr223.GroovyScriptEngineImpl.eval(GroovyScriptEngineImpl.java:320) ~[groovy-jsr223-3.0.20.jar:3.0.20]
	at org.codehaus.groovy.jsr223.GroovyCompiledScript.eval(GroovyCompiledScript.java:71) ~[groovy-jsr223-3.0.20.jar:3.0.20]
	at java.scripting/javax.script.CompiledScript.eval(CompiledScript.java:93) ~[java.scripting:?]
	at org.apache.jmeter.util.JSR223TestElement.processFileOrScript(JSR223TestElement.java:230) ~[ApacheJMeter_core.jar:5.6.3]
	at org.apache.jmeter.assertions.JSR223Assertion.getResult(JSR223Assertion.java:50) ~[ApacheJMeter_components.jar:5.6.3]
	at org.apache.jmeter.threads.JMeterThread.processAssertion(JMeterThread.java:949) ~[ApacheJMeter_core.jar:5.6.3]
	at org.apache.jmeter.threads.JMeterThread.checkAssertions(JMeterThread.java:918) ~[ApacheJMeter_core.jar:5.6.3]
	at org.apache.jmeter.threads.JMeterThread.executeSamplePackage(JMeterThread.java:586) ~[ApacheJMeter_core.jar:5.6.3]
	at org.apache.jmeter.threads.JMeterThread.processSampler(JMeterThread.java:501) ~[ApacheJMeter_core.jar:5.6.3]
	at org.apache.jmeter.threads.JMeterThread.run(JMeterThread.java:268) ~[ApacheJMeter_core.jar:5.6.3]
	at java.base/java.lang.Thread.run(Thread.java:1583) [?:?]
Caused by: groovy.json.JsonException: Unable to determine the current character, it is not a string, number, array, or object

The current character read is '<' with an int value of 60
Unable to determine the current character, it is not a string, number, array, or object
line number 1
index number 0
<!DOCTYPE html>
^
	at org.apache.groovy.json.internal.JsonParserCharArray.decodeValueInternal(JsonParserCharArray.java:202) ~[groovy-json-3.0.20.jar:3.0.20]
	at org.apache.groovy.json.internal.JsonParserCharArray.decodeValue(JsonParserCharArray.java:153) ~[groovy-json-3.0.20.jar:3.0.20]
	at org.apache.groovy.json.internal.JsonParserCharArray.decodeFromChars(JsonParserCharArray.java:43) ~[groovy-json-3.0.20.jar:3.0.20]
	at org.apache.groovy.json.internal.JsonParserCharArray.parse(JsonParserCharArray.java:380) ~[groovy-json-3.0.20.jar:3.0.20]
	at org.apache.groovy.json.internal.BaseJsonParser.parse(BaseJsonParser.java:113) ~[groovy-json-3.0.20.jar:3.0.20]
	at groovy.json.JsonSlurper.parseText(JsonSlurper.java:204) ~[groovy-json-3.0.20.jar:3.0.20]
	at groovy.json.JsonSlurper$parseText.call(Unknown Source) ~[?:?]
	at Script5.run(Script5.groovy:1) ~[?:?]
	at org.codehaus.groovy.jsr223.GroovyScriptEngineImpl.eval(GroovyScriptEngineImpl.java:317) ~[groovy-jsr223-3.0.20.jar:3.0.20]
	... 10 more
2026-08-31 17:33:26,974 ERROR o.a.j.a.JSR223Assertion: Problem in JSR223 script: Validate coupon amounts
javax.script.ScriptException: groovy.json.JsonException: Unable to determine the current character, it is not a string, number, array, or object

The current character read is '<' with an int value of 60
Unable to determine the current character, it is not a string, number, array, or object
line number 1
index number 0
<!DOCTYPE html>
^
	at org.codehaus.groovy.jsr223.GroovyScriptEngineImpl.eval(GroovyScriptEngineImpl.java:320) ~[groovy-jsr223-3.0.20.jar:3.0.20]
	at org.codehaus.groovy.jsr223.GroovyCompiledScript.eval(GroovyCompiledScript.java:71) ~[groovy-jsr223-3.0.20.jar:3.0.20]
	at java.scripting/javax.script.CompiledScript.eval(CompiledScript.java:93) ~[java.scripting:?]
	at org.apache.jmeter.util.JSR223TestElement.processFileOrScript(JSR223TestElement.java:230) ~[ApacheJMeter_core.jar:5.6.3]
	at org.apache.jmeter.assertions.JSR223Assertion.getResult(JSR223Assertion.java:50) ~[ApacheJMeter_components.jar:5.6.3]
	at org.apache.jmeter.threads.JMeterThread.processAssertion(JMeterThread.java:949) ~[ApacheJMeter_core.jar:5.6.3]
	at org.apache.jmeter.threads.JMeterThread.checkAssertions(JMeterThread.java:918) ~[ApacheJMeter_core.jar:5.6.3]
	at org.apache.jmeter.threads.JMeterThread.executeSamplePackage(JMeterThread.java:586) ~[ApacheJMeter_core.jar:5.6.3]
	at org.apache.jmeter.threads.JMeterThread.processSampler(JMeterThread.java:501) ~[ApacheJMeter_core.jar:5.6.3]
	at org.apache.jmeter.threads.JMeterThread.run(JMeterThread.java:268) ~[ApacheJMeter_core.jar:5.6.3]
	at java.base/java.lang.Thread.run(Thread.java:1583) [?:?]
Caused by: groovy.json.JsonException: Unable to determine the current character, it is not a string, number, array, or object

The current character read is '<' with an int value of 60
Unable to determine the current character, it is not a string, number, array, or object
line number 1
index number 0
<!DOCTYPE html>
^
	at org.apache.groovy.json.internal.JsonParserCharArray.decodeValueInternal(JsonParserCharArray.java:202) ~[groovy-json-3.0.20.jar:3.0.20]
	at org.apache.groovy.json.internal.JsonParserCharArray.decodeValue(JsonParserCharArray.java:153) ~[groovy-json-3.0.20.jar:3.0.20]
	at org.apache.groovy.json.internal.JsonParserCharArray.decodeFromChars(JsonParserCharArray.java:43) ~[groovy-json-3.0.20.jar:3.0.20]
	at org.apache.groovy.json.internal.JsonParserCharArray.parse(JsonParserCharArray.java:380) ~[groovy-json-3.0.20.jar:3.0.20]
	at org.apache.groovy.json.internal.BaseJsonParser.parse(BaseJsonParser.java:113) ~[groovy-json-3.0.20.jar:3.0.20]
	at groovy.json.JsonSlurper.parseText(JsonSlurper.java:204) ~[groovy-json-3.0.20.jar:3.0.20]
	at groovy.json.JsonSlurper$parseText.call(Unknown Source) ~[?:?]
	at Script5.run(Script5.groovy:1) ~[?:?]
	at org.codehaus.groovy.jsr223.GroovyScriptEngineImpl.eval(GroovyScriptEngineImpl.java:317) ~[groovy-jsr223-3.0.20.jar:3.0.20]
	... 10 more
2026-08-31 17:33:27,073 ERROR o.a.j.a.JSR223Assertion: Problem in JSR223 script: Validate coupon amounts
javax.script.ScriptException: groovy.json.JsonException: Unable to determine the current character, it is not a string, number, array, or object

The current character read is '<' with an int value of 60
Unable to determine the current character, it is not a string, number, array, or object
line number 1
index number 0
<!DOCTYPE html>
^
	at org.codehaus.groovy.jsr223.GroovyScriptEngineImpl.eval(GroovyScriptEngineImpl.java:320) ~[groovy-jsr223-3.0.20.jar:3.0.20]
	at org.codehaus.groovy.jsr223.GroovyCompiledScript.eval(GroovyCompiledScript.java:71) ~[groovy-jsr223-3.0.20.jar:3.0.20]
	at java.scripting/javax.script.CompiledScript.eval(CompiledScript.java:93) ~[java.scripting:?]
	at org.apache.jmeter.util.JSR223TestElement.processFileOrScript(JSR223TestElement.java:230) ~[ApacheJMeter_core.jar:5.6.3]
	at org.apache.jmeter.assertions.JSR223Assertion.getResult(JSR223Assertion.java:50) ~[ApacheJMeter_components.jar:5.6.3]
	at org.apache.jmeter.threads.JMeterThread.processAssertion(JMeterThread.java:949) ~[ApacheJMeter_core.jar:5.6.3]
	at org.apache.jmeter.threads.JMeterThread.checkAssertions(JMeterThread.java:918) ~[ApacheJMeter_core.jar:5.6.3]
	at org.apache.jmeter.threads.JMeterThread.executeSamplePackage(JMeterThread.java:586) ~[ApacheJMeter_core.jar:5.6.3]
	at org.apache.jmeter.threads.JMeterThread.processSampler(JMeterThread.java:501) ~[ApacheJMeter_core.jar:5.6.3]
	at org.apache.jmeter.threads.JMeterThread.run(JMeterThread.java:268) ~[ApacheJMeter_core.jar:5.6.3]
	at java.base/java.lang.Thread.run(Thread.java:1583) [?:?]
Caused by: groovy.json.JsonException: Unable to determine the current character, it is not a string, number, array, or object

The current character read is '<' with an int value of 60
Unable to determine the current character, it is not a string, number, array, or object
line number 1
index number 0
<!DOCTYPE html>
^
	at org.apache.groovy.json.internal.JsonParserCharArray.decodeValueInternal(JsonParserCharArray.java:202) ~[groovy-json-3.0.20.jar:3.0.20]
	at org.apache.groovy.json.internal.JsonParserCharArray.decodeValue(JsonParserCharArray.java:153) ~[groovy-json-3.0.20.jar:3.0.20]
	at org.apache.groovy.json.internal.JsonParserCharArray.decodeFromChars(JsonParserCharArray.java:43) ~[groovy-json-3.0.20.jar:3.0.20]
	at org.apache.groovy.json.internal.JsonParserCharArray.parse(JsonParserCharArray.java:380) ~[groovy-json-3.0.20.jar:3.0.20]
	at org.apache.groovy.json.internal.BaseJsonParser.parse(BaseJsonParser.java:113) ~[groovy-json-3.0.20.jar:3.0.20]
	at groovy.json.JsonSlurper.parseText(JsonSlurper.java:204) ~[groovy-json-3.0.20.jar:3.0.20]
	at groovy.json.JsonSlurper$parseText.call(Unknown Source) ~[?:?]
	at Script5.run(Script5.groovy:1) ~[?:?]
	at org.codehaus.groovy.jsr223.GroovyScriptEngineImpl.eval(GroovyScriptEngineImpl.java:317) ~[groovy-jsr223-3.0.20.jar:3.0.20]
	... 10 more
2026-08-31 17:33:27,725 ERROR o.a.j.a.JSR223Assertion: Problem in JSR223 script: Validate coupon amounts
javax.script.ScriptException: groovy.json.JsonException: Unable to determine the current character, it is not a string, number, array, or object

The current character read is '<' with an int value of 60
Unable to determine the current character, it is not a string, number, array, or object
line number 1
index number 0
<!DOCTYPE html>
^
	at org.codehaus.groovy.jsr223.GroovyScriptEngineImpl.eval(GroovyScriptEngineImpl.java:320) ~[groovy-jsr223-3.0.20.jar:3.0.20]
	at org.codehaus.groovy.jsr223.GroovyCompiledScript.eval(GroovyCompiledScript.java:71) ~[groovy-jsr223-3.0.20.jar:3.0.20]
	at java.scripting/javax.script.CompiledScript.eval(CompiledScript.java:93) ~[java.scripting:?]
	at org.apache.jmeter.util.JSR223TestElement.processFileOrScript(JSR223TestElement.java:230) ~[ApacheJMeter_core.jar:5.6.3]
	at org.apache.jmeter.assertions.JSR223Assertion.getResult(JSR223Assertion.java:50) ~[ApacheJMeter_components.jar:5.6.3]
	at org.apache.jmeter.threads.JMeterThread.processAssertion(JMeterThread.java:949) ~[ApacheJMeter_core.jar:5.6.3]
	at org.apache.jmeter.threads.JMeterThread.checkAssertions(JMeterThread.java:918) ~[ApacheJMeter_core.jar:5.6.3]
	at org.apache.jmeter.threads.JMeterThread.executeSamplePackage(JMeterThread.java:586) ~[ApacheJMeter_core.jar:5.6.3]
	at org.apache.jmeter.threads.JMeterThread.processSampler(JMeterThread.java:501) ~[ApacheJMeter_core.jar:5.6.3]
	at org.apache.jmeter.threads.JMeterThread.run(JMeterThread.java:268) ~[ApacheJMeter_core.jar:5.6.3]
	at java.base/java.lang.Thread.run(Thread.java:1583) [?:?]
Caused by: groovy.json.JsonException: Unable to determine the current character, it is not a string, number, array, or object

The current character read is '<' with an int value of 60
Unable to determine the current character, it is not a string, number, array, or object
line number 1
index number 0
<!DOCTYPE html>
^
	at org.apache.groovy.json.internal.JsonParserCharArray.decodeValueInternal(JsonParserCharArray.java:202) ~[groovy-json-3.0.20.jar:3.0.20]
	at org.apache.groovy.json.internal.JsonParserCharArray.decodeValue(JsonParserCharArray.java:153) ~[groovy-json-3.0.20.jar:3.0.20]
	at org.apache.groovy.json.internal.JsonParserCharArray.decodeFromChars(JsonParserCharArray.java:43) ~[groovy-json-3.0.20.jar:3.0.20]
	at org.apache.groovy.json.internal.JsonParserCharArray.parse(JsonParserCharArray.java:380) ~[groovy-json-3.0.20.jar:3.0.20]
	at org.apache.groovy.json.internal.BaseJsonParser.parse(BaseJsonParser.java:113) ~[groovy-json-3.0.20.jar:3.0.20]
	at groovy.json.JsonSlurper.parseText(JsonSlurper.java:204) ~[groovy-json-3.0.20.jar:3.0.20]
	at groovy.json.JsonSlurper$parseText.call(Unknown Source) ~[?:?]
	at Script5.run(Script5.groovy:1) ~[?:?]
	at org.codehaus.groovy.jsr223.GroovyScriptEngineImpl.eval(GroovyScriptEngineImpl.java:317) ~[groovy-jsr223-3.0.20.jar:3.0.20]
	... 10 more
2026-08-31 17:33:27,726 ERROR o.a.j.a.JSR223Assertion: Problem in JSR223 script: Validate coupon amounts
javax.script.ScriptException: groovy.json.JsonException: Unable to determine the current character, it is not a string, number, array, or object

The current character read is '<' with an int value of 60
Unable to determine the current character, it is not a string, number, array, or object
line number 1
index number 0
<!DOCTYPE html>
^
	at org.codehaus.groovy.jsr223.GroovyScriptEngineImpl.eval(GroovyScriptEngineImpl.java:320) ~[groovy-jsr223-3.0.20.jar:3.0.20]
	at org.codehaus.groovy.jsr223.GroovyCompiledScript.eval(GroovyCompiledScript.java:71) ~[groovy-jsr223-3.0.20.jar:3.0.20]
	at java.scripting/javax.script.CompiledScript.eval(CompiledScript.java:93) ~[java.scripting:?]
	at org.apache.jmeter.util.JSR223TestElement.processFileOrScript(JSR223TestElement.java:230) ~[ApacheJMeter_core.jar:5.6.3]
	at org.apache.jmeter.assertions.JSR223Assertion.getResult(JSR223Assertion.java:50) ~[ApacheJMeter_components.jar:5.6.3]
	at org.apache.jmeter.threads.JMeterThread.processAssertion(JMeterThread.java:949) ~[ApacheJMeter_core.jar:5.6.3]
	at org.apache.jmeter.threads.JMeterThread.checkAssertions(JMeterThread.java:918) ~[ApacheJMeter_core.jar:5.6.3]
	at org.apache.jmeter.threads.JMeterThread.executeSamplePackage(JMeterThread.java:586) ~[ApacheJMeter_core.jar:5.6.3]
	at org.apache.jmeter.threads.JMeterThread.processSampler(JMeterThread.java:501) ~[ApacheJMeter_core.jar:5.6.3]
	at org.apache.jmeter.threads.JMeterThread.run(JMeterThread.java:268) ~[ApacheJMeter_core.jar:5.6.3]
	at java.base/java.lang.Thread.run(Thread.java:1583) [?:?]
Caused by: groovy.json.JsonException: Unable to determine the current character, it is not a string, number, array, or object

The current character read is '<' with an int value of 60
Unable to determine the current character, it is not a string, number, array, or object
line number 1
index number 0
<!DOCTYPE html>
^
	at org.apache.groovy.json.internal.JsonParserCharArray.decodeValueInternal(JsonParserCharArray.java:202) ~[groovy-json-3.0.20.jar:3.0.20]
	at org.apache.groovy.json.internal.JsonParserCharArray.decodeValue(JsonParserCharArray.java:153) ~[groovy-json-3.0.20.jar:3.0.20]
	at org.apache.groovy.json.internal.JsonParserCharArray.decodeFromChars(JsonParserCharArray.java:43) ~[groovy-json-3.0.20.jar:3.0.20]
	at org.apache.groovy.json.internal.JsonParserCharArray.parse(JsonParserCharArray.java:380) ~[groovy-json-3.0.20.jar:3.0.20]
	at org.apache.groovy.json.internal.BaseJsonParser.parse(BaseJsonParser.java:113) ~[groovy-json-3.0.20.jar:3.0.20]
	at groovy.json.JsonSlurper.parseText(JsonSlurper.java:204) ~[groovy-json-3.0.20.jar:3.0.20]
	at groovy.json.JsonSlurper$parseText.call(Unknown Source) ~[?:?]
	at Script5.run(Script5.groovy:1) ~[?:?]
	at org.codehaus.groovy.jsr223.GroovyScriptEngineImpl.eval(GroovyScriptEngineImpl.java:317) ~[groovy-jsr223-3.0.20.jar:3.0.20]
	... 10 more
2026-08-31 17:33:28,206 ERROR o.a.j.a.JSR223Assertion: Problem in JSR223 script: Validate coupon amounts
javax.script.ScriptException: groovy.json.JsonException: Unable to determine the current character, it is not a string, number, array, or object

The current character read is '<' with an int value of 60
Unable to determine the current character, it is not a string, number, array, or object
line number 1
index number 0
<!DOCTYPE html>
^
	at org.codehaus.groovy.jsr223.GroovyScriptEngineImpl.eval(GroovyScriptEngineImpl.java:320) ~[groovy-jsr223-3.0.20.jar:3.0.20]
	at org.codehaus.groovy.jsr223.GroovyCompiledScript.eval(GroovyCompiledScript.java:71) ~[groovy-jsr223-3.0.20.jar:3.0.20]
	at java.scripting/javax.script.CompiledScript.eval(CompiledScript.java:93) ~[java.scripting:?]
	at org.apache.jmeter.util.JSR223TestElement.processFileOrScript(JSR223TestElement.java:230) ~[ApacheJMeter_core.jar:5.6.3]
	at org.apache.jmeter.assertions.JSR223Assertion.getResult(JSR223Assertion.java:50) ~[ApacheJMeter_components.jar:5.6.3]
	at org.apache.jmeter.threads.JMeterThread.processAssertion(JMeterThread.java:949) ~[ApacheJMeter_core.jar:5.6.3]
	at org.apache.jmeter.threads.JMeterThread.checkAssertions(JMeterThread.java:918) ~[ApacheJMeter_core.jar:5.6.3]
	at org.apache.jmeter.threads.JMeterThread.executeSamplePackage(JMeterThread.java:586) ~[ApacheJMeter_core.jar:5.6.3]
	at org.apache.jmeter.threads.JMeterThread.processSampler(JMeterThread.java:501) ~[ApacheJMeter_core.jar:5.6.3]
	at org.apache.jmeter.threads.JMeterThread.run(JMeterThread.java:268) ~[ApacheJMeter_core.jar:5.6.3]
	at java.base/java.lang.Thread.run(Thread.java:1583) [?:?]
Caused by: groovy.json.JsonException: Unable to determine the current character, it is not a string, number, array, or object

The current character read is '<' with an int value of 60
Unable to determine the current character, it is not a string, number, array, or object
line number 1
index number 0
<!DOCTYPE html>
^
	at org.apache.groovy.json.internal.JsonParserCharArray.decodeValueInternal(JsonParserCharArray.java:202) ~[groovy-json-3.0.20.jar:3.0.20]
	at org.apache.groovy.json.internal.JsonParserCharArray.decodeValue(JsonParserCharArray.java:153) ~[groovy-json-3.0.20.jar:3.0.20]
	at org.apache.groovy.json.internal.JsonParserCharArray.decodeFromChars(JsonParserCharArray.java:43) ~[groovy-json-3.0.20.jar:3.0.20]
	at org.apache.groovy.json.internal.JsonParserCharArray.parse(JsonParserCharArray.java:380) ~[groovy-json-3.0.20.jar:3.0.20]
	at org.apache.groovy.json.internal.BaseJsonParser.parse(BaseJsonParser.java:113) ~[groovy-json-3.0.20.jar:3.0.20]
	at groovy.json.JsonSlurper.parseText(JsonSlurper.java:204) ~[groovy-json-3.0.20.jar:3.0.20]
	at groovy.json.JsonSlurper$parseText.call(Unknown Source) ~[?:?]
	at Script5.run(Script5.groovy:1) ~[?:?]
	at org.codehaus.groovy.jsr223.GroovyScriptEngineImpl.eval(GroovyScriptEngineImpl.java:317) ~[groovy-jsr223-3.0.20.jar:3.0.20]
	... 10 more
2026-08-31 17:33:28,860 ERROR o.a.j.a.JSR223Assertion: Problem in JSR223 script: Validate coupon amounts
javax.script.ScriptException: groovy.json.JsonException: Unable to determine the current character, it is not a string, number, array, or object

The current character read is '<' with an int value of 60
Unable to determine the current character, it is not a string, number, array, or object
line number 1
index number 0
<!DOCTYPE html>
^
	at org.codehaus.groovy.jsr223.GroovyScriptEngineImpl.eval(GroovyScriptEngineImpl.java:320) ~[groovy-jsr223-3.0.20.jar:3.0.20]
	at org.codehaus.groovy.jsr223.GroovyCompiledScript.eval(GroovyCompiledScript.java:71) ~[groovy-jsr223-3.0.20.jar:3.0.20]
	at java.scripting/javax.script.CompiledScript.eval(CompiledScript.java:93) ~[java.scripting:?]
	at org.apache.jmeter.util.JSR223TestElement.processFileOrScript(JSR223TestElement.java:230) ~[ApacheJMeter_core.jar:5.6.3]
	at org.apache.jmeter.assertions.JSR223Assertion.getResult(JSR223Assertion.java:50) ~[ApacheJMeter_components.jar:5.6.3]
	at org.apache.jmeter.threads.JMeterThread.processAssertion(JMeterThread.java:949) ~[ApacheJMeter_core.jar:5.6.3]
	at org.apache.jmeter.threads.JMeterThread.checkAssertions(JMeterThread.java:918) ~[ApacheJMeter_core.jar:5.6.3]
	at org.apache.jmeter.threads.JMeterThread.executeSamplePackage(JMeterThread.java:586) ~[ApacheJMeter_core.jar:5.6.3]
	at org.apache.jmeter.threads.JMeterThread.processSampler(JMeterThread.java:501) ~[ApacheJMeter_core.jar:5.6.3]
	at org.apache.jmeter.threads.JMeterThread.run(JMeterThread.java:268) ~[ApacheJMeter_core.jar:5.6.3]
	at java.base/java.lang.Thread.run(Thread.java:1583) [?:?]
Caused by: groovy.json.JsonException: Unable to determine the current character, it is not a string, number, array, or object

The current character read is '<' with an int value of 60
Unable to determine the current character, it is not a string, number, array, or object
line number 1
index number 0
<!DOCTYPE html>
^
	at org.apache.groovy.json.internal.JsonParserCharArray.decodeValueInternal(JsonParserCharArray.java:202) ~[groovy-json-3.0.20.jar:3.0.20]
	at org.apache.groovy.json.internal.JsonParserCharArray.decodeValue(JsonParserCharArray.java:153) ~[groovy-json-3.0.20.jar:3.0.20]
	at org.apache.groovy.json.internal.JsonParserCharArray.decodeFromChars(JsonParserCharArray.java:43) ~[groovy-json-3.0.20.jar:3.0.20]
	at org.apache.groovy.json.internal.JsonParserCharArray.parse(JsonParserCharArray.java:380) ~[groovy-json-3.0.20.jar:3.0.20]
	at org.apache.groovy.json.internal.BaseJsonParser.parse(BaseJsonParser.java:113) ~[groovy-json-3.0.20.jar:3.0.20]
	at groovy.json.JsonSlurper.parseText(JsonSlurper.java:204) ~[groovy-json-3.0.20.jar:3.0.20]
	at groovy.json.JsonSlurper$parseText.call(Unknown Source) ~[?:?]
	at Script5.run(Script5.groovy:1) ~[?:?]
	at org.codehaus.groovy.jsr223.GroovyScriptEngineImpl.eval(GroovyScriptEngineImpl.java:317) ~[groovy-jsr223-3.0.20.jar:3.0.20]
	... 10 more
2026-08-31 17:33:29,022 ERROR o.a.j.a.JSR223Assertion: Problem in JSR223 script: Validate coupon amounts
javax.script.ScriptException: groovy.json.JsonException: Unable to determine the current character, it is not a string, number, array, or object

The current character read is '<' with an int value of 60
Unable to determine the current character, it is not a string, number, array, or object
line number 1
index number 0
<!DOCTYPE html>
^
	at org.codehaus.groovy.jsr223.GroovyScriptEngineImpl.eval(GroovyScriptEngineImpl.java:320) ~[groovy-jsr223-3.0.20.jar:3.0.20]
	at org.codehaus.groovy.jsr223.GroovyCompiledScript.eval(GroovyCompiledScript.java:71) ~[groovy-jsr223-3.0.20.jar:3.0.20]
	at java.scripting/javax.script.CompiledScript.eval(CompiledScript.java:93) ~[java.scripting:?]
	at org.apache.jmeter.util.JSR223TestElement.processFileOrScript(JSR223TestElement.java:230) ~[ApacheJMeter_core.jar:5.6.3]
	at org.apache.jmeter.assertions.JSR223Assertion.getResult(JSR223Assertion.java:50) ~[ApacheJMeter_components.jar:5.6.3]
	at org.apache.jmeter.threads.JMeterThread.processAssertion(JMeterThread.java:949) ~[ApacheJMeter_core.jar:5.6.3]
	at org.apache.jmeter.threads.JMeterThread.checkAssertions(JMeterThread.java:918) ~[ApacheJMeter_core.jar:5.6.3]
	at org.apache.jmeter.threads.JMeterThread.executeSamplePackage(JMeterThread.java:586) ~[ApacheJMeter_core.jar:5.6.3]
	at org.apache.jmeter.threads.JMeterThread.processSampler(JMeterThread.java:501) ~[ApacheJMeter_core.jar:5.6.3]
	at org.apache.jmeter.threads.JMeterThread.run(JMeterThread.java:268) ~[ApacheJMeter_core.jar:5.6.3]
	at java.base/java.lang.Thread.run(Thread.java:1583) [?:?]
Caused by: groovy.json.JsonException: Unable to determine the current character, it is not a string, number, array, or object

The current character read is '<' with an int value of 60
Unable to determine the current character, it is not a string, number, array, or object
line number 1
index number 0
<!DOCTYPE html>
^
	at org.apache.groovy.json.internal.JsonParserCharArray.decodeValueInternal(JsonParserCharArray.java:202) ~[groovy-json-3.0.20.jar:3.0.20]
	at org.apache.groovy.json.internal.JsonParserCharArray.decodeValue(JsonParserCharArray.java:153) ~[groovy-json-3.0.20.jar:3.0.20]
	at org.apache.groovy.json.internal.JsonParserCharArray.decodeFromChars(JsonParserCharArray.java:43) ~[groovy-json-3.0.20.jar:3.0.20]
	at org.apache.groovy.json.internal.JsonParserCharArray.parse(JsonParserCharArray.java:380) ~[groovy-json-3.0.20.jar:3.0.20]
	at org.apache.groovy.json.internal.BaseJsonParser.parse(BaseJsonParser.java:113) ~[groovy-json-3.0.20.jar:3.0.20]
	at groovy.json.JsonSlurper.parseText(JsonSlurper.java:204) ~[groovy-json-3.0.20.jar:3.0.20]
	at groovy.json.JsonSlurper$parseText.call(Unknown Source) ~[?:?]
	at Script5.run(Script5.groovy:1) ~[?:?]
	at org.codehaus.groovy.jsr223.GroovyScriptEngineImpl.eval(GroovyScriptEngineImpl.java:317) ~[groovy-jsr223-3.0.20.jar:3.0.20]
	... 10 more
2026-08-31 17:33:29,291 ERROR o.a.j.a.JSR223Assertion: Problem in JSR223 script: Validate coupon amounts
javax.script.ScriptException: groovy.json.JsonException: Unable to determine the current character, it is not a string, number, array, or object

The current character read is '<' with an int value of 60
Unable to determine the current character, it is not a string, number, array, or object
line number 1
index number 0
<!DOCTYPE html>
^
	at org.codehaus.groovy.jsr223.GroovyScriptEngineImpl.eval(GroovyScriptEngineImpl.java:320) ~[groovy-jsr223-3.0.20.jar:3.0.20]
	at org.codehaus.groovy.jsr223.GroovyCompiledScript.eval(GroovyCompiledScript.java:71) ~[groovy-jsr223-3.0.20.jar:3.0.20]
	at java.scripting/javax.script.CompiledScript.eval(CompiledScript.java:93) ~[java.scripting:?]
	at org.apache.jmeter.util.JSR223TestElement.processFileOrScript(JSR223TestElement.java:230) ~[ApacheJMeter_core.jar:5.6.3]
	at org.apache.jmeter.assertions.JSR223Assertion.getResult(JSR223Assertion.java:50) ~[ApacheJMeter_components.jar:5.6.3]
	at org.apache.jmeter.threads.JMeterThread.processAssertion(JMeterThread.java:949) ~[ApacheJMeter_core.jar:5.6.3]
	at org.apache.jmeter.threads.JMeterThread.checkAssertions(JMeterThread.java:918) ~[ApacheJMeter_core.jar:5.6.3]
	at org.apache.jmeter.threads.JMeterThread.executeSamplePackage(JMeterThread.java:586) ~[ApacheJMeter_core.jar:5.6.3]
	at org.apache.jmeter.threads.JMeterThread.processSampler(JMeterThread.java:501) ~[ApacheJMeter_core.jar:5.6.3]
	at org.apache.jmeter.threads.JMeterThread.run(JMeterThread.java:268) ~[ApacheJMeter_core.jar:5.6.3]
	at java.base/java.lang.Thread.run(Thread.java:1583) [?:?]
Caused by: groovy.json.JsonException: Unable to determine the current character, it is not a string, number, array, or object

The current character read is '<' with an int value of 60
Unable to determine the current character, it is not a string, number, array, or object
line number 1
index number 0
<!DOCTYPE html>
^
	at org.apache.groovy.json.internal.JsonParserCharArray.decodeValueInternal(JsonParserCharArray.java:202) ~[groovy-json-3.0.20.jar:3.0.20]
	at org.apache.groovy.json.internal.JsonParserCharArray.decodeValue(JsonParserCharArray.java:153) ~[groovy-json-3.0.20.jar:3.0.20]
	at org.apache.groovy.json.internal.JsonParserCharArray.decodeFromChars(JsonParserCharArray.java:43) ~[groovy-json-3.0.20.jar:3.0.20]
	at org.apache.groovy.json.internal.JsonParserCharArray.parse(JsonParserCharArray.java:380) ~[groovy-json-3.0.20.jar:3.0.20]
	at org.apache.groovy.json.internal.BaseJsonParser.parse(BaseJsonParser.java:113) ~[groovy-json-3.0.20.jar:3.0.20]
	at groovy.json.JsonSlurper.parseText(JsonSlurper.java:204) ~[groovy-json-3.0.20.jar:3.0.20]
	at groovy.json.JsonSlurper$parseText.call(Unknown Source) ~[?:?]
	at Script5.run(Script5.groovy:1) ~[?:?]
	at org.codehaus.groovy.jsr223.GroovyScriptEngineImpl.eval(GroovyScriptEngineImpl.java:317) ~[groovy-jsr223-3.0.20.jar:3.0.20]
	... 10 more
2026-08-31 17:33:29,808 ERROR o.a.j.a.JSR223Assertion: Problem in JSR223 script: Validate coupon amounts
javax.script.ScriptException: groovy.json.JsonException: Unable to determine the current character, it is not a string, number, array, or object

The current character read is '<' with an int value of 60
Unable to determine the current character, it is not a string, number, array, or object
line number 1
index number 0
<!DOCTYPE html>
^
	at org.codehaus.groovy.jsr223.GroovyScriptEngineImpl.eval(GroovyScriptEngineImpl.java:320) ~[groovy-jsr223-3.0.20.jar:3.0.20]
	at org.codehaus.groovy.jsr223.GroovyCompiledScript.eval(GroovyCompiledScript.java:71) ~[groovy-jsr223-3.0.20.jar:3.0.20]
	at java.scripting/javax.script.CompiledScript.eval(CompiledScript.java:93) ~[java.scripting:?]
	at org.apache.jmeter.util.JSR223TestElement.processFileOrScript(JSR223TestElement.java:230) ~[ApacheJMeter_core.jar:5.6.3]
	at org.apache.jmeter.assertions.JSR223Assertion.getResult(JSR223Assertion.java:50) ~[ApacheJMeter_components.jar:5.6.3]
	at org.apache.jmeter.threads.JMeterThread.processAssertion(JMeterThread.java:949) ~[ApacheJMeter_core.jar:5.6.3]
	at org.apache.jmeter.threads.JMeterThread.checkAssertions(JMeterThread.java:918) ~[ApacheJMeter_core.jar:5.6.3]
	at org.apache.jmeter.threads.JMeterThread.executeSamplePackage(JMeterThread.java:586) ~[ApacheJMeter_core.jar:5.6.3]
	at org.apache.jmeter.threads.JMeterThread.processSampler(JMeterThread.java:501) ~[ApacheJMeter_core.jar:5.6.3]
	at org.apache.jmeter.threads.JMeterThread.run(JMeterThread.java:268) ~[ApacheJMeter_core.jar:5.6.3]
	at java.base/java.lang.Thread.run(Thread.java:1583) [?:?]
Caused by: groovy.json.JsonException: Unable to determine the current character, it is not a string, number, array, or object

The current character read is '<' with an int value of 60
Unable to determine the current character, it is not a string, number, array, or object
line number 1
index number 0
<!DOCTYPE html>
^
	at org.apache.groovy.json.internal.JsonParserCharArray.decodeValueInternal(JsonParserCharArray.java:202) ~[groovy-json-3.0.20.jar:3.0.20]
	at org.apache.groovy.json.internal.JsonParserCharArray.decodeValue(JsonParserCharArray.java:153) ~[groovy-json-3.0.20.jar:3.0.20]
	at org.apache.groovy.json.internal.JsonParserCharArray.decodeFromChars(JsonParserCharArray.java:43) ~[groovy-json-3.0.20.jar:3.0.20]
	at org.apache.groovy.json.internal.JsonParserCharArray.parse(JsonParserCharArray.java:380) ~[groovy-json-3.0.20.jar:3.0.20]
	at org.apache.groovy.json.internal.BaseJsonParser.parse(BaseJsonParser.java:113) ~[groovy-json-3.0.20.jar:3.0.20]
	at groovy.json.JsonSlurper.parseText(JsonSlurper.java:204) ~[groovy-json-3.0.20.jar:3.0.20]
	at groovy.json.JsonSlurper$parseText.call(Unknown Source) ~[?:?]
	at Script5.run(Script5.groovy:1) ~[?:?]
	at org.codehaus.groovy.jsr223.GroovyScriptEngineImpl.eval(GroovyScriptEngineImpl.java:317) ~[groovy-jsr223-3.0.20.jar:3.0.20]
	... 10 more
2026-08-31 17:33:29,814 ERROR o.a.j.a.JSR223Assertion: Problem in JSR223 script: Validate coupon amounts
javax.script.ScriptException: groovy.json.JsonException: Unable to determine the current character, it is not a string, number, array, or object

The current character read is '<' with an int value of 60
Unable to determine the current character, it is not a string, number, array, or object
line number 1
index number 0
<!DOCTYPE html>
^
	at org.codehaus.groovy.jsr223.GroovyScriptEngineImpl.eval(GroovyScriptEngineImpl.java:320) ~[groovy-jsr223-3.0.20.jar:3.0.20]
	at org.codehaus.groovy.jsr223.GroovyCompiledScript.eval(GroovyCompiledScript.java:71) ~[groovy-jsr223-3.0.20.jar:3.0.20]
	at java.scripting/javax.script.CompiledScript.eval(CompiledScript.java:93) ~[java.scripting:?]
	at org.apache.jmeter.util.JSR223TestElement.processFileOrScript(JSR223TestElement.java:230) ~[ApacheJMeter_core.jar:5.6.3]
	at org.apache.jmeter.assertions.JSR223Assertion.getResult(JSR223Assertion.java:50) ~[ApacheJMeter_components.jar:5.6.3]
	at org.apache.jmeter.threads.JMeterThread.processAssertion(JMeterThread.java:949) ~[ApacheJMeter_core.jar:5.6.3]
	at org.apache.jmeter.threads.JMeterThread.checkAssertions(JMeterThread.java:918) ~[ApacheJMeter_core.jar:5.6.3]
	at org.apache.jmeter.threads.JMeterThread.executeSamplePackage(JMeterThread.java:586) ~[ApacheJMeter_core.jar:5.6.3]
	at org.apache.jmeter.threads.JMeterThread.processSampler(JMeterThread.java:501) ~[ApacheJMeter_core.jar:5.6.3]
	at org.apache.jmeter.threads.JMeterThread.run(JMeterThread.java:268) ~[ApacheJMeter_core.jar:5.6.3]
	at java.base/java.lang.Thread.run(Thread.java:1583) [?:?]
Caused by: groovy.json.JsonException: Unable to determine the current character, it is not a string, number, array, or object

The current character read is '<' with an int value of 60
Unable to determine the current character, it is not a string, number, array, or object
line number 1
index number 0
<!DOCTYPE html>
^
	at org.apache.groovy.json.internal.JsonParserCharArray.decodeValueInternal(JsonParserCharArray.java:202) ~[groovy-json-3.0.20.jar:3.0.20]
	at org.apache.groovy.json.internal.JsonParserCharArray.decodeValue(JsonParserCharArray.java:153) ~[groovy-json-3.0.20.jar:3.0.20]
	at org.apache.groovy.json.internal.JsonParserCharArray.decodeFromChars(JsonParserCharArray.java:43) ~[groovy-json-3.0.20.jar:3.0.20]
	at org.apache.groovy.json.internal.JsonParserCharArray.parse(JsonParserCharArray.java:380) ~[groovy-json-3.0.20.jar:3.0.20]
	at org.apache.groovy.json.internal.BaseJsonParser.parse(BaseJsonParser.java:113) ~[groovy-json-3.0.20.jar:3.0.20]
	at groovy.json.JsonSlurper.parseText(JsonSlurper.java:204) ~[groovy-json-3.0.20.jar:3.0.20]
	at groovy.json.JsonSlurper$parseText.call(Unknown Source) ~[?:?]
	at Script5.run(Script5.groovy:1) ~[?:?]
	at org.codehaus.groovy.jsr223.GroovyScriptEngineImpl.eval(GroovyScriptEngineImpl.java:317) ~[groovy-jsr223-3.0.20.jar:3.0.20]
	... 10 more
2026-08-31 17:33:29,935 ERROR o.a.j.a.JSR223Assertion: Problem in JSR223 script: Validate coupon amounts
javax.script.ScriptException: groovy.json.JsonException: Unable to determine the current character, it is not a string, number, array, or object

The current character read is '<' with an int value of 60
Unable to determine the current character, it is not a string, number, array, or object
line number 1
index number 0
<!DOCTYPE html>
^
	at org.codehaus.groovy.jsr223.GroovyScriptEngineImpl.eval(GroovyScriptEngineImpl.java:320) ~[groovy-jsr223-3.0.20.jar:3.0.20]
	at org.codehaus.groovy.jsr223.GroovyCompiledScript.eval(GroovyCompiledScript.java:71) ~[groovy-jsr223-3.0.20.jar:3.0.20]
	at java.scripting/javax.script.CompiledScript.eval(CompiledScript.java:93) ~[java.scripting:?]
	at org.apache.jmeter.util.JSR223TestElement.processFileOrScript(JSR223TestElement.java:230) ~[ApacheJMeter_core.jar:5.6.3]
	at org.apache.jmeter.assertions.JSR223Assertion.getResult(JSR223Assertion.java:50) ~[ApacheJMeter_components.jar:5.6.3]
	at org.apache.jmeter.threads.JMeterThread.processAssertion(JMeterThread.java:949) ~[ApacheJMeter_core.jar:5.6.3]
	at org.apache.jmeter.threads.JMeterThread.checkAssertions(JMeterThread.java:918) ~[ApacheJMeter_core.jar:5.6.3]
	at org.apache.jmeter.threads.JMeterThread.executeSamplePackage(JMeterThread.java:586) ~[ApacheJMeter_core.jar:5.6.3]
	at org.apache.jmeter.threads.JMeterThread.processSampler(JMeterThread.java:501) ~[ApacheJMeter_core.jar:5.6.3]
	at org.apache.jmeter.threads.JMeterThread.run(JMeterThread.java:268) ~[ApacheJMeter_core.jar:5.6.3]
	at java.base/java.lang.Thread.run(Thread.java:1583) [?:?]
Caused by: groovy.json.JsonException: Unable to determine the current character, it is not a string, number, array, or object

The current character read is '<' with an int value of 60
Unable to determine the current character, it is not a string, number, array, or object
line number 1
index number 0
<!DOCTYPE html>
^
	at org.apache.groovy.json.internal.JsonParserCharArray.decodeValueInternal(JsonParserCharArray.java:202) ~[groovy-json-3.0.20.jar:3.0.20]
	at org.apache.groovy.json.internal.JsonParserCharArray.decodeValue(JsonParserCharArray.java:153) ~[groovy-json-3.0.20.jar:3.0.20]
	at org.apache.groovy.json.internal.JsonParserCharArray.decodeFromChars(JsonParserCharArray.java:43) ~[groovy-json-3.0.20.jar:3.0.20]
	at org.apache.groovy.json.internal.JsonParserCharArray.parse(JsonParserCharArray.java:380) ~[groovy-json-3.0.20.jar:3.0.20]
	at org.apache.groovy.json.internal.BaseJsonParser.parse(BaseJsonParser.java:113) ~[groovy-json-3.0.20.jar:3.0.20]
	at groovy.json.JsonSlurper.parseText(JsonSlurper.java:204) ~[groovy-json-3.0.20.jar:3.0.20]
	at groovy.json.JsonSlurper$parseText.call(Unknown Source) ~[?:?]
	at Script5.run(Script5.groovy:1) ~[?:?]
	at org.codehaus.groovy.jsr223.GroovyScriptEngineImpl.eval(GroovyScriptEngineImpl.java:317) ~[groovy-jsr223-3.0.20.jar:3.0.20]
	... 10 more
2026-08-31 17:33:30,069 INFO o.a.j.r.Summariser: summary +    511 in 00:00:30 =   17.0/s Avg:     1 Min:     0 Max:     5 Err:   511 (100.00%) Active: 6 Started: 6 Finished: 0
2026-08-31 17:33:30,070 INFO o.a.j.r.Summariser: summary =   1105 in 00:01:12 =   15.3/s Avg:     1 Min:     0 Max:    17 Err:  1100 (99.55%)
2026-08-31 17:33:30,672 ERROR o.a.j.a.JSR223Assertion: Problem in JSR223 script: Validate coupon amounts
javax.script.ScriptException: groovy.json.JsonException: Unable to determine the current character, it is not a string, number, array, or object

The current character read is '<' with an int value of 60
Unable to determine the current character, it is not a string, number, array, or object
line number 1
index number 0
<!DOCTYPE html>
^
	at org.codehaus.groovy.jsr223.GroovyScriptEngineImpl.eval(GroovyScriptEngineImpl.java:320) ~[groovy-jsr223-3.0.20.jar:3.0.20]
	at org.codehaus.groovy.jsr223.GroovyCompiledScript.eval(GroovyCompiledScript.java:71) ~[groovy-jsr223-3.0.20.jar:3.0.20]
	at java.scripting/javax.script.CompiledScript.eval(CompiledScript.java:93) ~[java.scripting:?]
	at org.apache.jmeter.util.JSR223TestElement.processFileOrScript(JSR223TestElement.java:230) ~[ApacheJMeter_core.jar:5.6.3]
	at org.apache.jmeter.assertions.JSR223Assertion.getResult(JSR223Assertion.java:50) ~[ApacheJMeter_components.jar:5.6.3]
	at org.apache.jmeter.threads.JMeterThread.processAssertion(JMeterThread.java:949) ~[ApacheJMeter_core.jar:5.6.3]
	at org.apache.jmeter.threads.JMeterThread.checkAssertions(JMeterThread.java:918) ~[ApacheJMeter_core.jar:5.6.3]
	at org.apache.jmeter.threads.JMeterThread.executeSamplePackage(JMeterThread.java:586) ~[ApacheJMeter_core.jar:5.6.3]
	at org.apache.jmeter.threads.JMeterThread.processSampler(JMeterThread.java:501) ~[ApacheJMeter_core.jar:5.6.3]
	at org.apache.jmeter.threads.JMeterThread.run(JMeterThread.java:268) ~[ApacheJMeter_core.jar:5.6.3]
	at java.base/java.lang.Thread.run(Thread.java:1583) [?:?]
Caused by: groovy.json.JsonException: Unable to determine the current character, it is not a string, number, array, or object

The current character read is '<' with an int value of 60
Unable to determine the current character, it is not a string, number, array, or object
line number 1
index number 0
<!DOCTYPE html>
^
	at org.apache.groovy.json.internal.JsonParserCharArray.decodeValueInternal(JsonParserCharArray.java:202) ~[groovy-json-3.0.20.jar:3.0.20]
	at org.apache.groovy.json.internal.JsonParserCharArray.decodeValue(JsonParserCharArray.java:153) ~[groovy-json-3.0.20.jar:3.0.20]
	at org.apache.groovy.json.internal.JsonParserCharArray.decodeFromChars(JsonParserCharArray.java:43) ~[groovy-json-3.0.20.jar:3.0.20]
	at org.apache.groovy.json.internal.JsonParserCharArray.parse(JsonParserCharArray.java:380) ~[groovy-json-3.0.20.jar:3.0.20]
	at org.apache.groovy.json.internal.BaseJsonParser.parse(BaseJsonParser.java:113) ~[groovy-json-3.0.20.jar:3.0.20]
	at groovy.json.JsonSlurper.parseText(JsonSlurper.java:204) ~[groovy-json-3.0.20.jar:3.0.20]
	at groovy.json.JsonSlurper$parseText.call(Unknown Source) ~[?:?]
	at Script5.run(Script5.groovy:1) ~[?:?]
	at org.codehaus.groovy.jsr223.GroovyScriptEngineImpl.eval(GroovyScriptEngineImpl.java:317) ~[groovy-jsr223-3.0.20.jar:3.0.20]
	... 10 more
2026-08-31 17:33:31,095 ERROR o.a.j.a.JSR223Assertion: Problem in JSR223 script: Validate coupon amounts
javax.script.ScriptException: groovy.json.JsonException: Unable to determine the current character, it is not a string, number, array, or object

The current character read is '<' with an int value of 60
Unable to determine the current character, it is not a string, number, array, or object
line number 1
index number 0
<!DOCTYPE html>
^
	at org.codehaus.groovy.jsr223.GroovyScriptEngineImpl.eval(GroovyScriptEngineImpl.java:320) ~[groovy-jsr223-3.0.20.jar:3.0.20]
	at org.codehaus.groovy.jsr223.GroovyCompiledScript.eval(GroovyCompiledScript.java:71) ~[groovy-jsr223-3.0.20.jar:3.0.20]
	at java.scripting/javax.script.CompiledScript.eval(CompiledScript.java:93) ~[java.scripting:?]
	at org.apache.jmeter.util.JSR223TestElement.processFileOrScript(JSR223TestElement.java:230) ~[ApacheJMeter_core.jar:5.6.3]
	at org.apache.jmeter.assertions.JSR223Assertion.getResult(JSR223Assertion.java:50) ~[ApacheJMeter_components.jar:5.6.3]
	at org.apache.jmeter.threads.JMeterThread.processAssertion(JMeterThread.java:949) ~[ApacheJMeter_core.jar:5.6.3]
	at org.apache.jmeter.threads.JMeterThread.checkAssertions(JMeterThread.java:918) ~[ApacheJMeter_core.jar:5.6.3]
	at org.apache.jmeter.threads.JMeterThread.executeSamplePackage(JMeterThread.java:586) ~[ApacheJMeter_core.jar:5.6.3]
	at org.apache.jmeter.threads.JMeterThread.processSampler(JMeterThread.java:501) ~[ApacheJMeter_core.jar:5.6.3]
	at org.apache.jmeter.threads.JMeterThread.run(JMeterThread.java:268) ~[ApacheJMeter_core.jar:5.6.3]
	at java.base/java.lang.Thread.run(Thread.java:1583) [?:?]
Caused by: groovy.json.JsonException: Unable to determine the current character, it is not a string, number, array, or object

The current character read is '<' with an int value of 60
Unable to determine the current character, it is not a string, number, array, or object
line number 1
index number 0
<!DOCTYPE html>
^
	at org.apache.groovy.json.internal.JsonParserCharArray.decodeValueInternal(JsonParserCharArray.java:202) ~[groovy-json-3.0.20.jar:3.0.20]
	at org.apache.groovy.json.internal.JsonParserCharArray.decodeValue(JsonParserCharArray.java:153) ~[groovy-json-3.0.20.jar:3.0.20]
	at org.apache.groovy.json.internal.JsonParserCharArray.decodeFromChars(JsonParserCharArray.java:43) ~[groovy-json-3.0.20.jar:3.0.20]
	at org.apache.groovy.json.internal.JsonParserCharArray.parse(JsonParserCharArray.java:380) ~[groovy-json-3.0.20.jar:3.0.20]
	at org.apache.groovy.json.internal.BaseJsonParser.parse(BaseJsonParser.java:113) ~[groovy-json-3.0.20.jar:3.0.20]
	at groovy.json.JsonSlurper.parseText(JsonSlurper.java:204) ~[groovy-json-3.0.20.jar:3.0.20]
	at groovy.json.JsonSlurper$parseText.call(Unknown Source) ~[?:?]
	at Script5.run(Script5.groovy:1) ~[?:?]
	at org.codehaus.groovy.jsr223.GroovyScriptEngineImpl.eval(GroovyScriptEngineImpl.java:317) ~[groovy-jsr223-3.0.20.jar:3.0.20]
	... 10 more
2026-08-31 17:33:31,667 ERROR o.a.j.a.JSR223Assertion: Problem in JSR223 script: Validate coupon amounts
javax.script.ScriptException: groovy.json.JsonException: Unable to determine the current character, it is not a string, number, array, or object

The current character read is '<' with an int value of 60
Unable to determine the current character, it is not a string, number, array, or object
line number 1
index number 0
<!DOCTYPE html>
^
	at org.codehaus.groovy.jsr223.GroovyScriptEngineImpl.eval(GroovyScriptEngineImpl.java:320) ~[groovy-jsr223-3.0.20.jar:3.0.20]
	at org.codehaus.groovy.jsr223.GroovyCompiledScript.eval(GroovyCompiledScript.java:71) ~[groovy-jsr223-3.0.20.jar:3.0.20]
	at java.scripting/javax.script.CompiledScript.eval(CompiledScript.java:93) ~[java.scripting:?]
	at org.apache.jmeter.util.JSR223TestElement.processFileOrScript(JSR223TestElement.java:230) ~[ApacheJMeter_core.jar:5.6.3]
	at org.apache.jmeter.assertions.JSR223Assertion.getResult(JSR223Assertion.java:50) ~[ApacheJMeter_components.jar:5.6.3]
	at org.apache.jmeter.threads.JMeterThread.processAssertion(JMeterThread.java:949) ~[ApacheJMeter_core.jar:5.6.3]
	at org.apache.jmeter.threads.JMeterThread.checkAssertions(JMeterThread.java:918) ~[ApacheJMeter_core.jar:5.6.3]
	at org.apache.jmeter.threads.JMeterThread.executeSamplePackage(JMeterThread.java:586) ~[ApacheJMeter_core.jar:5.6.3]
	at org.apache.jmeter.threads.JMeterThread.processSampler(JMeterThread.java:501) ~[ApacheJMeter_core.jar:5.6.3]
	at org.apache.jmeter.threads.JMeterThread.run(JMeterThread.java:268) ~[ApacheJMeter_core.jar:5.6.3]
	at java.base/java.lang.Thread.run(Thread.java:1583) [?:?]
Caused by: groovy.json.JsonException: Unable to determine the current character, it is not a string, number, array, or object

The current character read is '<' with an int value of 60
Unable to determine the current character, it is not a string, number, array, or object
line number 1
index number 0
<!DOCTYPE html>
^
	at org.apache.groovy.json.internal.JsonParserCharArray.decodeValueInternal(JsonParserCharArray.java:202) ~[groovy-json-3.0.20.jar:3.0.20]
	at org.apache.groovy.json.internal.JsonParserCharArray.decodeValue(JsonParserCharArray.java:153) ~[groovy-json-3.0.20.jar:3.0.20]
	at org.apache.groovy.json.internal.JsonParserCharArray.decodeFromChars(JsonParserCharArray.java:43) ~[groovy-json-3.0.20.jar:3.0.20]
	at org.apache.groovy.json.internal.JsonParserCharArray.parse(JsonParserCharArray.java:380) ~[groovy-json-3.0.20.jar:3.0.20]
	at org.apache.groovy.json.internal.BaseJsonParser.parse(BaseJsonParser.java:113) ~[groovy-json-3.0.20.jar:3.0.20]
	at groovy.json.JsonSlurper.parseText(JsonSlurper.java:204) ~[groovy-json-3.0.20.jar:3.0.20]
	at groovy.json.JsonSlurper$parseText.call(Unknown Source) ~[?:?]
	at Script5.run(Script5.groovy:1) ~[?:?]
	at org.codehaus.groovy.jsr223.GroovyScriptEngineImpl.eval(GroovyScriptEngineImpl.java:317) ~[groovy-jsr223-3.0.20.jar:3.0.20]
	... 10 more
2026-08-31 17:33:32,111 ERROR o.a.j.a.JSR223Assertion: Problem in JSR223 script: Validate coupon amounts
javax.script.ScriptException: groovy.json.JsonException: Unable to determine the current character, it is not a string, number, array, or object

The current character read is '<' with an int value of 60
Unable to determine the current character, it is not a string, number, array, or object
line number 1
index number 0
<!DOCTYPE html>
^
	at org.codehaus.groovy.jsr223.GroovyScriptEngineImpl.eval(GroovyScriptEngineImpl.java:320) ~[groovy-jsr223-3.0.20.jar:3.0.20]
	at org.codehaus.groovy.jsr223.GroovyCompiledScript.eval(GroovyCompiledScript.java:71) ~[groovy-jsr223-3.0.20.jar:3.0.20]
	at java.scripting/javax.script.CompiledScript.eval(CompiledScript.java:93) ~[java.scripting:?]
	at org.apache.jmeter.util.JSR223TestElement.processFileOrScript(JSR223TestElement.java:230) ~[ApacheJMeter_core.jar:5.6.3]
	at org.apache.jmeter.assertions.JSR223Assertion.getResult(JSR223Assertion.java:50) ~[ApacheJMeter_components.jar:5.6.3]
	at org.apache.jmeter.threads.JMeterThread.processAssertion(JMeterThread.java:949) ~[ApacheJMeter_core.jar:5.6.3]
	at org.apache.jmeter.threads.JMeterThread.checkAssertions(JMeterThread.java:918) ~[ApacheJMeter_core.jar:5.6.3]
	at org.apache.jmeter.threads.JMeterThread.executeSamplePackage(JMeterThread.java:586) ~[ApacheJMeter_core.jar:5.6.3]
	at org.apache.jmeter.threads.JMeterThread.processSampler(JMeterThread.java:501) ~[ApacheJMeter_core.jar:5.6.3]
	at org.apache.jmeter.threads.JMeterThread.run(JMeterThread.java:268) ~[ApacheJMeter_core.jar:5.6.3]
	at java.base/java.lang.Thread.run(Thread.java:1583) [?:?]
Caused by: groovy.json.JsonException: Unable to determine the current character, it is not a string, number, array, or object

The current character read is '<' with an int value of 60
Unable to determine the current character, it is not a string, number, array, or object
line number 1
index number 0
<!DOCTYPE html>
^
	at org.apache.groovy.json.internal.JsonParserCharArray.decodeValueInternal(JsonParserCharArray.java:202) ~[groovy-json-3.0.20.jar:3.0.20]
	at org.apache.groovy.json.internal.JsonParserCharArray.decodeValue(JsonParserCharArray.java:153) ~[groovy-json-3.0.20.jar:3.0.20]
	at org.apache.groovy.json.internal.JsonParserCharArray.decodeFromChars(JsonParserCharArray.java:43) ~[groovy-json-3.0.20.jar:3.0.20]
	at org.apache.groovy.json.internal.JsonParserCharArray.parse(JsonParserCharArray.java:380) ~[groovy-json-3.0.20.jar:3.0.20]
	at org.apache.groovy.json.internal.BaseJsonParser.parse(BaseJsonParser.java:113) ~[groovy-json-3.0.20.jar:3.0.20]
	at groovy.json.JsonSlurper.parseText(JsonSlurper.java:204) ~[groovy-json-3.0.20.jar:3.0.20]
	at groovy.json.JsonSlurper$parseText.call(Unknown Source) ~[?:?]
	at Script5.run(Script5.groovy:1) ~[?:?]
	at org.codehaus.groovy.jsr223.GroovyScriptEngineImpl.eval(GroovyScriptEngineImpl.java:317) ~[groovy-jsr223-3.0.20.jar:3.0.20]
	... 10 more
2026-08-31 17:33:32,210 ERROR o.a.j.a.JSR223Assertion: Problem in JSR223 script: Validate coupon amounts
javax.script.ScriptException: groovy.json.JsonException: Unable to determine the current character, it is not a string, number, array, or object

The current character read is '<' with an int value of 60
Unable to determine the current character, it is not a string, number, array, or object
line number 1
index number 0
<!DOCTYPE html>
^
	at org.codehaus.groovy.jsr223.GroovyScriptEngineImpl.eval(GroovyScriptEngineImpl.java:320) ~[groovy-jsr223-3.0.20.jar:3.0.20]
	at org.codehaus.groovy.jsr223.GroovyCompiledScript.eval(GroovyCompiledScript.java:71) ~[groovy-jsr223-3.0.20.jar:3.0.20]
	at java.scripting/javax.script.CompiledScript.eval(CompiledScript.java:93) ~[java.scripting:?]
	at org.apache.jmeter.util.JSR223TestElement.processFileOrScript(JSR223TestElement.java:230) ~[ApacheJMeter_core.jar:5.6.3]
	at org.apache.jmeter.assertions.JSR223Assertion.getResult(JSR223Assertion.java:50) ~[ApacheJMeter_components.jar:5.6.3]
	at org.apache.jmeter.threads.JMeterThread.processAssertion(JMeterThread.java:949) ~[ApacheJMeter_core.jar:5.6.3]
	at org.apache.jmeter.threads.JMeterThread.checkAssertions(JMeterThread.java:918) ~[ApacheJMeter_core.jar:5.6.3]
	at org.apache.jmeter.threads.JMeterThread.executeSamplePackage(JMeterThread.java:586) ~[ApacheJMeter_core.jar:5.6.3]
	at org.apache.jmeter.threads.JMeterThread.processSampler(JMeterThread.java:501) ~[ApacheJMeter_core.jar:5.6.3]
	at org.apache.jmeter.threads.JMeterThread.run(JMeterThread.java:268) ~[ApacheJMeter_core.jar:5.6.3]
	at java.base/java.lang.Thread.run(Thread.java:1583) [?:?]
Caused by: groovy.json.JsonException: Unable to determine the current character, it is not a string, number, array, or object

The current character read is '<' with an int value of 60
Unable to determine the current character, it is not a string, number, array, or object
line number 1
index number 0
<!DOCTYPE html>
^
	at org.apache.groovy.json.internal.JsonParserCharArray.decodeValueInternal(JsonParserCharArray.java:202) ~[groovy-json-3.0.20.jar:3.0.20]
	at org.apache.groovy.json.internal.JsonParserCharArray.decodeValue(JsonParserCharArray.java:153) ~[groovy-json-3.0.20.jar:3.0.20]
	at org.apache.groovy.json.internal.JsonParserCharArray.decodeFromChars(JsonParserCharArray.java:43) ~[groovy-json-3.0.20.jar:3.0.20]
	at org.apache.groovy.json.internal.JsonParserCharArray.parse(JsonParserCharArray.java:380) ~[groovy-json-3.0.20.jar:3.0.20]
	at org.apache.groovy.json.internal.BaseJsonParser.parse(BaseJsonParser.java:113) ~[groovy-json-3.0.20.jar:3.0.20]
	at groovy.json.JsonSlurper.parseText(JsonSlurper.java:204) ~[groovy-json-3.0.20.jar:3.0.20]
	at groovy.json.JsonSlurper$parseText.call(Unknown Source) ~[?:?]
	at Script5.run(Script5.groovy:1) ~[?:?]
	at org.codehaus.groovy.jsr223.GroovyScriptEngineImpl.eval(GroovyScriptEngineImpl.java:317) ~[groovy-jsr223-3.0.20.jar:3.0.20]
	... 10 more
2026-08-31 17:33:32,383 ERROR o.a.j.a.JSR223Assertion: Problem in JSR223 script: Validate coupon amounts
javax.script.ScriptException: groovy.json.JsonException: Unable to determine the current character, it is not a string, number, array, or object

The current character read is '<' with an int value of 60
Unable to determine the current character, it is not a string, number, array, or object
line number 1
index number 0
<!DOCTYPE html>
^
	at org.codehaus.groovy.jsr223.GroovyScriptEngineImpl.eval(GroovyScriptEngineImpl.java:320) ~[groovy-jsr223-3.0.20.jar:3.0.20]
	at org.codehaus.groovy.jsr223.GroovyCompiledScript.eval(GroovyCompiledScript.java:71) ~[groovy-jsr223-3.0.20.jar:3.0.20]
	at java.scripting/javax.script.CompiledScript.eval(CompiledScript.java:93) ~[java.scripting:?]
	at org.apache.jmeter.util.JSR223TestElement.processFileOrScript(JSR223TestElement.java:230) ~[ApacheJMeter_core.jar:5.6.3]
	at org.apache.jmeter.assertions.JSR223Assertion.getResult(JSR223Assertion.java:50) ~[ApacheJMeter_components.jar:5.6.3]
	at org.apache.jmeter.threads.JMeterThread.processAssertion(JMeterThread.java:949) ~[ApacheJMeter_core.jar:5.6.3]
	at org.apache.jmeter.threads.JMeterThread.checkAssertions(JMeterThread.java:918) ~[ApacheJMeter_core.jar:5.6.3]
	at org.apache.jmeter.threads.JMeterThread.executeSamplePackage(JMeterThread.java:586) ~[ApacheJMeter_core.jar:5.6.3]
	at org.apache.jmeter.threads.JMeterThread.processSampler(JMeterThread.java:501) ~[ApacheJMeter_core.jar:5.6.3]
	at org.apache.jmeter.threads.JMeterThread.run(JMeterThread.java:268) ~[ApacheJMeter_core.jar:5.6.3]
	at java.base/java.lang.Thread.run(Thread.java:1583) [?:?]
Caused by: groovy.json.JsonException: Unable to determine the current character, it is not a string, number, array, or object

The current character read is '<' with an int value of 60
Unable to determine the current character, it is not a string, number, array, or object
line number 1
index number 0
<!DOCTYPE html>
^
	at org.apache.groovy.json.internal.JsonParserCharArray.decodeValueInternal(JsonParserCharArray.java:202) ~[groovy-json-3.0.20.jar:3.0.20]
	at org.apache.groovy.json.internal.JsonParserCharArray.decodeValue(JsonParserCharArray.java:153) ~[groovy-json-3.0.20.jar:3.0.20]
	at org.apache.groovy.json.internal.JsonParserCharArray.decodeFromChars(JsonParserCharArray.java:43) ~[groovy-json-3.0.20.jar:3.0.20]
	at org.apache.groovy.json.internal.JsonParserCharArray.parse(JsonParserCharArray.java:380) ~[groovy-json-3.0.20.jar:3.0.20]
	at org.apache.groovy.json.internal.BaseJsonParser.parse(BaseJsonParser.java:113) ~[groovy-json-3.0.20.jar:3.0.20]
	at groovy.json.JsonSlurper.parseText(JsonSlurper.java:204) ~[groovy-json-3.0.20.jar:3.0.20]
	at groovy.json.JsonSlurper$parseText.call(Unknown Source) ~[?:?]
	at Script5.run(Script5.groovy:1) ~[?:?]
	at org.codehaus.groovy.jsr223.GroovyScriptEngineImpl.eval(GroovyScriptEngineImpl.java:317) ~[groovy-jsr223-3.0.20.jar:3.0.20]
	... 10 more
2026-08-31 17:33:32,855 ERROR o.a.j.a.JSR223Assertion: Problem in JSR223 script: Validate coupon amounts
javax.script.ScriptException: groovy.json.JsonException: Unable to determine the current character, it is not a string, number, array, or object

The current character read is '<' with an int value of 60
Unable to determine the current character, it is not a string, number, array, or object
line number 1
index number 0
<!DOCTYPE html>
^
	at org.codehaus.groovy.jsr223.GroovyScriptEngineImpl.eval(GroovyScriptEngineImpl.java:320) ~[groovy-jsr223-3.0.20.jar:3.0.20]
	at org.codehaus.groovy.jsr223.GroovyCompiledScript.eval(GroovyCompiledScript.java:71) ~[groovy-jsr223-3.0.20.jar:3.0.20]
	at java.scripting/javax.script.CompiledScript.eval(CompiledScript.java:93) ~[java.scripting:?]
	at org.apache.jmeter.util.JSR223TestElement.processFileOrScript(JSR223TestElement.java:230) ~[ApacheJMeter_core.jar:5.6.3]
	at org.apache.jmeter.assertions.JSR223Assertion.getResult(JSR223Assertion.java:50) ~[ApacheJMeter_components.jar:5.6.3]
	at org.apache.jmeter.threads.JMeterThread.processAssertion(JMeterThread.java:949) ~[ApacheJMeter_core.jar:5.6.3]
	at org.apache.jmeter.threads.JMeterThread.checkAssertions(JMeterThread.java:918) ~[ApacheJMeter_core.jar:5.6.3]
	at org.apache.jmeter.threads.JMeterThread.executeSamplePackage(JMeterThread.java:586) ~[ApacheJMeter_core.jar:5.6.3]
	at org.apache.jmeter.threads.JMeterThread.processSampler(JMeterThread.java:501) ~[ApacheJMeter_core.jar:5.6.3]
	at org.apache.jmeter.threads.JMeterThread.run(JMeterThread.java:268) ~[ApacheJMeter_core.jar:5.6.3]
	at java.base/java.lang.Thread.run(Thread.java:1583) [?:?]
Caused by: groovy.json.JsonException: Unable to determine the current character, it is not a string, number, array, or object

The current character read is '<' with an int value of 60
Unable to determine the current character, it is not a string, number, array, or object
line number 1
index number 0
<!DOCTYPE html>
^
	at org.apache.groovy.json.internal.JsonParserCharArray.decodeValueInternal(JsonParserCharArray.java:202) ~[groovy-json-3.0.20.jar:3.0.20]
	at org.apache.groovy.json.internal.JsonParserCharArray.decodeValue(JsonParserCharArray.java:153) ~[groovy-json-3.0.20.jar:3.0.20]
	at org.apache.groovy.json.internal.JsonParserCharArray.decodeFromChars(JsonParserCharArray.java:43) ~[groovy-json-3.0.20.jar:3.0.20]
	at org.apache.groovy.json.internal.JsonParserCharArray.parse(JsonParserCharArray.java:380) ~[groovy-json-3.0.20.jar:3.0.20]
	at org.apache.groovy.json.internal.BaseJsonParser.parse(BaseJsonParser.java:113) ~[groovy-json-3.0.20.jar:3.0.20]
	at groovy.json.JsonSlurper.parseText(JsonSlurper.java:204) ~[groovy-json-3.0.20.jar:3.0.20]
	at groovy.json.JsonSlurper$parseText.call(Unknown Source) ~[?:?]
	at Script5.run(Script5.groovy:1) ~[?:?]
	at org.codehaus.groovy.jsr223.GroovyScriptEngineImpl.eval(GroovyScriptEngineImpl.java:317) ~[groovy-jsr223-3.0.20.jar:3.0.20]
	... 10 more
2026-08-31 17:33:33,344 ERROR o.a.j.a.JSR223Assertion: Problem in JSR223 script: Validate coupon amounts
javax.script.ScriptException: groovy.json.JsonException: Unable to determine the current character, it is not a string, number, array, or object

The current character read is '<' with an int value of 60
Unable to determine the current character, it is not a string, number, array, or object
line number 1
index number 0
<!DOCTYPE html>
^
	at org.codehaus.groovy.jsr223.GroovyScriptEngineImpl.eval(GroovyScriptEngineImpl.java:320) ~[groovy-jsr223-3.0.20.jar:3.0.20]
	at org.codehaus.groovy.jsr223.GroovyCompiledScript.eval(GroovyCompiledScript.java:71) ~[groovy-jsr223-3.0.20.jar:3.0.20]
	at java.scripting/javax.script.CompiledScript.eval(CompiledScript.java:93) ~[java.scripting:?]
	at org.apache.jmeter.util.JSR223TestElement.processFileOrScript(JSR223TestElement.java:230) ~[ApacheJMeter_core.jar:5.6.3]
	at org.apache.jmeter.assertions.JSR223Assertion.getResult(JSR223Assertion.java:50) ~[ApacheJMeter_components.jar:5.6.3]
	at org.apache.jmeter.threads.JMeterThread.processAssertion(JMeterThread.java:949) ~[ApacheJMeter_core.jar:5.6.3]
	at org.apache.jmeter.threads.JMeterThread.checkAssertions(JMeterThread.java:918) ~[ApacheJMeter_core.jar:5.6.3]
	at org.apache.jmeter.threads.JMeterThread.executeSamplePackage(JMeterThread.java:586) ~[ApacheJMeter_core.jar:5.6.3]
	at org.apache.jmeter.threads.JMeterThread.processSampler(JMeterThread.java:501) ~[ApacheJMeter_core.jar:5.6.3]
	at org.apache.jmeter.threads.JMeterThread.run(JMeterThread.java:268) ~[ApacheJMeter_core.jar:5.6.3]
	at java.base/java.lang.Thread.run(Thread.java:1583) [?:?]
Caused by: groovy.json.JsonException: Unable to determine the current character, it is not a string, number, array, or object

The current character read is '<' with an int value of 60
Unable to determine the current character, it is not a string, number, array, or object
line number 1
index number 0
<!DOCTYPE html>
^
	at org.apache.groovy.json.internal.JsonParserCharArray.decodeValueInternal(JsonParserCharArray.java:202) ~[groovy-json-3.0.20.jar:3.0.20]
	at org.apache.groovy.json.internal.JsonParserCharArray.decodeValue(JsonParserCharArray.java:153) ~[groovy-json-3.0.20.jar:3.0.20]
	at org.apache.groovy.json.internal.JsonParserCharArray.decodeFromChars(JsonParserCharArray.java:43) ~[groovy-json-3.0.20.jar:3.0.20]
	at org.apache.groovy.json.internal.JsonParserCharArray.parse(JsonParserCharArray.java:380) ~[groovy-json-3.0.20.jar:3.0.20]
	at org.apache.groovy.json.internal.BaseJsonParser.parse(BaseJsonParser.java:113) ~[groovy-json-3.0.20.jar:3.0.20]
	at groovy.json.JsonSlurper.parseText(JsonSlurper.java:204) ~[groovy-json-3.0.20.jar:3.0.20]
	at groovy.json.JsonSlurper$parseText.call(Unknown Source) ~[?:?]
	at Script5.run(Script5.groovy:1) ~[?:?]
	at org.codehaus.groovy.jsr223.GroovyScriptEngineImpl.eval(GroovyScriptEngineImpl.java:317) ~[groovy-jsr223-3.0.20.jar:3.0.20]
	... 10 more
2026-08-31 17:33:33,526 ERROR o.a.j.a.JSR223Assertion: Problem in JSR223 script: Validate coupon amounts
javax.script.ScriptException: groovy.json.JsonException: Unable to determine the current character, it is not a string, number, array, or object

The current character read is '<' with an int value of 60
Unable to determine the current character, it is not a string, number, array, or object
line number 1
index number 0
<!DOCTYPE html>
^
	at org.codehaus.groovy.jsr223.GroovyScriptEngineImpl.eval(GroovyScriptEngineImpl.java:320) ~[groovy-jsr223-3.0.20.jar:3.0.20]
	at org.codehaus.groovy.jsr223.GroovyCompiledScript.eval(GroovyCompiledScript.java:71) ~[groovy-jsr223-3.0.20.jar:3.0.20]
	at java.scripting/javax.script.CompiledScript.eval(CompiledScript.java:93) ~[java.scripting:?]
	at org.apache.jmeter.util.JSR223TestElement.processFileOrScript(JSR223TestElement.java:230) ~[ApacheJMeter_core.jar:5.6.3]
	at org.apache.jmeter.assertions.JSR223Assertion.getResult(JSR223Assertion.java:50) ~[ApacheJMeter_components.jar:5.6.3]
	at org.apache.jmeter.threads.JMeterThread.processAssertion(JMeterThread.java:949) ~[ApacheJMeter_core.jar:5.6.3]
	at org.apache.jmeter.threads.JMeterThread.checkAssertions(JMeterThread.java:918) ~[ApacheJMeter_core.jar:5.6.3]
	at org.apache.jmeter.threads.JMeterThread.executeSamplePackage(JMeterThread.java:586) ~[ApacheJMeter_core.jar:5.6.3]
	at org.apache.jmeter.threads.JMeterThread.processSampler(JMeterThread.java:501) ~[ApacheJMeter_core.jar:5.6.3]
	at org.apache.jmeter.threads.JMeterThread.run(JMeterThread.java:268) ~[ApacheJMeter_core.jar:5.6.3]
	at java.base/java.lang.Thread.run(Thread.java:1583) [?:?]
Caused by: groovy.json.JsonException: Unable to determine the current character, it is not a string, number, array, or object

The current character read is '<' with an int value of 60
Unable to determine the current character, it is not a string, number, array, or object
line number 1
index number 0
<!DOCTYPE html>
^
	at org.apache.groovy.json.internal.JsonParserCharArray.decodeValueInternal(JsonParserCharArray.java:202) ~[groovy-json-3.0.20.jar:3.0.20]
	at org.apache.groovy.json.internal.JsonParserCharArray.decodeValue(JsonParserCharArray.java:153) ~[groovy-json-3.0.20.jar:3.0.20]
	at org.apache.groovy.json.internal.JsonParserCharArray.decodeFromChars(JsonParserCharArray.java:43) ~[groovy-json-3.0.20.jar:3.0.20]
	at org.apache.groovy.json.internal.JsonParserCharArray.parse(JsonParserCharArray.java:380) ~[groovy-json-3.0.20.jar:3.0.20]
	at org.apache.groovy.json.internal.BaseJsonParser.parse(BaseJsonParser.java:113) ~[groovy-json-3.0.20.jar:3.0.20]
	at groovy.json.JsonSlurper.parseText(JsonSlurper.java:204) ~[groovy-json-3.0.20.jar:3.0.20]
	at groovy.json.JsonSlurper$parseText.call(Unknown Source) ~[?:?]
	at Script5.run(Script5.groovy:1) ~[?:?]
	at org.codehaus.groovy.jsr223.GroovyScriptEngineImpl.eval(GroovyScriptEngineImpl.java:317) ~[groovy-jsr223-3.0.20.jar:3.0.20]
	... 10 more
2026-08-31 17:33:34,064 ERROR o.a.j.a.JSR223Assertion: Problem in JSR223 script: Validate coupon amounts
javax.script.ScriptException: groovy.json.JsonException: Unable to determine the current character, it is not a string, number, array, or object

The current character read is '<' with an int value of 60
Unable to determine the current character, it is not a string, number, array, or object
line number 1
index number 0
<!DOCTYPE html>
^
	at org.codehaus.groovy.jsr223.GroovyScriptEngineImpl.eval(GroovyScriptEngineImpl.java:320) ~[groovy-jsr223-3.0.20.jar:3.0.20]
	at org.codehaus.groovy.jsr223.GroovyCompiledScript.eval(GroovyCompiledScript.java:71) ~[groovy-jsr223-3.0.20.jar:3.0.20]
	at java.scripting/javax.script.CompiledScript.eval(CompiledScript.java:93) ~[java.scripting:?]
	at org.apache.jmeter.util.JSR223TestElement.processFileOrScript(JSR223TestElement.java:230) ~[ApacheJMeter_core.jar:5.6.3]
	at org.apache.jmeter.assertions.JSR223Assertion.getResult(JSR223Assertion.java:50) ~[ApacheJMeter_components.jar:5.6.3]
	at org.apache.jmeter.threads.JMeterThread.processAssertion(JMeterThread.java:949) ~[ApacheJMeter_core.jar:5.6.3]
	at org.apache.jmeter.threads.JMeterThread.checkAssertions(JMeterThread.java:918) ~[ApacheJMeter_core.jar:5.6.3]
	at org.apache.jmeter.threads.JMeterThread.executeSamplePackage(JMeterThread.java:586) ~[ApacheJMeter_core.jar:5.6.3]
	at org.apache.jmeter.threads.JMeterThread.processSampler(JMeterThread.java:501) ~[ApacheJMeter_core.jar:5.6.3]
	at org.apache.jmeter.threads.JMeterThread.run(JMeterThread.java:268) ~[ApacheJMeter_core.jar:5.6.3]
	at java.base/java.lang.Thread.run(Thread.java:1583) [?:?]
Caused by: groovy.json.JsonException: Unable to determine the current character, it is not a string, number, array, or object

The current character read is '<' with an int value of 60
Unable to determine the current character, it is not a string, number, array, or object
line number 1
index number 0
<!DOCTYPE html>
^
	at org.apache.groovy.json.internal.JsonParserCharArray.decodeValueInternal(JsonParserCharArray.java:202) ~[groovy-json-3.0.20.jar:3.0.20]
	at org.apache.groovy.json.internal.JsonParserCharArray.decodeValue(JsonParserCharArray.java:153) ~[groovy-json-3.0.20.jar:3.0.20]
	at org.apache.groovy.json.internal.JsonParserCharArray.decodeFromChars(JsonParserCharArray.java:43) ~[groovy-json-3.0.20.jar:3.0.20]
	at org.apache.groovy.json.internal.JsonParserCharArray.parse(JsonParserCharArray.java:380) ~[groovy-json-3.0.20.jar:3.0.20]
	at org.apache.groovy.json.internal.BaseJsonParser.parse(BaseJsonParser.java:113) ~[groovy-json-3.0.20.jar:3.0.20]
	at groovy.json.JsonSlurper.parseText(JsonSlurper.java:204) ~[groovy-json-3.0.20.jar:3.0.20]
	at groovy.json.JsonSlurper$parseText.call(Unknown Source) ~[?:?]
	at Script5.run(Script5.groovy:1) ~[?:?]
	at org.codehaus.groovy.jsr223.GroovyScriptEngineImpl.eval(GroovyScriptEngineImpl.java:317) ~[groovy-jsr223-3.0.20.jar:3.0.20]
	... 10 more
2026-08-31 17:33:34,682 ERROR o.a.j.a.JSR223Assertion: Problem in JSR223 script: Validate coupon amounts
javax.script.ScriptException: groovy.json.JsonException: Unable to determine the current character, it is not a string, number, array, or object

The current character read is '<' with an int value of 60
Unable to determine the current character, it is not a string, number, array, or object
line number 1
index number 0
<!DOCTYPE html>
^
	at org.codehaus.groovy.jsr223.GroovyScriptEngineImpl.eval(GroovyScriptEngineImpl.java:320) ~[groovy-jsr223-3.0.20.jar:3.0.20]
	at org.codehaus.groovy.jsr223.GroovyCompiledScript.eval(GroovyCompiledScript.java:71) ~[groovy-jsr223-3.0.20.jar:3.0.20]
	at java.scripting/javax.script.CompiledScript.eval(CompiledScript.java:93) ~[java.scripting:?]
	at org.apache.jmeter.util.JSR223TestElement.processFileOrScript(JSR223TestElement.java:230) ~[ApacheJMeter_core.jar:5.6.3]
	at org.apache.jmeter.assertions.JSR223Assertion.getResult(JSR223Assertion.java:50) ~[ApacheJMeter_components.jar:5.6.3]
	at org.apache.jmeter.threads.JMeterThread.processAssertion(JMeterThread.java:949) ~[ApacheJMeter_core.jar:5.6.3]
	at org.apache.jmeter.threads.JMeterThread.checkAssertions(JMeterThread.java:918) ~[ApacheJMeter_core.jar:5.6.3]
	at org.apache.jmeter.threads.JMeterThread.executeSamplePackage(JMeterThread.java:586) ~[ApacheJMeter_core.jar:5.6.3]
	at org.apache.jmeter.threads.JMeterThread.processSampler(JMeterThread.java:501) ~[ApacheJMeter_core.jar:5.6.3]
	at org.apache.jmeter.threads.JMeterThread.run(JMeterThread.java:268) ~[ApacheJMeter_core.jar:5.6.3]
	at java.base/java.lang.Thread.run(Thread.java:1583) [?:?]
Caused by: groovy.json.JsonException: Unable to determine the current character, it is not a string, number, array, or object

The current character read is '<' with an int value of 60
Unable to determine the current character, it is not a string, number, array, or object
line number 1
index number 0
<!DOCTYPE html>
^
	at org.apache.groovy.json.internal.JsonParserCharArray.decodeValueInternal(JsonParserCharArray.java:202) ~[groovy-json-3.0.20.jar:3.0.20]
	at org.apache.groovy.json.internal.JsonParserCharArray.decodeValue(JsonParserCharArray.java:153) ~[groovy-json-3.0.20.jar:3.0.20]
	at org.apache.groovy.json.internal.JsonParserCharArray.decodeFromChars(JsonParserCharArray.java:43) ~[groovy-json-3.0.20.jar:3.0.20]
	at org.apache.groovy.json.internal.JsonParserCharArray.parse(JsonParserCharArray.java:380) ~[groovy-json-3.0.20.jar:3.0.20]
	at org.apache.groovy.json.internal.BaseJsonParser.parse(BaseJsonParser.java:113) ~[groovy-json-3.0.20.jar:3.0.20]
	at groovy.json.JsonSlurper.parseText(JsonSlurper.java:204) ~[groovy-json-3.0.20.jar:3.0.20]
	at groovy.json.JsonSlurper$parseText.call(Unknown Source) ~[?:?]
	at Script5.run(Script5.groovy:1) ~[?:?]
	at org.codehaus.groovy.jsr223.GroovyScriptEngineImpl.eval(GroovyScriptEngineImpl.java:317) ~[groovy-jsr223-3.0.20.jar:3.0.20]
	... 10 more
2026-08-31 17:33:34,792 ERROR o.a.j.a.JSR223Assertion: Problem in JSR223 script: Validate coupon amounts
javax.script.ScriptException: groovy.json.JsonException: Unable to determine the current character, it is not a string, number, array, or object

The current character read is '<' with an int value of 60
Unable to determine the current character, it is not a string, number, array, or object
line number 1
index number 0
<!DOCTYPE html>
^
	at org.codehaus.groovy.jsr223.GroovyScriptEngineImpl.eval(GroovyScriptEngineImpl.java:320) ~[groovy-jsr223-3.0.20.jar:3.0.20]
	at org.codehaus.groovy.jsr223.GroovyCompiledScript.eval(GroovyCompiledScript.java:71) ~[groovy-jsr223-3.0.20.jar:3.0.20]
	at java.scripting/javax.script.CompiledScript.eval(CompiledScript.java:93) ~[java.scripting:?]
	at org.apache.jmeter.util.JSR223TestElement.processFileOrScript(JSR223TestElement.java:230) ~[ApacheJMeter_core.jar:5.6.3]
	at org.apache.jmeter.assertions.JSR223Assertion.getResult(JSR223Assertion.java:50) ~[ApacheJMeter_components.jar:5.6.3]
	at org.apache.jmeter.threads.JMeterThread.processAssertion(JMeterThread.java:949) ~[ApacheJMeter_core.jar:5.6.3]
	at org.apache.jmeter.threads.JMeterThread.checkAssertions(JMeterThread.java:918) ~[ApacheJMeter_core.jar:5.6.3]
	at org.apache.jmeter.threads.JMeterThread.executeSamplePackage(JMeterThread.java:586) ~[ApacheJMeter_core.jar:5.6.3]
	at org.apache.jmeter.threads.JMeterThread.processSampler(JMeterThread.java:501) ~[ApacheJMeter_core.jar:5.6.3]
	at org.apache.jmeter.threads.JMeterThread.run(JMeterThread.java:268) ~[ApacheJMeter_core.jar:5.6.3]
	at java.base/java.lang.Thread.run(Thread.java:1583) [?:?]
Caused by: groovy.json.JsonException: Unable to determine the current character, it is not a string, number, array, or object

The current character read is '<' with an int value of 60
Unable to determine the current character, it is not a string, number, array, or object
line number 1
index number 0
<!DOCTYPE html>
^
	at org.apache.groovy.json.internal.JsonParserCharArray.decodeValueInternal(JsonParserCharArray.java:202) ~[groovy-json-3.0.20.jar:3.0.20]
	at org.apache.groovy.json.internal.JsonParserCharArray.decodeValue(JsonParserCharArray.java:153) ~[groovy-json-3.0.20.jar:3.0.20]
	at org.apache.groovy.json.internal.JsonParserCharArray.decodeFromChars(JsonParserCharArray.java:43) ~[groovy-json-3.0.20.jar:3.0.20]
	at org.apache.groovy.json.internal.JsonParserCharArray.parse(JsonParserCharArray.java:380) ~[groovy-json-3.0.20.jar:3.0.20]
	at org.apache.groovy.json.internal.BaseJsonParser.parse(BaseJsonParser.java:113) ~[groovy-json-3.0.20.jar:3.0.20]
	at groovy.json.JsonSlurper.parseText(JsonSlurper.java:204) ~[groovy-json-3.0.20.jar:3.0.20]
	at groovy.json.JsonSlurper$parseText.call(Unknown Source) ~[?:?]
	at Script5.run(Script5.groovy:1) ~[?:?]
	at org.codehaus.groovy.jsr223.GroovyScriptEngineImpl.eval(GroovyScriptEngineImpl.java:317) ~[groovy-jsr223-3.0.20.jar:3.0.20]
	... 10 more
2026-08-31 17:33:35,233 ERROR o.a.j.a.JSR223Assertion: Problem in JSR223 script: Validate coupon amounts
javax.script.ScriptException: groovy.json.JsonException: Unable to determine the current character, it is not a string, number, array, or object

The current character read is '<' with an int value of 60
Unable to determine the current character, it is not a string, number, array, or object
line number 1
index number 0
<!DOCTYPE html>
^
	at org.codehaus.groovy.jsr223.GroovyScriptEngineImpl.eval(GroovyScriptEngineImpl.java:320) ~[groovy-jsr223-3.0.20.jar:3.0.20]
	at org.codehaus.groovy.jsr223.GroovyCompiledScript.eval(GroovyCompiledScript.java:71) ~[groovy-jsr223-3.0.20.jar:3.0.20]
	at java.scripting/javax.script.CompiledScript.eval(CompiledScript.java:93) ~[java.scripting:?]
	at org.apache.jmeter.util.JSR223TestElement.processFileOrScript(JSR223TestElement.java:230) ~[ApacheJMeter_core.jar:5.6.3]
	at org.apache.jmeter.assertions.JSR223Assertion.getResult(JSR223Assertion.java:50) ~[ApacheJMeter_components.jar:5.6.3]
	at org.apache.jmeter.threads.JMeterThread.processAssertion(JMeterThread.java:949) ~[ApacheJMeter_core.jar:5.6.3]
	at org.apache.jmeter.threads.JMeterThread.checkAssertions(JMeterThread.java:918) ~[ApacheJMeter_core.jar:5.6.3]
	at org.apache.jmeter.threads.JMeterThread.executeSamplePackage(JMeterThread.java:586) ~[ApacheJMeter_core.jar:5.6.3]
	at org.apache.jmeter.threads.JMeterThread.processSampler(JMeterThread.java:501) ~[ApacheJMeter_core.jar:5.6.3]
	at org.apache.jmeter.threads.JMeterThread.run(JMeterThread.java:268) ~[ApacheJMeter_core.jar:5.6.3]
	at java.base/java.lang.Thread.run(Thread.java:1583) [?:?]
Caused by: groovy.json.JsonException: Unable to determine the current character, it is not a string, number, array, or object

The current character read is '<' with an int value of 60
Unable to determine the current character, it is not a string, number, array, or object
line number 1
index number 0
<!DOCTYPE html>
^
	at org.apache.groovy.json.internal.JsonParserCharArray.decodeValueInternal(JsonParserCharArray.java:202) ~[groovy-json-3.0.20.jar:3.0.20]
	at org.apache.groovy.json.internal.JsonParserCharArray.decodeValue(JsonParserCharArray.java:153) ~[groovy-json-3.0.20.jar:3.0.20]
	at org.apache.groovy.json.internal.JsonParserCharArray.decodeFromChars(JsonParserCharArray.java:43) ~[groovy-json-3.0.20.jar:3.0.20]
	at org.apache.groovy.json.internal.JsonParserCharArray.parse(JsonParserCharArray.java:380) ~[groovy-json-3.0.20.jar:3.0.20]
	at org.apache.groovy.json.internal.BaseJsonParser.parse(BaseJsonParser.java:113) ~[groovy-json-3.0.20.jar:3.0.20]
	at groovy.json.JsonSlurper.parseText(JsonSlurper.java:204) ~[groovy-json-3.0.20.jar:3.0.20]
	at groovy.json.JsonSlurper$parseText.call(Unknown Source) ~[?:?]
	at Script5.run(Script5.groovy:1) ~[?:?]
	at org.codehaus.groovy.jsr223.GroovyScriptEngineImpl.eval(GroovyScriptEngineImpl.java:317) ~[groovy-jsr223-3.0.20.jar:3.0.20]
	... 10 more
2026-08-31 17:33:35,550 ERROR o.a.j.a.JSR223Assertion: Problem in JSR223 script: Validate coupon amounts
javax.script.ScriptException: groovy.json.JsonException: Unable to determine the current character, it is not a string, number, array, or object

The current character read is '<' with an int value of 60
Unable to determine the current character, it is not a string, number, array, or object
line number 1
index number 0
<!DOCTYPE html>
^
	at org.codehaus.groovy.jsr223.GroovyScriptEngineImpl.eval(GroovyScriptEngineImpl.java:320) ~[groovy-jsr223-3.0.20.jar:3.0.20]
	at org.codehaus.groovy.jsr223.GroovyCompiledScript.eval(GroovyCompiledScript.java:71) ~[groovy-jsr223-3.0.20.jar:3.0.20]
	at java.scripting/javax.script.CompiledScript.eval(CompiledScript.java:93) ~[java.scripting:?]
	at org.apache.jmeter.util.JSR223TestElement.processFileOrScript(JSR223TestElement.java:230) ~[ApacheJMeter_core.jar:5.6.3]
	at org.apache.jmeter.assertions.JSR223Assertion.getResult(JSR223Assertion.java:50) ~[ApacheJMeter_components.jar:5.6.3]
	at org.apache.jmeter.threads.JMeterThread.processAssertion(JMeterThread.java:949) ~[ApacheJMeter_core.jar:5.6.3]
	at org.apache.jmeter.threads.JMeterThread.checkAssertions(JMeterThread.java:918) ~[ApacheJMeter_core.jar:5.6.3]
	at org.apache.jmeter.threads.JMeterThread.executeSamplePackage(JMeterThread.java:586) ~[ApacheJMeter_core.jar:5.6.3]
	at org.apache.jmeter.threads.JMeterThread.processSampler(JMeterThread.java:501) ~[ApacheJMeter_core.jar:5.6.3]
	at org.apache.jmeter.threads.JMeterThread.run(JMeterThread.java:268) ~[ApacheJMeter_core.jar:5.6.3]
	at java.base/java.lang.Thread.run(Thread.java:1583) [?:?]
Caused by: groovy.json.JsonException: Unable to determine the current character, it is not a string, number, array, or object

The current character read is '<' with an int value of 60
Unable to determine the current character, it is not a string, number, array, or object
line number 1
index number 0
<!DOCTYPE html>
^
	at org.apache.groovy.json.internal.JsonParserCharArray.decodeValueInternal(JsonParserCharArray.java:202) ~[groovy-json-3.0.20.jar:3.0.20]
	at org.apache.groovy.json.internal.JsonParserCharArray.decodeValue(JsonParserCharArray.java:153) ~[groovy-json-3.0.20.jar:3.0.20]
	at org.apache.groovy.json.internal.JsonParserCharArray.decodeFromChars(JsonParserCharArray.java:43) ~[groovy-json-3.0.20.jar:3.0.20]
	at org.apache.groovy.json.internal.JsonParserCharArray.parse(JsonParserCharArray.java:380) ~[groovy-json-3.0.20.jar:3.0.20]
	at org.apache.groovy.json.internal.BaseJsonParser.parse(BaseJsonParser.java:113) ~[groovy-json-3.0.20.jar:3.0.20]
	at groovy.json.JsonSlurper.parseText(JsonSlurper.java:204) ~[groovy-json-3.0.20.jar:3.0.20]
	at groovy.json.JsonSlurper$parseText.call(Unknown Source) ~[?:?]
	at Script5.run(Script5.groovy:1) ~[?:?]
	at org.codehaus.groovy.jsr223.GroovyScriptEngineImpl.eval(GroovyScriptEngineImpl.java:317) ~[groovy-jsr223-3.0.20.jar:3.0.20]
	... 10 more
2026-08-31 17:33:35,810 ERROR o.a.j.a.JSR223Assertion: Problem in JSR223 script: Validate coupon amounts
javax.script.ScriptException: groovy.json.JsonException: Unable to determine the current character, it is not a string, number, array, or object

The current character read is '<' with an int value of 60
Unable to determine the current character, it is not a string, number, array, or object
line number 1
index number 0
<!DOCTYPE html>
^
	at org.codehaus.groovy.jsr223.GroovyScriptEngineImpl.eval(GroovyScriptEngineImpl.java:320) ~[groovy-jsr223-3.0.20.jar:3.0.20]
	at org.codehaus.groovy.jsr223.GroovyCompiledScript.eval(GroovyCompiledScript.java:71) ~[groovy-jsr223-3.0.20.jar:3.0.20]
	at java.scripting/javax.script.CompiledScript.eval(CompiledScript.java:93) ~[java.scripting:?]
	at org.apache.jmeter.util.JSR223TestElement.processFileOrScript(JSR223TestElement.java:230) ~[ApacheJMeter_core.jar:5.6.3]
	at org.apache.jmeter.assertions.JSR223Assertion.getResult(JSR223Assertion.java:50) ~[ApacheJMeter_components.jar:5.6.3]
	at org.apache.jmeter.threads.JMeterThread.processAssertion(JMeterThread.java:949) ~[ApacheJMeter_core.jar:5.6.3]
	at org.apache.jmeter.threads.JMeterThread.checkAssertions(JMeterThread.java:918) ~[ApacheJMeter_core.jar:5.6.3]
	at org.apache.jmeter.threads.JMeterThread.executeSamplePackage(JMeterThread.java:586) ~[ApacheJMeter_core.jar:5.6.3]
	at org.apache.jmeter.threads.JMeterThread.processSampler(JMeterThread.java:501) ~[ApacheJMeter_core.jar:5.6.3]
	at org.apache.jmeter.threads.JMeterThread.run(JMeterThread.java:268) ~[ApacheJMeter_core.jar:5.6.3]
	at java.base/java.lang.Thread.run(Thread.java:1583) [?:?]
Caused by: groovy.json.JsonException: Unable to determine the current character, it is not a string, number, array, or object

The current character read is '<' with an int value of 60
Unable to determine the current character, it is not a string, number, array, or object
line number 1
index number 0
<!DOCTYPE html>
^
	at org.apache.groovy.json.internal.JsonParserCharArray.decodeValueInternal(JsonParserCharArray.java:202) ~[groovy-json-3.0.20.jar:3.0.20]
	at org.apache.groovy.json.internal.JsonParserCharArray.decodeValue(JsonParserCharArray.java:153) ~[groovy-json-3.0.20.jar:3.0.20]
	at org.apache.groovy.json.internal.JsonParserCharArray.decodeFromChars(JsonParserCharArray.java:43) ~[groovy-json-3.0.20.jar:3.0.20]
	at org.apache.groovy.json.internal.JsonParserCharArray.parse(JsonParserCharArray.java:380) ~[groovy-json-3.0.20.jar:3.0.20]
	at org.apache.groovy.json.internal.BaseJsonParser.parse(BaseJsonParser.java:113) ~[groovy-json-3.0.20.jar:3.0.20]
	at groovy.json.JsonSlurper.parseText(JsonSlurper.java:204) ~[groovy-json-3.0.20.jar:3.0.20]
	at groovy.json.JsonSlurper$parseText.call(Unknown Source) ~[?:?]
	at Script5.run(Script5.groovy:1) ~[?:?]
	at org.codehaus.groovy.jsr223.GroovyScriptEngineImpl.eval(GroovyScriptEngineImpl.java:317) ~[groovy-jsr223-3.0.20.jar:3.0.20]
	... 10 more
2026-08-31 17:33:36,163 ERROR o.a.j.a.JSR223Assertion: Problem in JSR223 script: Validate coupon amounts
javax.script.ScriptException: groovy.json.JsonException: Unable to determine the current character, it is not a string, number, array, or object

The current character read is '<' with an int value of 60
Unable to determine the current character, it is not a string, number, array, or object
line number 1
index number 0
<!DOCTYPE html>
^
	at org.codehaus.groovy.jsr223.GroovyScriptEngineImpl.eval(GroovyScriptEngineImpl.java:320) ~[groovy-jsr223-3.0.20.jar:3.0.20]
	at org.codehaus.groovy.jsr223.GroovyCompiledScript.eval(GroovyCompiledScript.java:71) ~[groovy-jsr223-3.0.20.jar:3.0.20]
	at java.scripting/javax.script.CompiledScript.eval(CompiledScript.java:93) ~[java.scripting:?]
	at org.apache.jmeter.util.JSR223TestElement.processFileOrScript(JSR223TestElement.java:230) ~[ApacheJMeter_core.jar:5.6.3]
	at org.apache.jmeter.assertions.JSR223Assertion.getResult(JSR223Assertion.java:50) ~[ApacheJMeter_components.jar:5.6.3]
	at org.apache.jmeter.threads.JMeterThread.processAssertion(JMeterThread.java:949) ~[ApacheJMeter_core.jar:5.6.3]
	at org.apache.jmeter.threads.JMeterThread.checkAssertions(JMeterThread.java:918) ~[ApacheJMeter_core.jar:5.6.3]
	at org.apache.jmeter.threads.JMeterThread.executeSamplePackage(JMeterThread.java:586) ~[ApacheJMeter_core.jar:5.6.3]
	at org.apache.jmeter.threads.JMeterThread.processSampler(JMeterThread.java:501) ~[ApacheJMeter_core.jar:5.6.3]
	at org.apache.jmeter.threads.JMeterThread.run(JMeterThread.java:268) ~[ApacheJMeter_core.jar:5.6.3]
	at java.base/java.lang.Thread.run(Thread.java:1583) [?:?]
Caused by: groovy.json.JsonException: Unable to determine the current character, it is not a string, number, array, or object

The current character read is '<' with an int value of 60
Unable to determine the current character, it is not a string, number, array, or object
line number 1
index number 0
<!DOCTYPE html>
^
	at org.apache.groovy.json.internal.JsonParserCharArray.decodeValueInternal(JsonParserCharArray.java:202) ~[groovy-json-3.0.20.jar:3.0.20]
	at org.apache.groovy.json.internal.JsonParserCharArray.decodeValue(JsonParserCharArray.java:153) ~[groovy-json-3.0.20.jar:3.0.20]
	at org.apache.groovy.json.internal.JsonParserCharArray.decodeFromChars(JsonParserCharArray.java:43) ~[groovy-json-3.0.20.jar:3.0.20]
	at org.apache.groovy.json.internal.JsonParserCharArray.parse(JsonParserCharArray.java:380) ~[groovy-json-3.0.20.jar:3.0.20]
	at org.apache.groovy.json.internal.BaseJsonParser.parse(BaseJsonParser.java:113) ~[groovy-json-3.0.20.jar:3.0.20]
	at groovy.json.JsonSlurper.parseText(JsonSlurper.java:204) ~[groovy-json-3.0.20.jar:3.0.20]
	at groovy.json.JsonSlurper$parseText.call(Unknown Source) ~[?:?]
	at Script5.run(Script5.groovy:1) ~[?:?]
	at org.codehaus.groovy.jsr223.GroovyScriptEngineImpl.eval(GroovyScriptEngineImpl.java:317) ~[groovy-jsr223-3.0.20.jar:3.0.20]
	... 10 more
2026-08-31 17:33:36,826 ERROR o.a.j.a.JSR223Assertion: Problem in JSR223 script: Validate coupon amounts
javax.script.ScriptException: groovy.json.JsonException: Unable to determine the current character, it is not a string, number, array, or object

The current character read is '<' with an int value of 60
Unable to determine the current character, it is not a string, number, array, or object
line number 1
index number 0
<!DOCTYPE html>
^
	at org.codehaus.groovy.jsr223.GroovyScriptEngineImpl.eval(GroovyScriptEngineImpl.java:320) ~[groovy-jsr223-3.0.20.jar:3.0.20]
	at org.codehaus.groovy.jsr223.GroovyCompiledScript.eval(GroovyCompiledScript.java:71) ~[groovy-jsr223-3.0.20.jar:3.0.20]
	at java.scripting/javax.script.CompiledScript.eval(CompiledScript.java:93) ~[java.scripting:?]
	at org.apache.jmeter.util.JSR223TestElement.processFileOrScript(JSR223TestElement.java:230) ~[ApacheJMeter_core.jar:5.6.3]
	at org.apache.jmeter.assertions.JSR223Assertion.getResult(JSR223Assertion.java:50) ~[ApacheJMeter_components.jar:5.6.3]
	at org.apache.jmeter.threads.JMeterThread.processAssertion(JMeterThread.java:949) ~[ApacheJMeter_core.jar:5.6.3]
	at org.apache.jmeter.threads.JMeterThread.checkAssertions(JMeterThread.java:918) ~[ApacheJMeter_core.jar:5.6.3]
	at org.apache.jmeter.threads.JMeterThread.executeSamplePackage(JMeterThread.java:586) ~[ApacheJMeter_core.jar:5.6.3]
	at org.apache.jmeter.threads.JMeterThread.processSampler(JMeterThread.java:501) ~[ApacheJMeter_core.jar:5.6.3]
	at org.apache.jmeter.threads.JMeterThread.run(JMeterThread.java:268) ~[ApacheJMeter_core.jar:5.6.3]
	at java.base/java.lang.Thread.run(Thread.java:1583) [?:?]
Caused by: groovy.json.JsonException: Unable to determine the current character, it is not a string, number, array, or object

The current character read is '<' with an int value of 60
Unable to determine the current character, it is not a string, number, array, or object
line number 1
index number 0
<!DOCTYPE html>
^
	at org.apache.groovy.json.internal.JsonParserCharArray.decodeValueInternal(JsonParserCharArray.java:202) ~[groovy-json-3.0.20.jar:3.0.20]
	at org.apache.groovy.json.internal.JsonParserCharArray.decodeValue(JsonParserCharArray.java:153) ~[groovy-json-3.0.20.jar:3.0.20]
	at org.apache.groovy.json.internal.JsonParserCharArray.decodeFromChars(JsonParserCharArray.java:43) ~[groovy-json-3.0.20.jar:3.0.20]
	at org.apache.groovy.json.internal.JsonParserCharArray.parse(JsonParserCharArray.java:380) ~[groovy-json-3.0.20.jar:3.0.20]
	at org.apache.groovy.json.internal.BaseJsonParser.parse(BaseJsonParser.java:113) ~[groovy-json-3.0.20.jar:3.0.20]
	at groovy.json.JsonSlurper.parseText(JsonSlurper.java:204) ~[groovy-json-3.0.20.jar:3.0.20]
	at groovy.json.JsonSlurper$parseText.call(Unknown Source) ~[?:?]
	at Script5.run(Script5.groovy:1) ~[?:?]
	at org.codehaus.groovy.jsr223.GroovyScriptEngineImpl.eval(GroovyScriptEngineImpl.java:317) ~[groovy-jsr223-3.0.20.jar:3.0.20]
	... 10 more
2026-08-31 17:33:36,934 ERROR o.a.j.a.JSR223Assertion: Problem in JSR223 script: Validate coupon amounts
javax.script.ScriptException: groovy.json.JsonException: Unable to determine the current character, it is not a string, number, array, or object

The current character read is '<' with an int value of 60
Unable to determine the current character, it is not a string, number, array, or object
line number 1
index number 0
<!DOCTYPE html>
^
	at org.codehaus.groovy.jsr223.GroovyScriptEngineImpl.eval(GroovyScriptEngineImpl.java:320) ~[groovy-jsr223-3.0.20.jar:3.0.20]
	at org.codehaus.groovy.jsr223.GroovyCompiledScript.eval(GroovyCompiledScript.java:71) ~[groovy-jsr223-3.0.20.jar:3.0.20]
	at java.scripting/javax.script.CompiledScript.eval(CompiledScript.java:93) ~[java.scripting:?]
	at org.apache.jmeter.util.JSR223TestElement.processFileOrScript(JSR223TestElement.java:230) ~[ApacheJMeter_core.jar:5.6.3]
	at org.apache.jmeter.assertions.JSR223Assertion.getResult(JSR223Assertion.java:50) ~[ApacheJMeter_components.jar:5.6.3]
	at org.apache.jmeter.threads.JMeterThread.processAssertion(JMeterThread.java:949) ~[ApacheJMeter_core.jar:5.6.3]
	at org.apache.jmeter.threads.JMeterThread.checkAssertions(JMeterThread.java:918) ~[ApacheJMeter_core.jar:5.6.3]
	at org.apache.jmeter.threads.JMeterThread.executeSamplePackage(JMeterThread.java:586) ~[ApacheJMeter_core.jar:5.6.3]
	at org.apache.jmeter.threads.JMeterThread.processSampler(JMeterThread.java:501) ~[ApacheJMeter_core.jar:5.6.3]
	at org.apache.jmeter.threads.JMeterThread.run(JMeterThread.java:268) ~[ApacheJMeter_core.jar:5.6.3]
	at java.base/java.lang.Thread.run(Thread.java:1583) [?:?]
Caused by: groovy.json.JsonException: Unable to determine the current character, it is not a string, number, array, or object

The current character read is '<' with an int value of 60
Unable to determine the current character, it is not a string, number, array, or object
line number 1
index number 0
<!DOCTYPE html>
^
	at org.apache.groovy.json.internal.JsonParserCharArray.decodeValueInternal(JsonParserCharArray.java:202) ~[groovy-json-3.0.20.jar:3.0.20]
	at org.apache.groovy.json.internal.JsonParserCharArray.decodeValue(JsonParserCharArray.java:153) ~[groovy-json-3.0.20.jar:3.0.20]
	at org.apache.groovy.json.internal.JsonParserCharArray.decodeFromChars(JsonParserCharArray.java:43) ~[groovy-json-3.0.20.jar:3.0.20]
	at org.apache.groovy.json.internal.JsonParserCharArray.parse(JsonParserCharArray.java:380) ~[groovy-json-3.0.20.jar:3.0.20]
	at org.apache.groovy.json.internal.BaseJsonParser.parse(BaseJsonParser.java:113) ~[groovy-json-3.0.20.jar:3.0.20]
	at groovy.json.JsonSlurper.parseText(JsonSlurper.java:204) ~[groovy-json-3.0.20.jar:3.0.20]
	at groovy.json.JsonSlurper$parseText.call(Unknown Source) ~[?:?]
	at Script5.run(Script5.groovy:1) ~[?:?]
	at org.codehaus.groovy.jsr223.GroovyScriptEngineImpl.eval(GroovyScriptEngineImpl.java:317) ~[groovy-jsr223-3.0.20.jar:3.0.20]
	... 10 more
2026-08-31 17:33:37,299 ERROR o.a.j.a.JSR223Assertion: Problem in JSR223 script: Validate coupon amounts
javax.script.ScriptException: groovy.json.JsonException: Unable to determine the current character, it is not a string, number, array, or object

The current character read is '<' with an int value of 60
Unable to determine the current character, it is not a string, number, array, or object
line number 1
index number 0
<!DOCTYPE html>
^
	at org.codehaus.groovy.jsr223.GroovyScriptEngineImpl.eval(GroovyScriptEngineImpl.java:320) ~[groovy-jsr223-3.0.20.jar:3.0.20]
	at org.codehaus.groovy.jsr223.GroovyCompiledScript.eval(GroovyCompiledScript.java:71) ~[groovy-jsr223-3.0.20.jar:3.0.20]
	at java.scripting/javax.script.CompiledScript.eval(CompiledScript.java:93) ~[java.scripting:?]
	at org.apache.jmeter.util.JSR223TestElement.processFileOrScript(JSR223TestElement.java:230) ~[ApacheJMeter_core.jar:5.6.3]
	at org.apache.jmeter.assertions.JSR223Assertion.getResult(JSR223Assertion.java:50) ~[ApacheJMeter_components.jar:5.6.3]
	at org.apache.jmeter.threads.JMeterThread.processAssertion(JMeterThread.java:949) ~[ApacheJMeter_core.jar:5.6.3]
	at org.apache.jmeter.threads.JMeterThread.checkAssertions(JMeterThread.java:918) ~[ApacheJMeter_core.jar:5.6.3]
	at org.apache.jmeter.threads.JMeterThread.executeSamplePackage(JMeterThread.java:586) ~[ApacheJMeter_core.jar:5.6.3]
	at org.apache.jmeter.threads.JMeterThread.processSampler(JMeterThread.java:501) ~[ApacheJMeter_core.jar:5.6.3]
	at org.apache.jmeter.threads.JMeterThread.run(JMeterThread.java:268) ~[ApacheJMeter_core.jar:5.6.3]
	at java.base/java.lang.Thread.run(Thread.java:1583) [?:?]
Caused by: groovy.json.JsonException: Unable to determine the current character, it is not a string, number, array, or object

The current character read is '<' with an int value of 60
Unable to determine the current character, it is not a string, number, array, or object
line number 1
index number 0
<!DOCTYPE html>
^
	at org.apache.groovy.json.internal.JsonParserCharArray.decodeValueInternal(JsonParserCharArray.java:202) ~[groovy-json-3.0.20.jar:3.0.20]
	at org.apache.groovy.json.internal.JsonParserCharArray.decodeValue(JsonParserCharArray.java:153) ~[groovy-json-3.0.20.jar:3.0.20]
	at org.apache.groovy.json.internal.JsonParserCharArray.decodeFromChars(JsonParserCharArray.java:43) ~[groovy-json-3.0.20.jar:3.0.20]
	at org.apache.groovy.json.internal.JsonParserCharArray.parse(JsonParserCharArray.java:380) ~[groovy-json-3.0.20.jar:3.0.20]
	at org.apache.groovy.json.internal.BaseJsonParser.parse(BaseJsonParser.java:113) ~[groovy-json-3.0.20.jar:3.0.20]
	at groovy.json.JsonSlurper.parseText(JsonSlurper.java:204) ~[groovy-json-3.0.20.jar:3.0.20]
	at groovy.json.JsonSlurper$parseText.call(Unknown Source) ~[?:?]
	at Script5.run(Script5.groovy:1) ~[?:?]
	at org.codehaus.groovy.jsr223.GroovyScriptEngineImpl.eval(GroovyScriptEngineImpl.java:317) ~[groovy-jsr223-3.0.20.jar:3.0.20]
	... 10 more
2026-08-31 17:33:37,951 ERROR o.a.j.a.JSR223Assertion: Problem in JSR223 script: Validate coupon amounts
javax.script.ScriptException: groovy.json.JsonException: Unable to determine the current character, it is not a string, number, array, or object

The current character read is '<' with an int value of 60
Unable to determine the current character, it is not a string, number, array, or object
line number 1
index number 0
<!DOCTYPE html>
^
	at org.codehaus.groovy.jsr223.GroovyScriptEngineImpl.eval(GroovyScriptEngineImpl.java:320) ~[groovy-jsr223-3.0.20.jar:3.0.20]
	at org.codehaus.groovy.jsr223.GroovyCompiledScript.eval(GroovyCompiledScript.java:71) ~[groovy-jsr223-3.0.20.jar:3.0.20]
	at java.scripting/javax.script.CompiledScript.eval(CompiledScript.java:93) ~[java.scripting:?]
	at org.apache.jmeter.util.JSR223TestElement.processFileOrScript(JSR223TestElement.java:230) ~[ApacheJMeter_core.jar:5.6.3]
	at org.apache.jmeter.assertions.JSR223Assertion.getResult(JSR223Assertion.java:50) ~[ApacheJMeter_components.jar:5.6.3]
	at org.apache.jmeter.threads.JMeterThread.processAssertion(JMeterThread.java:949) ~[ApacheJMeter_core.jar:5.6.3]
	at org.apache.jmeter.threads.JMeterThread.checkAssertions(JMeterThread.java:918) ~[ApacheJMeter_core.jar:5.6.3]
	at org.apache.jmeter.threads.JMeterThread.executeSamplePackage(JMeterThread.java:586) ~[ApacheJMeter_core.jar:5.6.3]
	at org.apache.jmeter.threads.JMeterThread.processSampler(JMeterThread.java:501) ~[ApacheJMeter_core.jar:5.6.3]
	at org.apache.jmeter.threads.JMeterThread.run(JMeterThread.java:268) ~[ApacheJMeter_core.jar:5.6.3]
	at java.base/java.lang.Thread.run(Thread.java:1583) [?:?]
Caused by: groovy.json.JsonException: Unable to determine the current character, it is not a string, number, array, or object

The current character read is '<' with an int value of 60
Unable to determine the current character, it is not a string, number, array, or object
line number 1
index number 0
<!DOCTYPE html>
^
	at org.apache.groovy.json.internal.JsonParserCharArray.decodeValueInternal(JsonParserCharArray.java:202) ~[groovy-json-3.0.20.jar:3.0.20]
	at org.apache.groovy.json.internal.JsonParserCharArray.decodeValue(JsonParserCharArray.java:153) ~[groovy-json-3.0.20.jar:3.0.20]
	at org.apache.groovy.json.internal.JsonParserCharArray.decodeFromChars(JsonParserCharArray.java:43) ~[groovy-json-3.0.20.jar:3.0.20]
	at org.apache.groovy.json.internal.JsonParserCharArray.parse(JsonParserCharArray.java:380) ~[groovy-json-3.0.20.jar:3.0.20]
	at org.apache.groovy.json.internal.BaseJsonParser.parse(BaseJsonParser.java:113) ~[groovy-json-3.0.20.jar:3.0.20]
	at groovy.json.JsonSlurper.parseText(JsonSlurper.java:204) ~[groovy-json-3.0.20.jar:3.0.20]
	at groovy.json.JsonSlurper$parseText.call(Unknown Source) ~[?:?]
	at Script5.run(Script5.groovy:1) ~[?:?]
	at org.codehaus.groovy.jsr223.GroovyScriptEngineImpl.eval(GroovyScriptEngineImpl.java:317) ~[groovy-jsr223-3.0.20.jar:3.0.20]
	... 10 more
2026-08-31 17:33:38,185 ERROR o.a.j.a.JSR223Assertion: Problem in JSR223 script: Validate coupon amounts
javax.script.ScriptException: groovy.json.JsonException: Unable to determine the current character, it is not a string, number, array, or object

The current character read is '<' with an int value of 60
Unable to determine the current character, it is not a string, number, array, or object
line number 1
index number 0
<!DOCTYPE html>
^
	at org.codehaus.groovy.jsr223.GroovyScriptEngineImpl.eval(GroovyScriptEngineImpl.java:320) ~[groovy-jsr223-3.0.20.jar:3.0.20]
	at org.codehaus.groovy.jsr223.GroovyCompiledScript.eval(GroovyCompiledScript.java:71) ~[groovy-jsr223-3.0.20.jar:3.0.20]
	at java.scripting/javax.script.CompiledScript.eval(CompiledScript.java:93) ~[java.scripting:?]
	at org.apache.jmeter.util.JSR223TestElement.processFileOrScript(JSR223TestElement.java:230) ~[ApacheJMeter_core.jar:5.6.3]
	at org.apache.jmeter.assertions.JSR223Assertion.getResult(JSR223Assertion.java:50) ~[ApacheJMeter_components.jar:5.6.3]
	at org.apache.jmeter.threads.JMeterThread.processAssertion(JMeterThread.java:949) ~[ApacheJMeter_core.jar:5.6.3]
	at org.apache.jmeter.threads.JMeterThread.checkAssertions(JMeterThread.java:918) ~[ApacheJMeter_core.jar:5.6.3]
	at org.apache.jmeter.threads.JMeterThread.executeSamplePackage(JMeterThread.java:586) ~[ApacheJMeter_core.jar:5.6.3]
	at org.apache.jmeter.threads.JMeterThread.processSampler(JMeterThread.java:501) ~[ApacheJMeter_core.jar:5.6.3]
	at org.apache.jmeter.threads.JMeterThread.run(JMeterThread.java:268) ~[ApacheJMeter_core.jar:5.6.3]
	at java.base/java.lang.Thread.run(Thread.java:1583) [?:?]
Caused by: groovy.json.JsonException: Unable to determine the current character, it is not a string, number, array, or object

The current character read is '<' with an int value of 60
Unable to determine the current character, it is not a string, number, array, or object
line number 1
index number 0
<!DOCTYPE html>
^
	at org.apache.groovy.json.internal.JsonParserCharArray.decodeValueInternal(JsonParserCharArray.java:202) ~[groovy-json-3.0.20.jar:3.0.20]
	at org.apache.groovy.json.internal.JsonParserCharArray.decodeValue(JsonParserCharArray.java:153) ~[groovy-json-3.0.20.jar:3.0.20]
	at org.apache.groovy.json.internal.JsonParserCharArray.decodeFromChars(JsonParserCharArray.java:43) ~[groovy-json-3.0.20.jar:3.0.20]
	at org.apache.groovy.json.internal.JsonParserCharArray.parse(JsonParserCharArray.java:380) ~[groovy-json-3.0.20.jar:3.0.20]
	at org.apache.groovy.json.internal.BaseJsonParser.parse(BaseJsonParser.java:113) ~[groovy-json-3.0.20.jar:3.0.20]
	at groovy.json.JsonSlurper.parseText(JsonSlurper.java:204) ~[groovy-json-3.0.20.jar:3.0.20]
	at groovy.json.JsonSlurper$parseText.call(Unknown Source) ~[?:?]
	at Script5.run(Script5.groovy:1) ~[?:?]
	at org.codehaus.groovy.jsr223.GroovyScriptEngineImpl.eval(GroovyScriptEngineImpl.java:317) ~[groovy-jsr223-3.0.20.jar:3.0.20]
	... 10 more
2026-08-31 17:33:38,419 ERROR o.a.j.a.JSR223Assertion: Problem in JSR223 script: Validate coupon amounts
javax.script.ScriptException: groovy.json.JsonException: Unable to determine the current character, it is not a string, number, array, or object

The current character read is '<' with an int value of 60
Unable to determine the current character, it is not a string, number, array, or object
line number 1
index number 0
<!DOCTYPE html>
^
	at org.codehaus.groovy.jsr223.GroovyScriptEngineImpl.eval(GroovyScriptEngineImpl.java:320) ~[groovy-jsr223-3.0.20.jar:3.0.20]
	at org.codehaus.groovy.jsr223.GroovyCompiledScript.eval(GroovyCompiledScript.java:71) ~[groovy-jsr223-3.0.20.jar:3.0.20]
	at java.scripting/javax.script.CompiledScript.eval(CompiledScript.java:93) ~[java.scripting:?]
	at org.apache.jmeter.util.JSR223TestElement.processFileOrScript(JSR223TestElement.java:230) ~[ApacheJMeter_core.jar:5.6.3]
	at org.apache.jmeter.assertions.JSR223Assertion.getResult(JSR223Assertion.java:50) ~[ApacheJMeter_components.jar:5.6.3]
	at org.apache.jmeter.threads.JMeterThread.processAssertion(JMeterThread.java:949) ~[ApacheJMeter_core.jar:5.6.3]
	at org.apache.jmeter.threads.JMeterThread.checkAssertions(JMeterThread.java:918) ~[ApacheJMeter_core.jar:5.6.3]
	at org.apache.jmeter.threads.JMeterThread.executeSamplePackage(JMeterThread.java:586) ~[ApacheJMeter_core.jar:5.6.3]
	at org.apache.jmeter.threads.JMeterThread.processSampler(JMeterThread.java:501) ~[ApacheJMeter_core.jar:5.6.3]
	at org.apache.jmeter.threads.JMeterThread.run(JMeterThread.java:268) ~[ApacheJMeter_core.jar:5.6.3]
	at java.base/java.lang.Thread.run(Thread.java:1583) [?:?]
Caused by: groovy.json.JsonException: Unable to determine the current character, it is not a string, number, array, or object

The current character read is '<' with an int value of 60
Unable to determine the current character, it is not a string, number, array, or object
line number 1
index number 0
<!DOCTYPE html>
^
	at org.apache.groovy.json.internal.JsonParserCharArray.decodeValueInternal(JsonParserCharArray.java:202) ~[groovy-json-3.0.20.jar:3.0.20]
	at org.apache.groovy.json.internal.JsonParserCharArray.decodeValue(JsonParserCharArray.java:153) ~[groovy-json-3.0.20.jar:3.0.20]
	at org.apache.groovy.json.internal.JsonParserCharArray.decodeFromChars(JsonParserCharArray.java:43) ~[groovy-json-3.0.20.jar:3.0.20]
	at org.apache.groovy.json.internal.JsonParserCharArray.parse(JsonParserCharArray.java:380) ~[groovy-json-3.0.20.jar:3.0.20]
	at org.apache.groovy.json.internal.BaseJsonParser.parse(BaseJsonParser.java:113) ~[groovy-json-3.0.20.jar:3.0.20]
	at groovy.json.JsonSlurper.parseText(JsonSlurper.java:204) ~[groovy-json-3.0.20.jar:3.0.20]
	at groovy.json.JsonSlurper$parseText.call(Unknown Source) ~[?:?]
	at Script5.run(Script5.groovy:1) ~[?:?]
	at org.codehaus.groovy.jsr223.GroovyScriptEngineImpl.eval(GroovyScriptEngineImpl.java:317) ~[groovy-jsr223-3.0.20.jar:3.0.20]
	... 10 more
2026-08-31 17:33:38,927 ERROR o.a.j.a.JSR223Assertion: Problem in JSR223 script: Validate coupon amounts
javax.script.ScriptException: groovy.json.JsonException: Unable to determine the current character, it is not a string, number, array, or object

The current character read is '<' with an int value of 60
Unable to determine the current character, it is not a string, number, array, or object
line number 1
index number 0
<!DOCTYPE html>
^
	at org.codehaus.groovy.jsr223.GroovyScriptEngineImpl.eval(GroovyScriptEngineImpl.java:320) ~[groovy-jsr223-3.0.20.jar:3.0.20]
	at org.codehaus.groovy.jsr223.GroovyCompiledScript.eval(GroovyCompiledScript.java:71) ~[groovy-jsr223-3.0.20.jar:3.0.20]
	at java.scripting/javax.script.CompiledScript.eval(CompiledScript.java:93) ~[java.scripting:?]
	at org.apache.jmeter.util.JSR223TestElement.processFileOrScript(JSR223TestElement.java:230) ~[ApacheJMeter_core.jar:5.6.3]
	at org.apache.jmeter.assertions.JSR223Assertion.getResult(JSR223Assertion.java:50) ~[ApacheJMeter_components.jar:5.6.3]
	at org.apache.jmeter.threads.JMeterThread.processAssertion(JMeterThread.java:949) ~[ApacheJMeter_core.jar:5.6.3]
	at org.apache.jmeter.threads.JMeterThread.checkAssertions(JMeterThread.java:918) ~[ApacheJMeter_core.jar:5.6.3]
	at org.apache.jmeter.threads.JMeterThread.executeSamplePackage(JMeterThread.java:586) ~[ApacheJMeter_core.jar:5.6.3]
	at org.apache.jmeter.threads.JMeterThread.processSampler(JMeterThread.java:501) ~[ApacheJMeter_core.jar:5.6.3]
	at org.apache.jmeter.threads.JMeterThread.run(JMeterThread.java:268) ~[ApacheJMeter_core.jar:5.6.3]
	at java.base/java.lang.Thread.run(Thread.java:1583) [?:?]
Caused by: groovy.json.JsonException: Unable to determine the current character, it is not a string, number, array, or object

The current character read is '<' with an int value of 60
Unable to determine the current character, it is not a string, number, array, or object
line number 1
index number 0
<!DOCTYPE html>
^
	at org.apache.groovy.json.internal.JsonParserCharArray.decodeValueInternal(JsonParserCharArray.java:202) ~[groovy-json-3.0.20.jar:3.0.20]
	at org.apache.groovy.json.internal.JsonParserCharArray.decodeValue(JsonParserCharArray.java:153) ~[groovy-json-3.0.20.jar:3.0.20]
	at org.apache.groovy.json.internal.JsonParserCharArray.decodeFromChars(JsonParserCharArray.java:43) ~[groovy-json-3.0.20.jar:3.0.20]
	at org.apache.groovy.json.internal.JsonParserCharArray.parse(JsonParserCharArray.java:380) ~[groovy-json-3.0.20.jar:3.0.20]
	at org.apache.groovy.json.internal.BaseJsonParser.parse(BaseJsonParser.java:113) ~[groovy-json-3.0.20.jar:3.0.20]
	at groovy.json.JsonSlurper.parseText(JsonSlurper.java:204) ~[groovy-json-3.0.20.jar:3.0.20]
	at groovy.json.JsonSlurper$parseText.call(Unknown Source) ~[?:?]
	at Script5.run(Script5.groovy:1) ~[?:?]
	at org.codehaus.groovy.jsr223.GroovyScriptEngineImpl.eval(GroovyScriptEngineImpl.java:317) ~[groovy-jsr223-3.0.20.jar:3.0.20]
	... 10 more
2026-08-31 17:33:39,136 ERROR o.a.j.a.JSR223Assertion: Problem in JSR223 script: Validate coupon amounts
javax.script.ScriptException: groovy.json.JsonException: Unable to determine the current character, it is not a string, number, array, or object

The current character read is '<' with an int value of 60
Unable to determine the current character, it is not a string, number, array, or object
line number 1
index number 0
<!DOCTYPE html>
^
	at org.codehaus.groovy.jsr223.GroovyScriptEngineImpl.eval(GroovyScriptEngineImpl.java:320) ~[groovy-jsr223-3.0.20.jar:3.0.20]
	at org.codehaus.groovy.jsr223.GroovyCompiledScript.eval(GroovyCompiledScript.java:71) ~[groovy-jsr223-3.0.20.jar:3.0.20]
	at java.scripting/javax.script.CompiledScript.eval(CompiledScript.java:93) ~[java.scripting:?]
	at org.apache.jmeter.util.JSR223TestElement.processFileOrScript(JSR223TestElement.java:230) ~[ApacheJMeter_core.jar:5.6.3]
	at org.apache.jmeter.assertions.JSR223Assertion.getResult(JSR223Assertion.java:50) ~[ApacheJMeter_components.jar:5.6.3]
	at org.apache.jmeter.threads.JMeterThread.processAssertion(JMeterThread.java:949) ~[ApacheJMeter_core.jar:5.6.3]
	at org.apache.jmeter.threads.JMeterThread.checkAssertions(JMeterThread.java:918) ~[ApacheJMeter_core.jar:5.6.3]
	at org.apache.jmeter.threads.JMeterThread.executeSamplePackage(JMeterThread.java:586) ~[ApacheJMeter_core.jar:5.6.3]
	at org.apache.jmeter.threads.JMeterThread.processSampler(JMeterThread.java:501) ~[ApacheJMeter_core.jar:5.6.3]
	at org.apache.jmeter.threads.JMeterThread.run(JMeterThread.java:268) ~[ApacheJMeter_core.jar:5.6.3]
	at java.base/java.lang.Thread.run(Thread.java:1583) [?:?]
Caused by: groovy.json.JsonException: Unable to determine the current character, it is not a string, number, array, or object

The current character read is '<' with an int value of 60
Unable to determine the current character, it is not a string, number, array, or object
line number 1
index number 0
<!DOCTYPE html>
^
	at org.apache.groovy.json.internal.JsonParserCharArray.decodeValueInternal(JsonParserCharArray.java:202) ~[groovy-json-3.0.20.jar:3.0.20]
	at org.apache.groovy.json.internal.JsonParserCharArray.decodeValue(JsonParserCharArray.java:153) ~[groovy-json-3.0.20.jar:3.0.20]
	at org.apache.groovy.json.internal.JsonParserCharArray.decodeFromChars(JsonParserCharArray.java:43) ~[groovy-json-3.0.20.jar:3.0.20]
	at org.apache.groovy.json.internal.JsonParserCharArray.parse(JsonParserCharArray.java:380) ~[groovy-json-3.0.20.jar:3.0.20]
	at org.apache.groovy.json.internal.BaseJsonParser.parse(BaseJsonParser.java:113) ~[groovy-json-3.0.20.jar:3.0.20]
	at groovy.json.JsonSlurper.parseText(JsonSlurper.java:204) ~[groovy-json-3.0.20.jar:3.0.20]
	at groovy.json.JsonSlurper$parseText.call(Unknown Source) ~[?:?]
	at Script5.run(Script5.groovy:1) ~[?:?]
	at org.codehaus.groovy.jsr223.GroovyScriptEngineImpl.eval(GroovyScriptEngineImpl.java:317) ~[groovy-jsr223-3.0.20.jar:3.0.20]
	... 10 more
2026-08-31 17:33:39,324 ERROR o.a.j.a.JSR223Assertion: Problem in JSR223 script: Validate coupon amounts
javax.script.ScriptException: groovy.json.JsonException: Unable to determine the current character, it is not a string, number, array, or object

The current character read is '<' with an int value of 60
Unable to determine the current character, it is not a string, number, array, or object
line number 1
index number 0
<!DOCTYPE html>
^
	at org.codehaus.groovy.jsr223.GroovyScriptEngineImpl.eval(GroovyScriptEngineImpl.java:320) ~[groovy-jsr223-3.0.20.jar:3.0.20]
	at org.codehaus.groovy.jsr223.GroovyCompiledScript.eval(GroovyCompiledScript.java:71) ~[groovy-jsr223-3.0.20.jar:3.0.20]
	at java.scripting/javax.script.CompiledScript.eval(CompiledScript.java:93) ~[java.scripting:?]
	at org.apache.jmeter.util.JSR223TestElement.processFileOrScript(JSR223TestElement.java:230) ~[ApacheJMeter_core.jar:5.6.3]
	at org.apache.jmeter.assertions.JSR223Assertion.getResult(JSR223Assertion.java:50) ~[ApacheJMeter_components.jar:5.6.3]
	at org.apache.jmeter.threads.JMeterThread.processAssertion(JMeterThread.java:949) ~[ApacheJMeter_core.jar:5.6.3]
	at org.apache.jmeter.threads.JMeterThread.checkAssertions(JMeterThread.java:918) ~[ApacheJMeter_core.jar:5.6.3]
	at org.apache.jmeter.threads.JMeterThread.executeSamplePackage(JMeterThread.java:586) ~[ApacheJMeter_core.jar:5.6.3]
	at org.apache.jmeter.threads.JMeterThread.processSampler(JMeterThread.java:501) ~[ApacheJMeter_core.jar:5.6.3]
	at org.apache.jmeter.threads.JMeterThread.run(JMeterThread.java:268) ~[ApacheJMeter_core.jar:5.6.3]
	at java.base/java.lang.Thread.run(Thread.java:1583) [?:?]
Caused by: groovy.json.JsonException: Unable to determine the current character, it is not a string, number, array, or object

The current character read is '<' with an int value of 60
Unable to determine the current character, it is not a string, number, array, or object
line number 1
index number 0
<!DOCTYPE html>
^
	at org.apache.groovy.json.internal.JsonParserCharArray.decodeValueInternal(JsonParserCharArray.java:202) ~[groovy-json-3.0.20.jar:3.0.20]
	at org.apache.groovy.json.internal.JsonParserCharArray.decodeValue(JsonParserCharArray.java:153) ~[groovy-json-3.0.20.jar:3.0.20]
	at org.apache.groovy.json.internal.JsonParserCharArray.decodeFromChars(JsonParserCharArray.java:43) ~[groovy-json-3.0.20.jar:3.0.20]
	at org.apache.groovy.json.internal.JsonParserCharArray.parse(JsonParserCharArray.java:380) ~[groovy-json-3.0.20.jar:3.0.20]
	at org.apache.groovy.json.internal.BaseJsonParser.parse(BaseJsonParser.java:113) ~[groovy-json-3.0.20.jar:3.0.20]
	at groovy.json.JsonSlurper.parseText(JsonSlurper.java:204) ~[groovy-json-3.0.20.jar:3.0.20]
	at groovy.json.JsonSlurper$parseText.call(Unknown Source) ~[?:?]
	at Script5.run(Script5.groovy:1) ~[?:?]
	at org.codehaus.groovy.jsr223.GroovyScriptEngineImpl.eval(GroovyScriptEngineImpl.java:317) ~[groovy-jsr223-3.0.20.jar:3.0.20]
	... 10 more
2026-08-31 17:33:39,844 ERROR o.a.j.a.JSR223Assertion: Problem in JSR223 script: Validate coupon amounts
javax.script.ScriptException: groovy.json.JsonException: Unable to determine the current character, it is not a string, number, array, or object

The current character read is '<' with an int value of 60
Unable to determine the current character, it is not a string, number, array, or object
line number 1
index number 0
<!DOCTYPE html>
^
	at org.codehaus.groovy.jsr223.GroovyScriptEngineImpl.eval(GroovyScriptEngineImpl.java:320) ~[groovy-jsr223-3.0.20.jar:3.0.20]
	at org.codehaus.groovy.jsr223.GroovyCompiledScript.eval(GroovyCompiledScript.java:71) ~[groovy-jsr223-3.0.20.jar:3.0.20]
	at java.scripting/javax.script.CompiledScript.eval(CompiledScript.java:93) ~[java.scripting:?]
	at org.apache.jmeter.util.JSR223TestElement.processFileOrScript(JSR223TestElement.java:230) ~[ApacheJMeter_core.jar:5.6.3]
	at org.apache.jmeter.assertions.JSR223Assertion.getResult(JSR223Assertion.java:50) ~[ApacheJMeter_components.jar:5.6.3]
	at org.apache.jmeter.threads.JMeterThread.processAssertion(JMeterThread.java:949) ~[ApacheJMeter_core.jar:5.6.3]
	at org.apache.jmeter.threads.JMeterThread.checkAssertions(JMeterThread.java:918) ~[ApacheJMeter_core.jar:5.6.3]
	at org.apache.jmeter.threads.JMeterThread.executeSamplePackage(JMeterThread.java:586) ~[ApacheJMeter_core.jar:5.6.3]
	at org.apache.jmeter.threads.JMeterThread.processSampler(JMeterThread.java:501) ~[ApacheJMeter_core.jar:5.6.3]
	at org.apache.jmeter.threads.JMeterThread.run(JMeterThread.java:268) ~[ApacheJMeter_core.jar:5.6.3]
	at java.base/java.lang.Thread.run(Thread.java:1583) [?:?]
Caused by: groovy.json.JsonException: Unable to determine the current character, it is not a string, number, array, or object

The current character read is '<' with an int value of 60
Unable to determine the current character, it is not a string, number, array, or object
line number 1
index number 0
<!DOCTYPE html>
^
	at org.apache.groovy.json.internal.JsonParserCharArray.decodeValueInternal(JsonParserCharArray.java:202) ~[groovy-json-3.0.20.jar:3.0.20]
	at org.apache.groovy.json.internal.JsonParserCharArray.decodeValue(JsonParserCharArray.java:153) ~[groovy-json-3.0.20.jar:3.0.20]
	at org.apache.groovy.json.internal.JsonParserCharArray.decodeFromChars(JsonParserCharArray.java:43) ~[groovy-json-3.0.20.jar:3.0.20]
	at org.apache.groovy.json.internal.JsonParserCharArray.parse(JsonParserCharArray.java:380) ~[groovy-json-3.0.20.jar:3.0.20]
	at org.apache.groovy.json.internal.BaseJsonParser.parse(BaseJsonParser.java:113) ~[groovy-json-3.0.20.jar:3.0.20]
	at groovy.json.JsonSlurper.parseText(JsonSlurper.java:204) ~[groovy-json-3.0.20.jar:3.0.20]
	at groovy.json.JsonSlurper$parseText.call(Unknown Source) ~[?:?]
	at Script5.run(Script5.groovy:1) ~[?:?]
	at org.codehaus.groovy.jsr223.GroovyScriptEngineImpl.eval(GroovyScriptEngineImpl.java:317) ~[groovy-jsr223-3.0.20.jar:3.0.20]
	... 10 more
2026-08-31 17:33:40,026 ERROR o.a.j.a.JSR223Assertion: Problem in JSR223 script: Validate coupon amounts
javax.script.ScriptException: groovy.json.JsonException: Unable to determine the current character, it is not a string, number, array, or object

The current character read is '<' with an int value of 60
Unable to determine the current character, it is not a string, number, array, or object
line number 1
index number 0
<!DOCTYPE html>
^
	at org.codehaus.groovy.jsr223.GroovyScriptEngineImpl.eval(GroovyScriptEngineImpl.java:320) ~[groovy-jsr223-3.0.20.jar:3.0.20]
	at org.codehaus.groovy.jsr223.GroovyCompiledScript.eval(GroovyCompiledScript.java:71) ~[groovy-jsr223-3.0.20.jar:3.0.20]
	at java.scripting/javax.script.CompiledScript.eval(CompiledScript.java:93) ~[java.scripting:?]
	at org.apache.jmeter.util.JSR223TestElement.processFileOrScript(JSR223TestElement.java:230) ~[ApacheJMeter_core.jar:5.6.3]
	at org.apache.jmeter.assertions.JSR223Assertion.getResult(JSR223Assertion.java:50) ~[ApacheJMeter_components.jar:5.6.3]
	at org.apache.jmeter.threads.JMeterThread.processAssertion(JMeterThread.java:949) ~[ApacheJMeter_core.jar:5.6.3]
	at org.apache.jmeter.threads.JMeterThread.checkAssertions(JMeterThread.java:918) ~[ApacheJMeter_core.jar:5.6.3]
	at org.apache.jmeter.threads.JMeterThread.executeSamplePackage(JMeterThread.java:586) ~[ApacheJMeter_core.jar:5.6.3]
	at org.apache.jmeter.threads.JMeterThread.processSampler(JMeterThread.java:501) ~[ApacheJMeter_core.jar:5.6.3]
	at org.apache.jmeter.threads.JMeterThread.run(JMeterThread.java:268) ~[ApacheJMeter_core.jar:5.6.3]
	at java.base/java.lang.Thread.run(Thread.java:1583) [?:?]
Caused by: groovy.json.JsonException: Unable to determine the current character, it is not a string, number, array, or object

The current character read is '<' with an int value of 60
Unable to determine the current character, it is not a string, number, array, or object
line number 1
index number 0
<!DOCTYPE html>
^
	at org.apache.groovy.json.internal.JsonParserCharArray.decodeValueInternal(JsonParserCharArray.java:202) ~[groovy-json-3.0.20.jar:3.0.20]
	at org.apache.groovy.json.internal.JsonParserCharArray.decodeValue(JsonParserCharArray.java:153) ~[groovy-json-3.0.20.jar:3.0.20]
	at org.apache.groovy.json.internal.JsonParserCharArray.decodeFromChars(JsonParserCharArray.java:43) ~[groovy-json-3.0.20.jar:3.0.20]
	at org.apache.groovy.json.internal.JsonParserCharArray.parse(JsonParserCharArray.java:380) ~[groovy-json-3.0.20.jar:3.0.20]
	at org.apache.groovy.json.internal.BaseJsonParser.parse(BaseJsonParser.java:113) ~[groovy-json-3.0.20.jar:3.0.20]
	at groovy.json.JsonSlurper.parseText(JsonSlurper.java:204) ~[groovy-json-3.0.20.jar:3.0.20]
	at groovy.json.JsonSlurper$parseText.call(Unknown Source) ~[?:?]
	at Script5.run(Script5.groovy:1) ~[?:?]
	at org.codehaus.groovy.jsr223.GroovyScriptEngineImpl.eval(GroovyScriptEngineImpl.java:317) ~[groovy-jsr223-3.0.20.jar:3.0.20]
	... 10 more
2026-08-31 17:33:40,719 ERROR o.a.j.a.JSR223Assertion: Problem in JSR223 script: Validate coupon amounts
javax.script.ScriptException: groovy.json.JsonException: Unable to determine the current character, it is not a string, number, array, or object

The current character read is '<' with an int value of 60
Unable to determine the current character, it is not a string, number, array, or object
line number 1
index number 0
<!DOCTYPE html>
^
	at org.codehaus.groovy.jsr223.GroovyScriptEngineImpl.eval(GroovyScriptEngineImpl.java:320) ~[groovy-jsr223-3.0.20.jar:3.0.20]
	at org.codehaus.groovy.jsr223.GroovyCompiledScript.eval(GroovyCompiledScript.java:71) ~[groovy-jsr223-3.0.20.jar:3.0.20]
	at java.scripting/javax.script.CompiledScript.eval(CompiledScript.java:93) ~[java.scripting:?]
	at org.apache.jmeter.util.JSR223TestElement.processFileOrScript(JSR223TestElement.java:230) ~[ApacheJMeter_core.jar:5.6.3]
	at org.apache.jmeter.assertions.JSR223Assertion.getResult(JSR223Assertion.java:50) ~[ApacheJMeter_components.jar:5.6.3]
	at org.apache.jmeter.threads.JMeterThread.processAssertion(JMeterThread.java:949) ~[ApacheJMeter_core.jar:5.6.3]
	at org.apache.jmeter.threads.JMeterThread.checkAssertions(JMeterThread.java:918) ~[ApacheJMeter_core.jar:5.6.3]
	at org.apache.jmeter.threads.JMeterThread.executeSamplePackage(JMeterThread.java:586) ~[ApacheJMeter_core.jar:5.6.3]
	at org.apache.jmeter.threads.JMeterThread.processSampler(JMeterThread.java:501) ~[ApacheJMeter_core.jar:5.6.3]
	at org.apache.jmeter.threads.JMeterThread.run(JMeterThread.java:268) ~[ApacheJMeter_core.jar:5.6.3]
	at java.base/java.lang.Thread.run(Thread.java:1583) [?:?]
Caused by: groovy.json.JsonException: Unable to determine the current character, it is not a string, number, array, or object

The current character read is '<' with an int value of 60
Unable to determine the current character, it is not a string, number, array, or object
line number 1
index number 0
<!DOCTYPE html>
^
	at org.apache.groovy.json.internal.JsonParserCharArray.decodeValueInternal(JsonParserCharArray.java:202) ~[groovy-json-3.0.20.jar:3.0.20]
	at org.apache.groovy.json.internal.JsonParserCharArray.decodeValue(JsonParserCharArray.java:153) ~[groovy-json-3.0.20.jar:3.0.20]
	at org.apache.groovy.json.internal.JsonParserCharArray.decodeFromChars(JsonParserCharArray.java:43) ~[groovy-json-3.0.20.jar:3.0.20]
	at org.apache.groovy.json.internal.JsonParserCharArray.parse(JsonParserCharArray.java:380) ~[groovy-json-3.0.20.jar:3.0.20]
	at org.apache.groovy.json.internal.BaseJsonParser.parse(BaseJsonParser.java:113) ~[groovy-json-3.0.20.jar:3.0.20]
	at groovy.json.JsonSlurper.parseText(JsonSlurper.java:204) ~[groovy-json-3.0.20.jar:3.0.20]
	at groovy.json.JsonSlurper$parseText.call(Unknown Source) ~[?:?]
	at Script5.run(Script5.groovy:1) ~[?:?]
	at org.codehaus.groovy.jsr223.GroovyScriptEngineImpl.eval(GroovyScriptEngineImpl.java:317) ~[groovy-jsr223-3.0.20.jar:3.0.20]
	... 10 more
2026-08-31 17:33:40,847 ERROR o.a.j.a.JSR223Assertion: Problem in JSR223 script: Validate coupon amounts
javax.script.ScriptException: groovy.json.JsonException: Unable to determine the current character, it is not a string, number, array, or object

The current character read is '<' with an int value of 60
Unable to determine the current character, it is not a string, number, array, or object
line number 1
index number 0
<!DOCTYPE html>
^
	at org.codehaus.groovy.jsr223.GroovyScriptEngineImpl.eval(GroovyScriptEngineImpl.java:320) ~[groovy-jsr223-3.0.20.jar:3.0.20]
	at org.codehaus.groovy.jsr223.GroovyCompiledScript.eval(GroovyCompiledScript.java:71) ~[groovy-jsr223-3.0.20.jar:3.0.20]
	at java.scripting/javax.script.CompiledScript.eval(CompiledScript.java:93) ~[java.scripting:?]
	at org.apache.jmeter.util.JSR223TestElement.processFileOrScript(JSR223TestElement.java:230) ~[ApacheJMeter_core.jar:5.6.3]
	at org.apache.jmeter.assertions.JSR223Assertion.getResult(JSR223Assertion.java:50) ~[ApacheJMeter_components.jar:5.6.3]
	at org.apache.jmeter.threads.JMeterThread.processAssertion(JMeterThread.java:949) ~[ApacheJMeter_core.jar:5.6.3]
	at org.apache.jmeter.threads.JMeterThread.checkAssertions(JMeterThread.java:918) ~[ApacheJMeter_core.jar:5.6.3]
	at org.apache.jmeter.threads.JMeterThread.executeSamplePackage(JMeterThread.java:586) ~[ApacheJMeter_core.jar:5.6.3]
	at org.apache.jmeter.threads.JMeterThread.processSampler(JMeterThread.java:501) ~[ApacheJMeter_core.jar:5.6.3]
	at org.apache.jmeter.threads.JMeterThread.run(JMeterThread.java:268) ~[ApacheJMeter_core.jar:5.6.3]
	at java.base/java.lang.Thread.run(Thread.java:1583) [?:?]
Caused by: groovy.json.JsonException: Unable to determine the current character, it is not a string, number, array, or object

The current character read is '<' with an int value of 60
Unable to determine the current character, it is not a string, number, array, or object
line number 1
index number 0
<!DOCTYPE html>
^
	at org.apache.groovy.json.internal.JsonParserCharArray.decodeValueInternal(JsonParserCharArray.java:202) ~[groovy-json-3.0.20.jar:3.0.20]
	at org.apache.groovy.json.internal.JsonParserCharArray.decodeValue(JsonParserCharArray.java:153) ~[groovy-json-3.0.20.jar:3.0.20]
	at org.apache.groovy.json.internal.JsonParserCharArray.decodeFromChars(JsonParserCharArray.java:43) ~[groovy-json-3.0.20.jar:3.0.20]
	at org.apache.groovy.json.internal.JsonParserCharArray.parse(JsonParserCharArray.java:380) ~[groovy-json-3.0.20.jar:3.0.20]
	at org.apache.groovy.json.internal.BaseJsonParser.parse(BaseJsonParser.java:113) ~[groovy-json-3.0.20.jar:3.0.20]
	at groovy.json.JsonSlurper.parseText(JsonSlurper.java:204) ~[groovy-json-3.0.20.jar:3.0.20]
	at groovy.json.JsonSlurper$parseText.call(Unknown Source) ~[?:?]
	at Script5.run(Script5.groovy:1) ~[?:?]
	at org.codehaus.groovy.jsr223.GroovyScriptEngineImpl.eval(GroovyScriptEngineImpl.java:317) ~[groovy-jsr223-3.0.20.jar:3.0.20]
	... 10 more
2026-08-31 17:33:41,031 ERROR o.a.j.a.JSR223Assertion: Problem in JSR223 script: Validate coupon amounts
javax.script.ScriptException: groovy.json.JsonException: Unable to determine the current character, it is not a string, number, array, or object

The current character read is '<' with an int value of 60
Unable to determine the current character, it is not a string, number, array, or object
line number 1
index number 0
<!DOCTYPE html>
^
	at org.codehaus.groovy.jsr223.GroovyScriptEngineImpl.eval(GroovyScriptEngineImpl.java:320) ~[groovy-jsr223-3.0.20.jar:3.0.20]
	at org.codehaus.groovy.jsr223.GroovyCompiledScript.eval(GroovyCompiledScript.java:71) ~[groovy-jsr223-3.0.20.jar:3.0.20]
	at java.scripting/javax.script.CompiledScript.eval(CompiledScript.java:93) ~[java.scripting:?]
	at org.apache.jmeter.util.JSR223TestElement.processFileOrScript(JSR223TestElement.java:230) ~[ApacheJMeter_core.jar:5.6.3]
	at org.apache.jmeter.assertions.JSR223Assertion.getResult(JSR223Assertion.java:50) ~[ApacheJMeter_components.jar:5.6.3]
	at org.apache.jmeter.threads.JMeterThread.processAssertion(JMeterThread.java:949) ~[ApacheJMeter_core.jar:5.6.3]
	at org.apache.jmeter.threads.JMeterThread.checkAssertions(JMeterThread.java:918) ~[ApacheJMeter_core.jar:5.6.3]
	at org.apache.jmeter.threads.JMeterThread.executeSamplePackage(JMeterThread.java:586) ~[ApacheJMeter_core.jar:5.6.3]
	at org.apache.jmeter.threads.JMeterThread.processSampler(JMeterThread.java:501) ~[ApacheJMeter_core.jar:5.6.3]
	at org.apache.jmeter.threads.JMeterThread.run(JMeterThread.java:268) ~[ApacheJMeter_core.jar:5.6.3]
	at java.base/java.lang.Thread.run(Thread.java:1583) [?:?]
Caused by: groovy.json.JsonException: Unable to determine the current character, it is not a string, number, array, or object

The current character read is '<' with an int value of 60
Unable to determine the current character, it is not a string, number, array, or object
line number 1
index number 0
<!DOCTYPE html>
^
	at org.apache.groovy.json.internal.JsonParserCharArray.decodeValueInternal(JsonParserCharArray.java:202) ~[groovy-json-3.0.20.jar:3.0.20]
	at org.apache.groovy.json.internal.JsonParserCharArray.decodeValue(JsonParserCharArray.java:153) ~[groovy-json-3.0.20.jar:3.0.20]
	at org.apache.groovy.json.internal.JsonParserCharArray.decodeFromChars(JsonParserCharArray.java:43) ~[groovy-json-3.0.20.jar:3.0.20]
	at org.apache.groovy.json.internal.JsonParserCharArray.parse(JsonParserCharArray.java:380) ~[groovy-json-3.0.20.jar:3.0.20]
	at org.apache.groovy.json.internal.BaseJsonParser.parse(BaseJsonParser.java:113) ~[groovy-json-3.0.20.jar:3.0.20]
	at groovy.json.JsonSlurper.parseText(JsonSlurper.java:204) ~[groovy-json-3.0.20.jar:3.0.20]
	at groovy.json.JsonSlurper$parseText.call(Unknown Source) ~[?:?]
	at Script5.run(Script5.groovy:1) ~[?:?]
	at org.codehaus.groovy.jsr223.GroovyScriptEngineImpl.eval(GroovyScriptEngineImpl.java:317) ~[groovy-jsr223-3.0.20.jar:3.0.20]
	... 10 more
2026-08-31 17:33:41,143 ERROR o.a.j.a.JSR223Assertion: Problem in JSR223 script: Validate coupon amounts
javax.script.ScriptException: groovy.json.JsonException: Unable to determine the current character, it is not a string, number, array, or object

The current character read is '<' with an int value of 60
Unable to determine the current character, it is not a string, number, array, or object
line number 1
index number 0
<!DOCTYPE html>
^
	at org.codehaus.groovy.jsr223.GroovyScriptEngineImpl.eval(GroovyScriptEngineImpl.java:320) ~[groovy-jsr223-3.0.20.jar:3.0.20]
	at org.codehaus.groovy.jsr223.GroovyCompiledScript.eval(GroovyCompiledScript.java:71) ~[groovy-jsr223-3.0.20.jar:3.0.20]
	at java.scripting/javax.script.CompiledScript.eval(CompiledScript.java:93) ~[java.scripting:?]
	at org.apache.jmeter.util.JSR223TestElement.processFileOrScript(JSR223TestElement.java:230) ~[ApacheJMeter_core.jar:5.6.3]
	at org.apache.jmeter.assertions.JSR223Assertion.getResult(JSR223Assertion.java:50) ~[ApacheJMeter_components.jar:5.6.3]
	at org.apache.jmeter.threads.JMeterThread.processAssertion(JMeterThread.java:949) ~[ApacheJMeter_core.jar:5.6.3]
	at org.apache.jmeter.threads.JMeterThread.checkAssertions(JMeterThread.java:918) ~[ApacheJMeter_core.jar:5.6.3]
	at org.apache.jmeter.threads.JMeterThread.executeSamplePackage(JMeterThread.java:586) ~[ApacheJMeter_core.jar:5.6.3]
	at org.apache.jmeter.threads.JMeterThread.processSampler(JMeterThread.java:501) ~[ApacheJMeter_core.jar:5.6.3]
	at org.apache.jmeter.threads.JMeterThread.run(JMeterThread.java:268) ~[ApacheJMeter_core.jar:5.6.3]
	at java.base/java.lang.Thread.run(Thread.java:1583) [?:?]
Caused by: groovy.json.JsonException: Unable to determine the current character, it is not a string, number, array, or object

The current character read is '<' with an int value of 60
Unable to determine the current character, it is not a string, number, array, or object
line number 1
index number 0
<!DOCTYPE html>
^
	at org.apache.groovy.json.internal.JsonParserCharArray.decodeValueInternal(JsonParserCharArray.java:202) ~[groovy-json-3.0.20.jar:3.0.20]
	at org.apache.groovy.json.internal.JsonParserCharArray.decodeValue(JsonParserCharArray.java:153) ~[groovy-json-3.0.20.jar:3.0.20]
	at org.apache.groovy.json.internal.JsonParserCharArray.decodeFromChars(JsonParserCharArray.java:43) ~[groovy-json-3.0.20.jar:3.0.20]
	at org.apache.groovy.json.internal.JsonParserCharArray.parse(JsonParserCharArray.java:380) ~[groovy-json-3.0.20.jar:3.0.20]
	at org.apache.groovy.json.internal.BaseJsonParser.parse(BaseJsonParser.java:113) ~[groovy-json-3.0.20.jar:3.0.20]
	at groovy.json.JsonSlurper.parseText(JsonSlurper.java:204) ~[groovy-json-3.0.20.jar:3.0.20]
	at groovy.json.JsonSlurper$parseText.call(Unknown Source) ~[?:?]
	at Script5.run(Script5.groovy:1) ~[?:?]
	at org.codehaus.groovy.jsr223.GroovyScriptEngineImpl.eval(GroovyScriptEngineImpl.java:317) ~[groovy-jsr223-3.0.20.jar:3.0.20]
	... 10 more
2026-08-31 17:33:42,191 ERROR o.a.j.a.JSR223Assertion: Problem in JSR223 script: Validate coupon amounts
javax.script.ScriptException: groovy.json.JsonException: Unable to determine the current character, it is not a string, number, array, or object

The current character read is '<' with an int value of 60
Unable to determine the current character, it is not a string, number, array, or object
line number 1
index number 0
<!DOCTYPE html>
^
	at org.codehaus.groovy.jsr223.GroovyScriptEngineImpl.eval(GroovyScriptEngineImpl.java:320) ~[groovy-jsr223-3.0.20.jar:3.0.20]
	at org.codehaus.groovy.jsr223.GroovyCompiledScript.eval(GroovyCompiledScript.java:71) ~[groovy-jsr223-3.0.20.jar:3.0.20]
	at java.scripting/javax.script.CompiledScript.eval(CompiledScript.java:93) ~[java.scripting:?]
	at org.apache.jmeter.util.JSR223TestElement.processFileOrScript(JSR223TestElement.java:230) ~[ApacheJMeter_core.jar:5.6.3]
	at org.apache.jmeter.assertions.JSR223Assertion.getResult(JSR223Assertion.java:50) ~[ApacheJMeter_components.jar:5.6.3]
	at org.apache.jmeter.threads.JMeterThread.processAssertion(JMeterThread.java:949) ~[ApacheJMeter_core.jar:5.6.3]
	at org.apache.jmeter.threads.JMeterThread.checkAssertions(JMeterThread.java:918) ~[ApacheJMeter_core.jar:5.6.3]
	at org.apache.jmeter.threads.JMeterThread.executeSamplePackage(JMeterThread.java:586) ~[ApacheJMeter_core.jar:5.6.3]
	at org.apache.jmeter.threads.JMeterThread.processSampler(JMeterThread.java:501) ~[ApacheJMeter_core.jar:5.6.3]
	at org.apache.jmeter.threads.JMeterThread.run(JMeterThread.java:268) ~[ApacheJMeter_core.jar:5.6.3]
	at java.base/java.lang.Thread.run(Thread.java:1583) [?:?]
Caused by: groovy.json.JsonException: Unable to determine the current character, it is not a string, number, array, or object

The current character read is '<' with an int value of 60
Unable to determine the current character, it is not a string, number, array, or object
line number 1
index number 0
<!DOCTYPE html>
^
	at org.apache.groovy.json.internal.JsonParserCharArray.decodeValueInternal(JsonParserCharArray.java:202) ~[groovy-json-3.0.20.jar:3.0.20]
	at org.apache.groovy.json.internal.JsonParserCharArray.decodeValue(JsonParserCharArray.java:153) ~[groovy-json-3.0.20.jar:3.0.20]
	at org.apache.groovy.json.internal.JsonParserCharArray.decodeFromChars(JsonParserCharArray.java:43) ~[groovy-json-3.0.20.jar:3.0.20]
	at org.apache.groovy.json.internal.JsonParserCharArray.parse(JsonParserCharArray.java:380) ~[groovy-json-3.0.20.jar:3.0.20]
	at org.apache.groovy.json.internal.BaseJsonParser.parse(BaseJsonParser.java:113) ~[groovy-json-3.0.20.jar:3.0.20]
	at groovy.json.JsonSlurper.parseText(JsonSlurper.java:204) ~[groovy-json-3.0.20.jar:3.0.20]
	at groovy.json.JsonSlurper$parseText.call(Unknown Source) ~[?:?]
	at Script5.run(Script5.groovy:1) ~[?:?]
	at org.codehaus.groovy.jsr223.GroovyScriptEngineImpl.eval(GroovyScriptEngineImpl.java:317) ~[groovy-jsr223-3.0.20.jar:3.0.20]
	... 10 more
2026-08-31 17:33:42,390 ERROR o.a.j.a.JSR223Assertion: Problem in JSR223 script: Validate coupon amounts
javax.script.ScriptException: groovy.json.JsonException: Unable to determine the current character, it is not a string, number, array, or object

The current character read is '<' with an int value of 60
Unable to determine the current character, it is not a string, number, array, or object
line number 1
index number 0
<!DOCTYPE html>
^
	at org.codehaus.groovy.jsr223.GroovyScriptEngineImpl.eval(GroovyScriptEngineImpl.java:320) ~[groovy-jsr223-3.0.20.jar:3.0.20]
	at org.codehaus.groovy.jsr223.GroovyCompiledScript.eval(GroovyCompiledScript.java:71) ~[groovy-jsr223-3.0.20.jar:3.0.20]
	at java.scripting/javax.script.CompiledScript.eval(CompiledScript.java:93) ~[java.scripting:?]
	at org.apache.jmeter.util.JSR223TestElement.processFileOrScript(JSR223TestElement.java:230) ~[ApacheJMeter_core.jar:5.6.3]
	at org.apache.jmeter.assertions.JSR223Assertion.getResult(JSR223Assertion.java:50) ~[ApacheJMeter_components.jar:5.6.3]
	at org.apache.jmeter.threads.JMeterThread.processAssertion(JMeterThread.java:949) ~[ApacheJMeter_core.jar:5.6.3]
	at org.apache.jmeter.threads.JMeterThread.checkAssertions(JMeterThread.java:918) ~[ApacheJMeter_core.jar:5.6.3]
	at org.apache.jmeter.threads.JMeterThread.executeSamplePackage(JMeterThread.java:586) ~[ApacheJMeter_core.jar:5.6.3]
	at org.apache.jmeter.threads.JMeterThread.processSampler(JMeterThread.java:501) ~[ApacheJMeter_core.jar:5.6.3]
	at org.apache.jmeter.threads.JMeterThread.run(JMeterThread.java:268) ~[ApacheJMeter_core.jar:5.6.3]
	at java.base/java.lang.Thread.run(Thread.java:1583) [?:?]
Caused by: groovy.json.JsonException: Unable to determine the current character, it is not a string, number, array, or object

The current character read is '<' with an int value of 60
Unable to determine the current character, it is not a string, number, array, or object
line number 1
index number 0
<!DOCTYPE html>
^
	at org.apache.groovy.json.internal.JsonParserCharArray.decodeValueInternal(JsonParserCharArray.java:202) ~[groovy-json-3.0.20.jar:3.0.20]
	at org.apache.groovy.json.internal.JsonParserCharArray.decodeValue(JsonParserCharArray.java:153) ~[groovy-json-3.0.20.jar:3.0.20]
	at org.apache.groovy.json.internal.JsonParserCharArray.decodeFromChars(JsonParserCharArray.java:43) ~[groovy-json-3.0.20.jar:3.0.20]
	at org.apache.groovy.json.internal.JsonParserCharArray.parse(JsonParserCharArray.java:380) ~[groovy-json-3.0.20.jar:3.0.20]
	at org.apache.groovy.json.internal.BaseJsonParser.parse(BaseJsonParser.java:113) ~[groovy-json-3.0.20.jar:3.0.20]
	at groovy.json.JsonSlurper.parseText(JsonSlurper.java:204) ~[groovy-json-3.0.20.jar:3.0.20]
	at groovy.json.JsonSlurper$parseText.call(Unknown Source) ~[?:?]
	at Script5.run(Script5.groovy:1) ~[?:?]
	at org.codehaus.groovy.jsr223.GroovyScriptEngineImpl.eval(GroovyScriptEngineImpl.java:317) ~[groovy-jsr223-3.0.20.jar:3.0.20]
	... 10 more
2026-08-31 17:33:42,873 ERROR o.a.j.a.JSR223Assertion: Problem in JSR223 script: Validate coupon amounts
javax.script.ScriptException: groovy.json.JsonException: Unable to determine the current character, it is not a string, number, array, or object

The current character read is '<' with an int value of 60
Unable to determine the current character, it is not a string, number, array, or object
line number 1
index number 0
<!DOCTYPE html>
^
	at org.codehaus.groovy.jsr223.GroovyScriptEngineImpl.eval(GroovyScriptEngineImpl.java:320) ~[groovy-jsr223-3.0.20.jar:3.0.20]
	at org.codehaus.groovy.jsr223.GroovyCompiledScript.eval(GroovyCompiledScript.java:71) ~[groovy-jsr223-3.0.20.jar:3.0.20]
	at java.scripting/javax.script.CompiledScript.eval(CompiledScript.java:93) ~[java.scripting:?]
	at org.apache.jmeter.util.JSR223TestElement.processFileOrScript(JSR223TestElement.java:230) ~[ApacheJMeter_core.jar:5.6.3]
	at org.apache.jmeter.assertions.JSR223Assertion.getResult(JSR223Assertion.java:50) ~[ApacheJMeter_components.jar:5.6.3]
	at org.apache.jmeter.threads.JMeterThread.processAssertion(JMeterThread.java:949) ~[ApacheJMeter_core.jar:5.6.3]
	at org.apache.jmeter.threads.JMeterThread.checkAssertions(JMeterThread.java:918) ~[ApacheJMeter_core.jar:5.6.3]
	at org.apache.jmeter.threads.JMeterThread.executeSamplePackage(JMeterThread.java:586) ~[ApacheJMeter_core.jar:5.6.3]
	at org.apache.jmeter.threads.JMeterThread.processSampler(JMeterThread.java:501) ~[ApacheJMeter_core.jar:5.6.3]
	at org.apache.jmeter.threads.JMeterThread.run(JMeterThread.java:268) ~[ApacheJMeter_core.jar:5.6.3]
	at java.base/java.lang.Thread.run(Thread.java:1583) [?:?]
Caused by: groovy.json.JsonException: Unable to determine the current character, it is not a string, number, array, or object

The current character read is '<' with an int value of 60
Unable to determine the current character, it is not a string, number, array, or object
line number 1
index number 0
<!DOCTYPE html>
^
	at org.apache.groovy.json.internal.JsonParserCharArray.decodeValueInternal(JsonParserCharArray.java:202) ~[groovy-json-3.0.20.jar:3.0.20]
	at org.apache.groovy.json.internal.JsonParserCharArray.decodeValue(JsonParserCharArray.java:153) ~[groovy-json-3.0.20.jar:3.0.20]
	at org.apache.groovy.json.internal.JsonParserCharArray.decodeFromChars(JsonParserCharArray.java:43) ~[groovy-json-3.0.20.jar:3.0.20]
	at org.apache.groovy.json.internal.JsonParserCharArray.parse(JsonParserCharArray.java:380) ~[groovy-json-3.0.20.jar:3.0.20]
	at org.apache.groovy.json.internal.BaseJsonParser.parse(BaseJsonParser.java:113) ~[groovy-json-3.0.20.jar:3.0.20]
	at groovy.json.JsonSlurper.parseText(JsonSlurper.java:204) ~[groovy-json-3.0.20.jar:3.0.20]
	at groovy.json.JsonSlurper$parseText.call(Unknown Source) ~[?:?]
	at Script5.run(Script5.groovy:1) ~[?:?]
	at org.codehaus.groovy.jsr223.GroovyScriptEngineImpl.eval(GroovyScriptEngineImpl.java:317) ~[groovy-jsr223-3.0.20.jar:3.0.20]
	... 10 more
2026-08-31 17:33:42,939 ERROR o.a.j.a.JSR223Assertion: Problem in JSR223 script: Validate coupon amounts
javax.script.ScriptException: groovy.json.JsonException: Unable to determine the current character, it is not a string, number, array, or object

The current character read is '<' with an int value of 60
Unable to determine the current character, it is not a string, number, array, or object
line number 1
index number 0
<!DOCTYPE html>
^
	at org.codehaus.groovy.jsr223.GroovyScriptEngineImpl.eval(GroovyScriptEngineImpl.java:320) ~[groovy-jsr223-3.0.20.jar:3.0.20]
	at org.codehaus.groovy.jsr223.GroovyCompiledScript.eval(GroovyCompiledScript.java:71) ~[groovy-jsr223-3.0.20.jar:3.0.20]
	at java.scripting/javax.script.CompiledScript.eval(CompiledScript.java:93) ~[java.scripting:?]
	at org.apache.jmeter.util.JSR223TestElement.processFileOrScript(JSR223TestElement.java:230) ~[ApacheJMeter_core.jar:5.6.3]
	at org.apache.jmeter.assertions.JSR223Assertion.getResult(JSR223Assertion.java:50) ~[ApacheJMeter_components.jar:5.6.3]
	at org.apache.jmeter.threads.JMeterThread.processAssertion(JMeterThread.java:949) ~[ApacheJMeter_core.jar:5.6.3]
	at org.apache.jmeter.threads.JMeterThread.checkAssertions(JMeterThread.java:918) ~[ApacheJMeter_core.jar:5.6.3]
	at org.apache.jmeter.threads.JMeterThread.executeSamplePackage(JMeterThread.java:586) ~[ApacheJMeter_core.jar:5.6.3]
	at org.apache.jmeter.threads.JMeterThread.processSampler(JMeterThread.java:501) ~[ApacheJMeter_core.jar:5.6.3]
	at org.apache.jmeter.threads.JMeterThread.run(JMeterThread.java:268) ~[ApacheJMeter_core.jar:5.6.3]
	at java.base/java.lang.Thread.run(Thread.java:1583) [?:?]
Caused by: groovy.json.JsonException: Unable to determine the current character, it is not a string, number, array, or object

The current character read is '<' with an int value of 60
Unable to determine the current character, it is not a string, number, array, or object
line number 1
index number 0
<!DOCTYPE html>
^
	at org.apache.groovy.json.internal.JsonParserCharArray.decodeValueInternal(JsonParserCharArray.java:202) ~[groovy-json-3.0.20.jar:3.0.20]
	at org.apache.groovy.json.internal.JsonParserCharArray.decodeValue(JsonParserCharArray.java:153) ~[groovy-json-3.0.20.jar:3.0.20]
	at org.apache.groovy.json.internal.JsonParserCharArray.decodeFromChars(JsonParserCharArray.java:43) ~[groovy-json-3.0.20.jar:3.0.20]
	at org.apache.groovy.json.internal.JsonParserCharArray.parse(JsonParserCharArray.java:380) ~[groovy-json-3.0.20.jar:3.0.20]
	at org.apache.groovy.json.internal.BaseJsonParser.parse(BaseJsonParser.java:113) ~[groovy-json-3.0.20.jar:3.0.20]
	at groovy.json.JsonSlurper.parseText(JsonSlurper.java:204) ~[groovy-json-3.0.20.jar:3.0.20]
	at groovy.json.JsonSlurper$parseText.call(Unknown Source) ~[?:?]
	at Script5.run(Script5.groovy:1) ~[?:?]
	at org.codehaus.groovy.jsr223.GroovyScriptEngineImpl.eval(GroovyScriptEngineImpl.java:317) ~[groovy-jsr223-3.0.20.jar:3.0.20]
	... 10 more
2026-08-31 17:33:42,973 ERROR o.a.j.a.JSR223Assertion: Problem in JSR223 script: Validate coupon amounts
javax.script.ScriptException: groovy.json.JsonException: Unable to determine the current character, it is not a string, number, array, or object

The current character read is '<' with an int value of 60
Unable to determine the current character, it is not a string, number, array, or object
line number 1
index number 0
<!DOCTYPE html>
^
	at org.codehaus.groovy.jsr223.GroovyScriptEngineImpl.eval(GroovyScriptEngineImpl.java:320) ~[groovy-jsr223-3.0.20.jar:3.0.20]
	at org.codehaus.groovy.jsr223.GroovyCompiledScript.eval(GroovyCompiledScript.java:71) ~[groovy-jsr223-3.0.20.jar:3.0.20]
	at java.scripting/javax.script.CompiledScript.eval(CompiledScript.java:93) ~[java.scripting:?]
	at org.apache.jmeter.util.JSR223TestElement.processFileOrScript(JSR223TestElement.java:230) ~[ApacheJMeter_core.jar:5.6.3]
	at org.apache.jmeter.assertions.JSR223Assertion.getResult(JSR223Assertion.java:50) ~[ApacheJMeter_components.jar:5.6.3]
	at org.apache.jmeter.threads.JMeterThread.processAssertion(JMeterThread.java:949) ~[ApacheJMeter_core.jar:5.6.3]
	at org.apache.jmeter.threads.JMeterThread.checkAssertions(JMeterThread.java:918) ~[ApacheJMeter_core.jar:5.6.3]
	at org.apache.jmeter.threads.JMeterThread.executeSamplePackage(JMeterThread.java:586) ~[ApacheJMeter_core.jar:5.6.3]
	at org.apache.jmeter.threads.JMeterThread.processSampler(JMeterThread.java:501) ~[ApacheJMeter_core.jar:5.6.3]
	at org.apache.jmeter.threads.JMeterThread.run(JMeterThread.java:268) ~[ApacheJMeter_core.jar:5.6.3]
	at java.base/java.lang.Thread.run(Thread.java:1583) [?:?]
Caused by: groovy.json.JsonException: Unable to determine the current character, it is not a string, number, array, or object

The current character read is '<' with an int value of 60
Unable to determine the current character, it is not a string, number, array, or object
line number 1
index number 0
<!DOCTYPE html>
^
	at org.apache.groovy.json.internal.JsonParserCharArray.decodeValueInternal(JsonParserCharArray.java:202) ~[groovy-json-3.0.20.jar:3.0.20]
	at org.apache.groovy.json.internal.JsonParserCharArray.decodeValue(JsonParserCharArray.java:153) ~[groovy-json-3.0.20.jar:3.0.20]
	at org.apache.groovy.json.internal.JsonParserCharArray.decodeFromChars(JsonParserCharArray.java:43) ~[groovy-json-3.0.20.jar:3.0.20]
	at org.apache.groovy.json.internal.JsonParserCharArray.parse(JsonParserCharArray.java:380) ~[groovy-json-3.0.20.jar:3.0.20]
	at org.apache.groovy.json.internal.BaseJsonParser.parse(BaseJsonParser.java:113) ~[groovy-json-3.0.20.jar:3.0.20]
	at groovy.json.JsonSlurper.parseText(JsonSlurper.java:204) ~[groovy-json-3.0.20.jar:3.0.20]
	at groovy.json.JsonSlurper$parseText.call(Unknown Source) ~[?:?]
	at Script5.run(Script5.groovy:1) ~[?:?]
	at org.codehaus.groovy.jsr223.GroovyScriptEngineImpl.eval(GroovyScriptEngineImpl.java:317) ~[groovy-jsr223-3.0.20.jar:3.0.20]
	... 10 more
2026-08-31 17:33:43,550 ERROR o.a.j.a.JSR223Assertion: Problem in JSR223 script: Validate coupon amounts
javax.script.ScriptException: groovy.json.JsonException: Unable to determine the current character, it is not a string, number, array, or object

The current character read is '<' with an int value of 60
Unable to determine the current character, it is not a string, number, array, or object
line number 1
index number 0
<!DOCTYPE html>
^
	at org.codehaus.groovy.jsr223.GroovyScriptEngineImpl.eval(GroovyScriptEngineImpl.java:320) ~[groovy-jsr223-3.0.20.jar:3.0.20]
	at org.codehaus.groovy.jsr223.GroovyCompiledScript.eval(GroovyCompiledScript.java:71) ~[groovy-jsr223-3.0.20.jar:3.0.20]
	at java.scripting/javax.script.CompiledScript.eval(CompiledScript.java:93) ~[java.scripting:?]
	at org.apache.jmeter.util.JSR223TestElement.processFileOrScript(JSR223TestElement.java:230) ~[ApacheJMeter_core.jar:5.6.3]
	at org.apache.jmeter.assertions.JSR223Assertion.getResult(JSR223Assertion.java:50) ~[ApacheJMeter_components.jar:5.6.3]
	at org.apache.jmeter.threads.JMeterThread.processAssertion(JMeterThread.java:949) ~[ApacheJMeter_core.jar:5.6.3]
	at org.apache.jmeter.threads.JMeterThread.checkAssertions(JMeterThread.java:918) ~[ApacheJMeter_core.jar:5.6.3]
	at org.apache.jmeter.threads.JMeterThread.executeSamplePackage(JMeterThread.java:586) ~[ApacheJMeter_core.jar:5.6.3]
	at org.apache.jmeter.threads.JMeterThread.processSampler(JMeterThread.java:501) ~[ApacheJMeter_core.jar:5.6.3]
	at org.apache.jmeter.threads.JMeterThread.run(JMeterThread.java:268) ~[ApacheJMeter_core.jar:5.6.3]
	at java.base/java.lang.Thread.run(Thread.java:1583) [?:?]
Caused by: groovy.json.JsonException: Unable to determine the current character, it is not a string, number, array, or object

The current character read is '<' with an int value of 60
Unable to determine the current character, it is not a string, number, array, or object
line number 1
index number 0
<!DOCTYPE html>
^
	at org.apache.groovy.json.internal.JsonParserCharArray.decodeValueInternal(JsonParserCharArray.java:202) ~[groovy-json-3.0.20.jar:3.0.20]
	at org.apache.groovy.json.internal.JsonParserCharArray.decodeValue(JsonParserCharArray.java:153) ~[groovy-json-3.0.20.jar:3.0.20]
	at org.apache.groovy.json.internal.JsonParserCharArray.decodeFromChars(JsonParserCharArray.java:43) ~[groovy-json-3.0.20.jar:3.0.20]
	at org.apache.groovy.json.internal.JsonParserCharArray.parse(JsonParserCharArray.java:380) ~[groovy-json-3.0.20.jar:3.0.20]
	at org.apache.groovy.json.internal.BaseJsonParser.parse(BaseJsonParser.java:113) ~[groovy-json-3.0.20.jar:3.0.20]
	at groovy.json.JsonSlurper.parseText(JsonSlurper.java:204) ~[groovy-json-3.0.20.jar:3.0.20]
	at groovy.json.JsonSlurper$parseText.call(Unknown Source) ~[?:?]
	at Script5.run(Script5.groovy:1) ~[?:?]
	at org.codehaus.groovy.jsr223.GroovyScriptEngineImpl.eval(GroovyScriptEngineImpl.java:317) ~[groovy-jsr223-3.0.20.jar:3.0.20]
	... 10 more
2026-08-31 17:33:44,229 ERROR o.a.j.a.JSR223Assertion: Problem in JSR223 script: Validate coupon amounts
javax.script.ScriptException: groovy.json.JsonException: Unable to determine the current character, it is not a string, number, array, or object

The current character read is '<' with an int value of 60
Unable to determine the current character, it is not a string, number, array, or object
line number 1
index number 0
<!DOCTYPE html>
^
	at org.codehaus.groovy.jsr223.GroovyScriptEngineImpl.eval(GroovyScriptEngineImpl.java:320) ~[groovy-jsr223-3.0.20.jar:3.0.20]
	at org.codehaus.groovy.jsr223.GroovyCompiledScript.eval(GroovyCompiledScript.java:71) ~[groovy-jsr223-3.0.20.jar:3.0.20]
	at java.scripting/javax.script.CompiledScript.eval(CompiledScript.java:93) ~[java.scripting:?]
	at org.apache.jmeter.util.JSR223TestElement.processFileOrScript(JSR223TestElement.java:230) ~[ApacheJMeter_core.jar:5.6.3]
	at org.apache.jmeter.assertions.JSR223Assertion.getResult(JSR223Assertion.java:50) ~[ApacheJMeter_components.jar:5.6.3]
	at org.apache.jmeter.threads.JMeterThread.processAssertion(JMeterThread.java:949) ~[ApacheJMeter_core.jar:5.6.3]
	at org.apache.jmeter.threads.JMeterThread.checkAssertions(JMeterThread.java:918) ~[ApacheJMeter_core.jar:5.6.3]
	at org.apache.jmeter.threads.JMeterThread.executeSamplePackage(JMeterThread.java:586) ~[ApacheJMeter_core.jar:5.6.3]
	at org.apache.jmeter.threads.JMeterThread.processSampler(JMeterThread.java:501) ~[ApacheJMeter_core.jar:5.6.3]
	at org.apache.jmeter.threads.JMeterThread.run(JMeterThread.java:268) ~[ApacheJMeter_core.jar:5.6.3]
	at java.base/java.lang.Thread.run(Thread.java:1583) [?:?]
Caused by: groovy.json.JsonException: Unable to determine the current character, it is not a string, number, array, or object

The current character read is '<' with an int value of 60
Unable to determine the current character, it is not a string, number, array, or object
line number 1
index number 0
<!DOCTYPE html>
^
	at org.apache.groovy.json.internal.JsonParserCharArray.decodeValueInternal(JsonParserCharArray.java:202) ~[groovy-json-3.0.20.jar:3.0.20]
	at org.apache.groovy.json.internal.JsonParserCharArray.decodeValue(JsonParserCharArray.java:153) ~[groovy-json-3.0.20.jar:3.0.20]
	at org.apache.groovy.json.internal.JsonParserCharArray.decodeFromChars(JsonParserCharArray.java:43) ~[groovy-json-3.0.20.jar:3.0.20]
	at org.apache.groovy.json.internal.JsonParserCharArray.parse(JsonParserCharArray.java:380) ~[groovy-json-3.0.20.jar:3.0.20]
	at org.apache.groovy.json.internal.BaseJsonParser.parse(BaseJsonParser.java:113) ~[groovy-json-3.0.20.jar:3.0.20]
	at groovy.json.JsonSlurper.parseText(JsonSlurper.java:204) ~[groovy-json-3.0.20.jar:3.0.20]
	at groovy.json.JsonSlurper$parseText.call(Unknown Source) ~[?:?]
	at Script5.run(Script5.groovy:1) ~[?:?]
	at org.codehaus.groovy.jsr223.GroovyScriptEngineImpl.eval(GroovyScriptEngineImpl.java:317) ~[groovy-jsr223-3.0.20.jar:3.0.20]
	... 10 more
2026-08-31 17:33:44,356 ERROR o.a.j.a.JSR223Assertion: Problem in JSR223 script: Validate coupon amounts
javax.script.ScriptException: groovy.json.JsonException: Unable to determine the current character, it is not a string, number, array, or object

The current character read is '<' with an int value of 60
Unable to determine the current character, it is not a string, number, array, or object
line number 1
index number 0
<!DOCTYPE html>
^
	at org.codehaus.groovy.jsr223.GroovyScriptEngineImpl.eval(GroovyScriptEngineImpl.java:320) ~[groovy-jsr223-3.0.20.jar:3.0.20]
	at org.codehaus.groovy.jsr223.GroovyCompiledScript.eval(GroovyCompiledScript.java:71) ~[groovy-jsr223-3.0.20.jar:3.0.20]
	at java.scripting/javax.script.CompiledScript.eval(CompiledScript.java:93) ~[java.scripting:?]
	at org.apache.jmeter.util.JSR223TestElement.processFileOrScript(JSR223TestElement.java:230) ~[ApacheJMeter_core.jar:5.6.3]
	at org.apache.jmeter.assertions.JSR223Assertion.getResult(JSR223Assertion.java:50) ~[ApacheJMeter_components.jar:5.6.3]
	at org.apache.jmeter.threads.JMeterThread.processAssertion(JMeterThread.java:949) ~[ApacheJMeter_core.jar:5.6.3]
	at org.apache.jmeter.threads.JMeterThread.checkAssertions(JMeterThread.java:918) ~[ApacheJMeter_core.jar:5.6.3]
	at org.apache.jmeter.threads.JMeterThread.executeSamplePackage(JMeterThread.java:586) ~[ApacheJMeter_core.jar:5.6.3]
	at org.apache.jmeter.threads.JMeterThread.processSampler(JMeterThread.java:501) ~[ApacheJMeter_core.jar:5.6.3]
	at org.apache.jmeter.threads.JMeterThread.run(JMeterThread.java:268) ~[ApacheJMeter_core.jar:5.6.3]
	at java.base/java.lang.Thread.run(Thread.java:1583) [?:?]
Caused by: groovy.json.JsonException: Unable to determine the current character, it is not a string, number, array, or object

The current character read is '<' with an int value of 60
Unable to determine the current character, it is not a string, number, array, or object
line number 1
index number 0
<!DOCTYPE html>
^
	at org.apache.groovy.json.internal.JsonParserCharArray.decodeValueInternal(JsonParserCharArray.java:202) ~[groovy-json-3.0.20.jar:3.0.20]
	at org.apache.groovy.json.internal.JsonParserCharArray.decodeValue(JsonParserCharArray.java:153) ~[groovy-json-3.0.20.jar:3.0.20]
	at org.apache.groovy.json.internal.JsonParserCharArray.decodeFromChars(JsonParserCharArray.java:43) ~[groovy-json-3.0.20.jar:3.0.20]
	at org.apache.groovy.json.internal.JsonParserCharArray.parse(JsonParserCharArray.java:380) ~[groovy-json-3.0.20.jar:3.0.20]
	at org.apache.groovy.json.internal.BaseJsonParser.parse(BaseJsonParser.java:113) ~[groovy-json-3.0.20.jar:3.0.20]
	at groovy.json.JsonSlurper.parseText(JsonSlurper.java:204) ~[groovy-json-3.0.20.jar:3.0.20]
	at groovy.json.JsonSlurper$parseText.call(Unknown Source) ~[?:?]
	at Script5.run(Script5.groovy:1) ~[?:?]
	at org.codehaus.groovy.jsr223.GroovyScriptEngineImpl.eval(GroovyScriptEngineImpl.java:317) ~[groovy-jsr223-3.0.20.jar:3.0.20]
	... 10 more
2026-08-31 17:33:44,710 ERROR o.a.j.a.JSR223Assertion: Problem in JSR223 script: Validate coupon amounts
javax.script.ScriptException: groovy.json.JsonException: Unable to determine the current character, it is not a string, number, array, or object

The current character read is '<' with an int value of 60
Unable to determine the current character, it is not a string, number, array, or object
line number 1
index number 0
<!DOCTYPE html>
^
	at org.codehaus.groovy.jsr223.GroovyScriptEngineImpl.eval(GroovyScriptEngineImpl.java:320) ~[groovy-jsr223-3.0.20.jar:3.0.20]
	at org.codehaus.groovy.jsr223.GroovyCompiledScript.eval(GroovyCompiledScript.java:71) ~[groovy-jsr223-3.0.20.jar:3.0.20]
	at java.scripting/javax.script.CompiledScript.eval(CompiledScript.java:93) ~[java.scripting:?]
	at org.apache.jmeter.util.JSR223TestElement.processFileOrScript(JSR223TestElement.java:230) ~[ApacheJMeter_core.jar:5.6.3]
	at org.apache.jmeter.assertions.JSR223Assertion.getResult(JSR223Assertion.java:50) ~[ApacheJMeter_components.jar:5.6.3]
	at org.apache.jmeter.threads.JMeterThread.processAssertion(JMeterThread.java:949) ~[ApacheJMeter_core.jar:5.6.3]
	at org.apache.jmeter.threads.JMeterThread.checkAssertions(JMeterThread.java:918) ~[ApacheJMeter_core.jar:5.6.3]
	at org.apache.jmeter.threads.JMeterThread.executeSamplePackage(JMeterThread.java:586) ~[ApacheJMeter_core.jar:5.6.3]
	at org.apache.jmeter.threads.JMeterThread.processSampler(JMeterThread.java:501) ~[ApacheJMeter_core.jar:5.6.3]
	at org.apache.jmeter.threads.JMeterThread.run(JMeterThread.java:268) ~[ApacheJMeter_core.jar:5.6.3]
	at java.base/java.lang.Thread.run(Thread.java:1583) [?:?]
Caused by: groovy.json.JsonException: Unable to determine the current character, it is not a string, number, array, or object

The current character read is '<' with an int value of 60
Unable to determine the current character, it is not a string, number, array, or object
line number 1
index number 0
<!DOCTYPE html>
^
	at org.apache.groovy.json.internal.JsonParserCharArray.decodeValueInternal(JsonParserCharArray.java:202) ~[groovy-json-3.0.20.jar:3.0.20]
	at org.apache.groovy.json.internal.JsonParserCharArray.decodeValue(JsonParserCharArray.java:153) ~[groovy-json-3.0.20.jar:3.0.20]
	at org.apache.groovy.json.internal.JsonParserCharArray.decodeFromChars(JsonParserCharArray.java:43) ~[groovy-json-3.0.20.jar:3.0.20]
	at org.apache.groovy.json.internal.JsonParserCharArray.parse(JsonParserCharArray.java:380) ~[groovy-json-3.0.20.jar:3.0.20]
	at org.apache.groovy.json.internal.BaseJsonParser.parse(BaseJsonParser.java:113) ~[groovy-json-3.0.20.jar:3.0.20]
	at groovy.json.JsonSlurper.parseText(JsonSlurper.java:204) ~[groovy-json-3.0.20.jar:3.0.20]
	at groovy.json.JsonSlurper$parseText.call(Unknown Source) ~[?:?]
	at Script5.run(Script5.groovy:1) ~[?:?]
	at org.codehaus.groovy.jsr223.GroovyScriptEngineImpl.eval(GroovyScriptEngineImpl.java:317) ~[groovy-jsr223-3.0.20.jar:3.0.20]
	... 10 more
2026-08-31 17:33:45,194 ERROR o.a.j.a.JSR223Assertion: Problem in JSR223 script: Validate coupon amounts
javax.script.ScriptException: groovy.json.JsonException: Unable to determine the current character, it is not a string, number, array, or object

The current character read is '<' with an int value of 60
Unable to determine the current character, it is not a string, number, array, or object
line number 1
index number 0
<!DOCTYPE html>
^
	at org.codehaus.groovy.jsr223.GroovyScriptEngineImpl.eval(GroovyScriptEngineImpl.java:320) ~[groovy-jsr223-3.0.20.jar:3.0.20]
	at org.codehaus.groovy.jsr223.GroovyCompiledScript.eval(GroovyCompiledScript.java:71) ~[groovy-jsr223-3.0.20.jar:3.0.20]
	at java.scripting/javax.script.CompiledScript.eval(CompiledScript.java:93) ~[java.scripting:?]
	at org.apache.jmeter.util.JSR223TestElement.processFileOrScript(JSR223TestElement.java:230) ~[ApacheJMeter_core.jar:5.6.3]
	at org.apache.jmeter.assertions.JSR223Assertion.getResult(JSR223Assertion.java:50) ~[ApacheJMeter_components.jar:5.6.3]
	at org.apache.jmeter.threads.JMeterThread.processAssertion(JMeterThread.java:949) ~[ApacheJMeter_core.jar:5.6.3]
	at org.apache.jmeter.threads.JMeterThread.checkAssertions(JMeterThread.java:918) ~[ApacheJMeter_core.jar:5.6.3]
	at org.apache.jmeter.threads.JMeterThread.executeSamplePackage(JMeterThread.java:586) ~[ApacheJMeter_core.jar:5.6.3]
	at org.apache.jmeter.threads.JMeterThread.processSampler(JMeterThread.java:501) ~[ApacheJMeter_core.jar:5.6.3]
	at org.apache.jmeter.threads.JMeterThread.run(JMeterThread.java:268) ~[ApacheJMeter_core.jar:5.6.3]
	at java.base/java.lang.Thread.run(Thread.java:1583) [?:?]
Caused by: groovy.json.JsonException: Unable to determine the current character, it is not a string, number, array, or object

The current character read is '<' with an int value of 60
Unable to determine the current character, it is not a string, number, array, or object
line number 1
index number 0
<!DOCTYPE html>
^
	at org.apache.groovy.json.internal.JsonParserCharArray.decodeValueInternal(JsonParserCharArray.java:202) ~[groovy-json-3.0.20.jar:3.0.20]
	at org.apache.groovy.json.internal.JsonParserCharArray.decodeValue(JsonParserCharArray.java:153) ~[groovy-json-3.0.20.jar:3.0.20]
	at org.apache.groovy.json.internal.JsonParserCharArray.decodeFromChars(JsonParserCharArray.java:43) ~[groovy-json-3.0.20.jar:3.0.20]
	at org.apache.groovy.json.internal.JsonParserCharArray.parse(JsonParserCharArray.java:380) ~[groovy-json-3.0.20.jar:3.0.20]
	at org.apache.groovy.json.internal.BaseJsonParser.parse(BaseJsonParser.java:113) ~[groovy-json-3.0.20.jar:3.0.20]
	at groovy.json.JsonSlurper.parseText(JsonSlurper.java:204) ~[groovy-json-3.0.20.jar:3.0.20]
	at groovy.json.JsonSlurper$parseText.call(Unknown Source) ~[?:?]
	at Script5.run(Script5.groovy:1) ~[?:?]
	at org.codehaus.groovy.jsr223.GroovyScriptEngineImpl.eval(GroovyScriptEngineImpl.java:317) ~[groovy-jsr223-3.0.20.jar:3.0.20]
	... 10 more
2026-08-31 17:33:45,307 ERROR o.a.j.a.JSR223Assertion: Problem in JSR223 script: Validate coupon amounts
javax.script.ScriptException: groovy.json.JsonException: Unable to determine the current character, it is not a string, number, array, or object

The current character read is '<' with an int value of 60
Unable to determine the current character, it is not a string, number, array, or object
line number 1
index number 0
<!DOCTYPE html>
^
	at org.codehaus.groovy.jsr223.GroovyScriptEngineImpl.eval(GroovyScriptEngineImpl.java:320) ~[groovy-jsr223-3.0.20.jar:3.0.20]
	at org.codehaus.groovy.jsr223.GroovyCompiledScript.eval(GroovyCompiledScript.java:71) ~[groovy-jsr223-3.0.20.jar:3.0.20]
	at java.scripting/javax.script.CompiledScript.eval(CompiledScript.java:93) ~[java.scripting:?]
	at org.apache.jmeter.util.JSR223TestElement.processFileOrScript(JSR223TestElement.java:230) ~[ApacheJMeter_core.jar:5.6.3]
	at org.apache.jmeter.assertions.JSR223Assertion.getResult(JSR223Assertion.java:50) ~[ApacheJMeter_components.jar:5.6.3]
	at org.apache.jmeter.threads.JMeterThread.processAssertion(JMeterThread.java:949) ~[ApacheJMeter_core.jar:5.6.3]
	at org.apache.jmeter.threads.JMeterThread.checkAssertions(JMeterThread.java:918) ~[ApacheJMeter_core.jar:5.6.3]
	at org.apache.jmeter.threads.JMeterThread.executeSamplePackage(JMeterThread.java:586) ~[ApacheJMeter_core.jar:5.6.3]
	at org.apache.jmeter.threads.JMeterThread.processSampler(JMeterThread.java:501) ~[ApacheJMeter_core.jar:5.6.3]
	at org.apache.jmeter.threads.JMeterThread.run(JMeterThread.java:268) ~[ApacheJMeter_core.jar:5.6.3]
	at java.base/java.lang.Thread.run(Thread.java:1583) [?:?]
Caused by: groovy.json.JsonException: Unable to determine the current character, it is not a string, number, array, or object

The current character read is '<' with an int value of 60
Unable to determine the current character, it is not a string, number, array, or object
line number 1
index number 0
<!DOCTYPE html>
^
	at org.apache.groovy.json.internal.JsonParserCharArray.decodeValueInternal(JsonParserCharArray.java:202) ~[groovy-json-3.0.20.jar:3.0.20]
	at org.apache.groovy.json.internal.JsonParserCharArray.decodeValue(JsonParserCharArray.java:153) ~[groovy-json-3.0.20.jar:3.0.20]
	at org.apache.groovy.json.internal.JsonParserCharArray.decodeFromChars(JsonParserCharArray.java:43) ~[groovy-json-3.0.20.jar:3.0.20]
	at org.apache.groovy.json.internal.JsonParserCharArray.parse(JsonParserCharArray.java:380) ~[groovy-json-3.0.20.jar:3.0.20]
	at org.apache.groovy.json.internal.BaseJsonParser.parse(BaseJsonParser.java:113) ~[groovy-json-3.0.20.jar:3.0.20]
	at groovy.json.JsonSlurper.parseText(JsonSlurper.java:204) ~[groovy-json-3.0.20.jar:3.0.20]
	at groovy.json.JsonSlurper$parseText.call(Unknown Source) ~[?:?]
	at Script5.run(Script5.groovy:1) ~[?:?]
	at org.codehaus.groovy.jsr223.GroovyScriptEngineImpl.eval(GroovyScriptEngineImpl.java:317) ~[groovy-jsr223-3.0.20.jar:3.0.20]
	... 10 more
2026-08-31 17:33:45,689 ERROR o.a.j.a.JSR223Assertion: Problem in JSR223 script: Validate coupon amounts
javax.script.ScriptException: groovy.json.JsonException: Unable to determine the current character, it is not a string, number, array, or object

The current character read is '<' with an int value of 60
Unable to determine the current character, it is not a string, number, array, or object
line number 1
index number 0
<!DOCTYPE html>
^
	at org.codehaus.groovy.jsr223.GroovyScriptEngineImpl.eval(GroovyScriptEngineImpl.java:320) ~[groovy-jsr223-3.0.20.jar:3.0.20]
	at org.codehaus.groovy.jsr223.GroovyCompiledScript.eval(GroovyCompiledScript.java:71) ~[groovy-jsr223-3.0.20.jar:3.0.20]
	at java.scripting/javax.script.CompiledScript.eval(CompiledScript.java:93) ~[java.scripting:?]
	at org.apache.jmeter.util.JSR223TestElement.processFileOrScript(JSR223TestElement.java:230) ~[ApacheJMeter_core.jar:5.6.3]
	at org.apache.jmeter.assertions.JSR223Assertion.getResult(JSR223Assertion.java:50) ~[ApacheJMeter_components.jar:5.6.3]
	at org.apache.jmeter.threads.JMeterThread.processAssertion(JMeterThread.java:949) ~[ApacheJMeter_core.jar:5.6.3]
	at org.apache.jmeter.threads.JMeterThread.checkAssertions(JMeterThread.java:918) ~[ApacheJMeter_core.jar:5.6.3]
	at org.apache.jmeter.threads.JMeterThread.executeSamplePackage(JMeterThread.java:586) ~[ApacheJMeter_core.jar:5.6.3]
	at org.apache.jmeter.threads.JMeterThread.processSampler(JMeterThread.java:501) ~[ApacheJMeter_core.jar:5.6.3]
	at org.apache.jmeter.threads.JMeterThread.run(JMeterThread.java:268) ~[ApacheJMeter_core.jar:5.6.3]
	at java.base/java.lang.Thread.run(Thread.java:1583) [?:?]
Caused by: groovy.json.JsonException: Unable to determine the current character, it is not a string, number, array, or object

The current character read is '<' with an int value of 60
Unable to determine the current character, it is not a string, number, array, or object
line number 1
index number 0
<!DOCTYPE html>
^
	at org.apache.groovy.json.internal.JsonParserCharArray.decodeValueInternal(JsonParserCharArray.java:202) ~[groovy-json-3.0.20.jar:3.0.20]
	at org.apache.groovy.json.internal.JsonParserCharArray.decodeValue(JsonParserCharArray.java:153) ~[groovy-json-3.0.20.jar:3.0.20]
	at org.apache.groovy.json.internal.JsonParserCharArray.decodeFromChars(JsonParserCharArray.java:43) ~[groovy-json-3.0.20.jar:3.0.20]
	at org.apache.groovy.json.internal.JsonParserCharArray.parse(JsonParserCharArray.java:380) ~[groovy-json-3.0.20.jar:3.0.20]
	at org.apache.groovy.json.internal.BaseJsonParser.parse(BaseJsonParser.java:113) ~[groovy-json-3.0.20.jar:3.0.20]
	at groovy.json.JsonSlurper.parseText(JsonSlurper.java:204) ~[groovy-json-3.0.20.jar:3.0.20]
	at groovy.json.JsonSlurper$parseText.call(Unknown Source) ~[?:?]
	at Script5.run(Script5.groovy:1) ~[?:?]
	at org.codehaus.groovy.jsr223.GroovyScriptEngineImpl.eval(GroovyScriptEngineImpl.java:317) ~[groovy-jsr223-3.0.20.jar:3.0.20]
	... 10 more
2026-08-31 17:33:46,530 ERROR o.a.j.a.JSR223Assertion: Problem in JSR223 script: Validate coupon amounts
javax.script.ScriptException: groovy.json.JsonException: Unable to determine the current character, it is not a string, number, array, or object

The current character read is '<' with an int value of 60
Unable to determine the current character, it is not a string, number, array, or object
line number 1
index number 0
<!DOCTYPE html>
^
	at org.codehaus.groovy.jsr223.GroovyScriptEngineImpl.eval(GroovyScriptEngineImpl.java:320) ~[groovy-jsr223-3.0.20.jar:3.0.20]
	at org.codehaus.groovy.jsr223.GroovyCompiledScript.eval(GroovyCompiledScript.java:71) ~[groovy-jsr223-3.0.20.jar:3.0.20]
	at java.scripting/javax.script.CompiledScript.eval(CompiledScript.java:93) ~[java.scripting:?]
	at org.apache.jmeter.util.JSR223TestElement.processFileOrScript(JSR223TestElement.java:230) ~[ApacheJMeter_core.jar:5.6.3]
	at org.apache.jmeter.assertions.JSR223Assertion.getResult(JSR223Assertion.java:50) ~[ApacheJMeter_components.jar:5.6.3]
	at org.apache.jmeter.threads.JMeterThread.processAssertion(JMeterThread.java:949) ~[ApacheJMeter_core.jar:5.6.3]
	at org.apache.jmeter.threads.JMeterThread.checkAssertions(JMeterThread.java:918) ~[ApacheJMeter_core.jar:5.6.3]
	at org.apache.jmeter.threads.JMeterThread.executeSamplePackage(JMeterThread.java:586) ~[ApacheJMeter_core.jar:5.6.3]
	at org.apache.jmeter.threads.JMeterThread.processSampler(JMeterThread.java:501) ~[ApacheJMeter_core.jar:5.6.3]
	at org.apache.jmeter.threads.JMeterThread.run(JMeterThread.java:268) ~[ApacheJMeter_core.jar:5.6.3]
	at java.base/java.lang.Thread.run(Thread.java:1583) [?:?]
Caused by: groovy.json.JsonException: Unable to determine the current character, it is not a string, number, array, or object

The current character read is '<' with an int value of 60
Unable to determine the current character, it is not a string, number, array, or object
line number 1
index number 0
<!DOCTYPE html>
^
	at org.apache.groovy.json.internal.JsonParserCharArray.decodeValueInternal(JsonParserCharArray.java:202) ~[groovy-json-3.0.20.jar:3.0.20]
	at org.apache.groovy.json.internal.JsonParserCharArray.decodeValue(JsonParserCharArray.java:153) ~[groovy-json-3.0.20.jar:3.0.20]
	at org.apache.groovy.json.internal.JsonParserCharArray.decodeFromChars(JsonParserCharArray.java:43) ~[groovy-json-3.0.20.jar:3.0.20]
	at org.apache.groovy.json.internal.JsonParserCharArray.parse(JsonParserCharArray.java:380) ~[groovy-json-3.0.20.jar:3.0.20]
	at org.apache.groovy.json.internal.BaseJsonParser.parse(BaseJsonParser.java:113) ~[groovy-json-3.0.20.jar:3.0.20]
	at groovy.json.JsonSlurper.parseText(JsonSlurper.java:204) ~[groovy-json-3.0.20.jar:3.0.20]
	at groovy.json.JsonSlurper$parseText.call(Unknown Source) ~[?:?]
	at Script5.run(Script5.groovy:1) ~[?:?]
	at org.codehaus.groovy.jsr223.GroovyScriptEngineImpl.eval(GroovyScriptEngineImpl.java:317) ~[groovy-jsr223-3.0.20.jar:3.0.20]
	... 10 more
2026-08-31 17:33:46,619 ERROR o.a.j.a.JSR223Assertion: Problem in JSR223 script: Validate coupon amounts
javax.script.ScriptException: groovy.json.JsonException: Unable to determine the current character, it is not a string, number, array, or object

The current character read is '<' with an int value of 60
Unable to determine the current character, it is not a string, number, array, or object
line number 1
index number 0
<!DOCTYPE html>
^
	at org.codehaus.groovy.jsr223.GroovyScriptEngineImpl.eval(GroovyScriptEngineImpl.java:320) ~[groovy-jsr223-3.0.20.jar:3.0.20]
	at org.codehaus.groovy.jsr223.GroovyCompiledScript.eval(GroovyCompiledScript.java:71) ~[groovy-jsr223-3.0.20.jar:3.0.20]
	at java.scripting/javax.script.CompiledScript.eval(CompiledScript.java:93) ~[java.scripting:?]
	at org.apache.jmeter.util.JSR223TestElement.processFileOrScript(JSR223TestElement.java:230) ~[ApacheJMeter_core.jar:5.6.3]
	at org.apache.jmeter.assertions.JSR223Assertion.getResult(JSR223Assertion.java:50) ~[ApacheJMeter_components.jar:5.6.3]
	at org.apache.jmeter.threads.JMeterThread.processAssertion(JMeterThread.java:949) ~[ApacheJMeter_core.jar:5.6.3]
	at org.apache.jmeter.threads.JMeterThread.checkAssertions(JMeterThread.java:918) ~[ApacheJMeter_core.jar:5.6.3]
	at org.apache.jmeter.threads.JMeterThread.executeSamplePackage(JMeterThread.java:586) ~[ApacheJMeter_core.jar:5.6.3]
	at org.apache.jmeter.threads.JMeterThread.processSampler(JMeterThread.java:501) ~[ApacheJMeter_core.jar:5.6.3]
	at org.apache.jmeter.threads.JMeterThread.run(JMeterThread.java:268) ~[ApacheJMeter_core.jar:5.6.3]
	at java.base/java.lang.Thread.run(Thread.java:1583) [?:?]
Caused by: groovy.json.JsonException: Unable to determine the current character, it is not a string, number, array, or object

The current character read is '<' with an int value of 60
Unable to determine the current character, it is not a string, number, array, or object
line number 1
index number 0
<!DOCTYPE html>
^
	at org.apache.groovy.json.internal.JsonParserCharArray.decodeValueInternal(JsonParserCharArray.java:202) ~[groovy-json-3.0.20.jar:3.0.20]
	at org.apache.groovy.json.internal.JsonParserCharArray.decodeValue(JsonParserCharArray.java:153) ~[groovy-json-3.0.20.jar:3.0.20]
	at org.apache.groovy.json.internal.JsonParserCharArray.decodeFromChars(JsonParserCharArray.java:43) ~[groovy-json-3.0.20.jar:3.0.20]
	at org.apache.groovy.json.internal.JsonParserCharArray.parse(JsonParserCharArray.java:380) ~[groovy-json-3.0.20.jar:3.0.20]
	at org.apache.groovy.json.internal.BaseJsonParser.parse(BaseJsonParser.java:113) ~[groovy-json-3.0.20.jar:3.0.20]
	at groovy.json.JsonSlurper.parseText(JsonSlurper.java:204) ~[groovy-json-3.0.20.jar:3.0.20]
	at groovy.json.JsonSlurper$parseText.call(Unknown Source) ~[?:?]
	at Script5.run(Script5.groovy:1) ~[?:?]
	at org.codehaus.groovy.jsr223.GroovyScriptEngineImpl.eval(GroovyScriptEngineImpl.java:317) ~[groovy-jsr223-3.0.20.jar:3.0.20]
	... 10 more
2026-08-31 17:33:46,939 ERROR o.a.j.a.JSR223Assertion: Problem in JSR223 script: Validate coupon amounts
javax.script.ScriptException: groovy.json.JsonException: Unable to determine the current character, it is not a string, number, array, or object

The current character read is '<' with an int value of 60
Unable to determine the current character, it is not a string, number, array, or object
line number 1
index number 0
<!DOCTYPE html>
^
	at org.codehaus.groovy.jsr223.GroovyScriptEngineImpl.eval(GroovyScriptEngineImpl.java:320) ~[groovy-jsr223-3.0.20.jar:3.0.20]
	at org.codehaus.groovy.jsr223.GroovyCompiledScript.eval(GroovyCompiledScript.java:71) ~[groovy-jsr223-3.0.20.jar:3.0.20]
	at java.scripting/javax.script.CompiledScript.eval(CompiledScript.java:93) ~[java.scripting:?]
	at org.apache.jmeter.util.JSR223TestElement.processFileOrScript(JSR223TestElement.java:230) ~[ApacheJMeter_core.jar:5.6.3]
	at org.apache.jmeter.assertions.JSR223Assertion.getResult(JSR223Assertion.java:50) ~[ApacheJMeter_components.jar:5.6.3]
	at org.apache.jmeter.threads.JMeterThread.processAssertion(JMeterThread.java:949) ~[ApacheJMeter_core.jar:5.6.3]
	at org.apache.jmeter.threads.JMeterThread.checkAssertions(JMeterThread.java:918) ~[ApacheJMeter_core.jar:5.6.3]
	at org.apache.jmeter.threads.JMeterThread.executeSamplePackage(JMeterThread.java:586) ~[ApacheJMeter_core.jar:5.6.3]
	at org.apache.jmeter.threads.JMeterThread.processSampler(JMeterThread.java:501) ~[ApacheJMeter_core.jar:5.6.3]
	at org.apache.jmeter.threads.JMeterThread.run(JMeterThread.java:268) ~[ApacheJMeter_core.jar:5.6.3]
	at java.base/java.lang.Thread.run(Thread.java:1583) [?:?]
Caused by: groovy.json.JsonException: Unable to determine the current character, it is not a string, number, array, or object

The current character read is '<' with an int value of 60
Unable to determine the current character, it is not a string, number, array, or object
line number 1
index number 0
<!DOCTYPE html>
^
	at org.apache.groovy.json.internal.JsonParserCharArray.decodeValueInternal(JsonParserCharArray.java:202) ~[groovy-json-3.0.20.jar:3.0.20]
	at org.apache.groovy.json.internal.JsonParserCharArray.decodeValue(JsonParserCharArray.java:153) ~[groovy-json-3.0.20.jar:3.0.20]
	at org.apache.groovy.json.internal.JsonParserCharArray.decodeFromChars(JsonParserCharArray.java:43) ~[groovy-json-3.0.20.jar:3.0.20]
	at org.apache.groovy.json.internal.JsonParserCharArray.parse(JsonParserCharArray.java:380) ~[groovy-json-3.0.20.jar:3.0.20]
	at org.apache.groovy.json.internal.BaseJsonParser.parse(BaseJsonParser.java:113) ~[groovy-json-3.0.20.jar:3.0.20]
	at groovy.json.JsonSlurper.parseText(JsonSlurper.java:204) ~[groovy-json-3.0.20.jar:3.0.20]
	at groovy.json.JsonSlurper$parseText.call(Unknown Source) ~[?:?]
	at Script5.run(Script5.groovy:1) ~[?:?]
	at org.codehaus.groovy.jsr223.GroovyScriptEngineImpl.eval(GroovyScriptEngineImpl.java:317) ~[groovy-jsr223-3.0.20.jar:3.0.20]
	... 10 more
2026-08-31 17:33:47,452 ERROR o.a.j.a.JSR223Assertion: Problem in JSR223 script: Validate coupon amounts
javax.script.ScriptException: groovy.json.JsonException: Unable to determine the current character, it is not a string, number, array, or object

The current character read is '<' with an int value of 60
Unable to determine the current character, it is not a string, number, array, or object
line number 1
index number 0
<!DOCTYPE html>
^
	at org.codehaus.groovy.jsr223.GroovyScriptEngineImpl.eval(GroovyScriptEngineImpl.java:320) ~[groovy-jsr223-3.0.20.jar:3.0.20]
	at org.codehaus.groovy.jsr223.GroovyCompiledScript.eval(GroovyCompiledScript.java:71) ~[groovy-jsr223-3.0.20.jar:3.0.20]
	at java.scripting/javax.script.CompiledScript.eval(CompiledScript.java:93) ~[java.scripting:?]
	at org.apache.jmeter.util.JSR223TestElement.processFileOrScript(JSR223TestElement.java:230) ~[ApacheJMeter_core.jar:5.6.3]
	at org.apache.jmeter.assertions.JSR223Assertion.getResult(JSR223Assertion.java:50) ~[ApacheJMeter_components.jar:5.6.3]
	at org.apache.jmeter.threads.JMeterThread.processAssertion(JMeterThread.java:949) ~[ApacheJMeter_core.jar:5.6.3]
	at org.apache.jmeter.threads.JMeterThread.checkAssertions(JMeterThread.java:918) ~[ApacheJMeter_core.jar:5.6.3]
	at org.apache.jmeter.threads.JMeterThread.executeSamplePackage(JMeterThread.java:586) ~[ApacheJMeter_core.jar:5.6.3]
	at org.apache.jmeter.threads.JMeterThread.processSampler(JMeterThread.java:501) ~[ApacheJMeter_core.jar:5.6.3]
	at org.apache.jmeter.threads.JMeterThread.run(JMeterThread.java:268) ~[ApacheJMeter_core.jar:5.6.3]
	at java.base/java.lang.Thread.run(Thread.java:1583) [?:?]
Caused by: groovy.json.JsonException: Unable to determine the current character, it is not a string, number, array, or object

The current character read is '<' with an int value of 60
Unable to determine the current character, it is not a string, number, array, or object
line number 1
index number 0
<!DOCTYPE html>
^
	at org.apache.groovy.json.internal.JsonParserCharArray.decodeValueInternal(JsonParserCharArray.java:202) ~[groovy-json-3.0.20.jar:3.0.20]
	at org.apache.groovy.json.internal.JsonParserCharArray.decodeValue(JsonParserCharArray.java:153) ~[groovy-json-3.0.20.jar:3.0.20]
	at org.apache.groovy.json.internal.JsonParserCharArray.decodeFromChars(JsonParserCharArray.java:43) ~[groovy-json-3.0.20.jar:3.0.20]
	at org.apache.groovy.json.internal.JsonParserCharArray.parse(JsonParserCharArray.java:380) ~[groovy-json-3.0.20.jar:3.0.20]
	at org.apache.groovy.json.internal.BaseJsonParser.parse(BaseJsonParser.java:113) ~[groovy-json-3.0.20.jar:3.0.20]
	at groovy.json.JsonSlurper.parseText(JsonSlurper.java:204) ~[groovy-json-3.0.20.jar:3.0.20]
	at groovy.json.JsonSlurper$parseText.call(Unknown Source) ~[?:?]
	at Script5.run(Script5.groovy:1) ~[?:?]
	at org.codehaus.groovy.jsr223.GroovyScriptEngineImpl.eval(GroovyScriptEngineImpl.java:317) ~[groovy-jsr223-3.0.20.jar:3.0.20]
	... 10 more
2026-08-31 17:33:47,561 ERROR o.a.j.a.JSR223Assertion: Problem in JSR223 script: Validate coupon amounts
javax.script.ScriptException: groovy.json.JsonException: Unable to determine the current character, it is not a string, number, array, or object

The current character read is '<' with an int value of 60
Unable to determine the current character, it is not a string, number, array, or object
line number 1
index number 0
<!DOCTYPE html>
^
	at org.codehaus.groovy.jsr223.GroovyScriptEngineImpl.eval(GroovyScriptEngineImpl.java:320) ~[groovy-jsr223-3.0.20.jar:3.0.20]
	at org.codehaus.groovy.jsr223.GroovyCompiledScript.eval(GroovyCompiledScript.java:71) ~[groovy-jsr223-3.0.20.jar:3.0.20]
	at java.scripting/javax.script.CompiledScript.eval(CompiledScript.java:93) ~[java.scripting:?]
	at org.apache.jmeter.util.JSR223TestElement.processFileOrScript(JSR223TestElement.java:230) ~[ApacheJMeter_core.jar:5.6.3]
	at org.apache.jmeter.assertions.JSR223Assertion.getResult(JSR223Assertion.java:50) ~[ApacheJMeter_components.jar:5.6.3]
	at org.apache.jmeter.threads.JMeterThread.processAssertion(JMeterThread.java:949) ~[ApacheJMeter_core.jar:5.6.3]
	at org.apache.jmeter.threads.JMeterThread.checkAssertions(JMeterThread.java:918) ~[ApacheJMeter_core.jar:5.6.3]
	at org.apache.jmeter.threads.JMeterThread.executeSamplePackage(JMeterThread.java:586) ~[ApacheJMeter_core.jar:5.6.3]
	at org.apache.jmeter.threads.JMeterThread.processSampler(JMeterThread.java:501) ~[ApacheJMeter_core.jar:5.6.3]
	at org.apache.jmeter.threads.JMeterThread.run(JMeterThread.java:268) ~[ApacheJMeter_core.jar:5.6.3]
	at java.base/java.lang.Thread.run(Thread.java:1583) [?:?]
Caused by: groovy.json.JsonException: Unable to determine the current character, it is not a string, number, array, or object

The current character read is '<' with an int value of 60
Unable to determine the current character, it is not a string, number, array, or object
line number 1
index number 0
<!DOCTYPE html>
^
	at org.apache.groovy.json.internal.JsonParserCharArray.decodeValueInternal(JsonParserCharArray.java:202) ~[groovy-json-3.0.20.jar:3.0.20]
	at org.apache.groovy.json.internal.JsonParserCharArray.decodeValue(JsonParserCharArray.java:153) ~[groovy-json-3.0.20.jar:3.0.20]
	at org.apache.groovy.json.internal.JsonParserCharArray.decodeFromChars(JsonParserCharArray.java:43) ~[groovy-json-3.0.20.jar:3.0.20]
	at org.apache.groovy.json.internal.JsonParserCharArray.parse(JsonParserCharArray.java:380) ~[groovy-json-3.0.20.jar:3.0.20]
	at org.apache.groovy.json.internal.BaseJsonParser.parse(BaseJsonParser.java:113) ~[groovy-json-3.0.20.jar:3.0.20]
	at groovy.json.JsonSlurper.parseText(JsonSlurper.java:204) ~[groovy-json-3.0.20.jar:3.0.20]
	at groovy.json.JsonSlurper$parseText.call(Unknown Source) ~[?:?]
	at Script5.run(Script5.groovy:1) ~[?:?]
	at org.codehaus.groovy.jsr223.GroovyScriptEngineImpl.eval(GroovyScriptEngineImpl.java:317) ~[groovy-jsr223-3.0.20.jar:3.0.20]
	... 10 more
2026-08-31 17:33:48,042 ERROR o.a.j.a.JSR223Assertion: Problem in JSR223 script: Validate coupon amounts
javax.script.ScriptException: groovy.json.JsonException: Unable to determine the current character, it is not a string, number, array, or object

The current character read is '<' with an int value of 60
Unable to determine the current character, it is not a string, number, array, or object
line number 1
index number 0
<!DOCTYPE html>
^
	at org.codehaus.groovy.jsr223.GroovyScriptEngineImpl.eval(GroovyScriptEngineImpl.java:320) ~[groovy-jsr223-3.0.20.jar:3.0.20]
	at org.codehaus.groovy.jsr223.GroovyCompiledScript.eval(GroovyCompiledScript.java:71) ~[groovy-jsr223-3.0.20.jar:3.0.20]
	at java.scripting/javax.script.CompiledScript.eval(CompiledScript.java:93) ~[java.scripting:?]
	at org.apache.jmeter.util.JSR223TestElement.processFileOrScript(JSR223TestElement.java:230) ~[ApacheJMeter_core.jar:5.6.3]
	at org.apache.jmeter.assertions.JSR223Assertion.getResult(JSR223Assertion.java:50) ~[ApacheJMeter_components.jar:5.6.3]
	at org.apache.jmeter.threads.JMeterThread.processAssertion(JMeterThread.java:949) ~[ApacheJMeter_core.jar:5.6.3]
	at org.apache.jmeter.threads.JMeterThread.checkAssertions(JMeterThread.java:918) ~[ApacheJMeter_core.jar:5.6.3]
	at org.apache.jmeter.threads.JMeterThread.executeSamplePackage(JMeterThread.java:586) ~[ApacheJMeter_core.jar:5.6.3]
	at org.apache.jmeter.threads.JMeterThread.processSampler(JMeterThread.java:501) ~[ApacheJMeter_core.jar:5.6.3]
	at org.apache.jmeter.threads.JMeterThread.run(JMeterThread.java:268) ~[ApacheJMeter_core.jar:5.6.3]
	at java.base/java.lang.Thread.run(Thread.java:1583) [?:?]
Caused by: groovy.json.JsonException: Unable to determine the current character, it is not a string, number, array, or object

The current character read is '<' with an int value of 60
Unable to determine the current character, it is not a string, number, array, or object
line number 1
index number 0
<!DOCTYPE html>
^
	at org.apache.groovy.json.internal.JsonParserCharArray.decodeValueInternal(JsonParserCharArray.java:202) ~[groovy-json-3.0.20.jar:3.0.20]
	at org.apache.groovy.json.internal.JsonParserCharArray.decodeValue(JsonParserCharArray.java:153) ~[groovy-json-3.0.20.jar:3.0.20]
	at org.apache.groovy.json.internal.JsonParserCharArray.decodeFromChars(JsonParserCharArray.java:43) ~[groovy-json-3.0.20.jar:3.0.20]
	at org.apache.groovy.json.internal.JsonParserCharArray.parse(JsonParserCharArray.java:380) ~[groovy-json-3.0.20.jar:3.0.20]
	at org.apache.groovy.json.internal.BaseJsonParser.parse(BaseJsonParser.java:113) ~[groovy-json-3.0.20.jar:3.0.20]
	at groovy.json.JsonSlurper.parseText(JsonSlurper.java:204) ~[groovy-json-3.0.20.jar:3.0.20]
	at groovy.json.JsonSlurper$parseText.call(Unknown Source) ~[?:?]
	at Script5.run(Script5.groovy:1) ~[?:?]
	at org.codehaus.groovy.jsr223.GroovyScriptEngineImpl.eval(GroovyScriptEngineImpl.java:317) ~[groovy-jsr223-3.0.20.jar:3.0.20]
	... 10 more
2026-08-31 17:33:48,784 ERROR o.a.j.a.JSR223Assertion: Problem in JSR223 script: Validate coupon amounts
javax.script.ScriptException: groovy.json.JsonException: Unable to determine the current character, it is not a string, number, array, or object

The current character read is '<' with an int value of 60
Unable to determine the current character, it is not a string, number, array, or object
line number 1
index number 0
<!DOCTYPE html>
^
	at org.codehaus.groovy.jsr223.GroovyScriptEngineImpl.eval(GroovyScriptEngineImpl.java:320) ~[groovy-jsr223-3.0.20.jar:3.0.20]
	at org.codehaus.groovy.jsr223.GroovyCompiledScript.eval(GroovyCompiledScript.java:71) ~[groovy-jsr223-3.0.20.jar:3.0.20]
	at java.scripting/javax.script.CompiledScript.eval(CompiledScript.java:93) ~[java.scripting:?]
	at org.apache.jmeter.util.JSR223TestElement.processFileOrScript(JSR223TestElement.java:230) ~[ApacheJMeter_core.jar:5.6.3]
	at org.apache.jmeter.assertions.JSR223Assertion.getResult(JSR223Assertion.java:50) ~[ApacheJMeter_components.jar:5.6.3]
	at org.apache.jmeter.threads.JMeterThread.processAssertion(JMeterThread.java:949) ~[ApacheJMeter_core.jar:5.6.3]
	at org.apache.jmeter.threads.JMeterThread.checkAssertions(JMeterThread.java:918) ~[ApacheJMeter_core.jar:5.6.3]
	at org.apache.jmeter.threads.JMeterThread.executeSamplePackage(JMeterThread.java:586) ~[ApacheJMeter_core.jar:5.6.3]
	at org.apache.jmeter.threads.JMeterThread.processSampler(JMeterThread.java:501) ~[ApacheJMeter_core.jar:5.6.3]
	at org.apache.jmeter.threads.JMeterThread.run(JMeterThread.java:268) ~[ApacheJMeter_core.jar:5.6.3]
	at java.base/java.lang.Thread.run(Thread.java:1583) [?:?]
Caused by: groovy.json.JsonException: Unable to determine the current character, it is not a string, number, array, or object

The current character read is '<' with an int value of 60
Unable to determine the current character, it is not a string, number, array, or object
line number 1
index number 0
<!DOCTYPE html>
^
	at org.apache.groovy.json.internal.JsonParserCharArray.decodeValueInternal(JsonParserCharArray.java:202) ~[groovy-json-3.0.20.jar:3.0.20]
	at org.apache.groovy.json.internal.JsonParserCharArray.decodeValue(JsonParserCharArray.java:153) ~[groovy-json-3.0.20.jar:3.0.20]
	at org.apache.groovy.json.internal.JsonParserCharArray.decodeFromChars(JsonParserCharArray.java:43) ~[groovy-json-3.0.20.jar:3.0.20]
	at org.apache.groovy.json.internal.JsonParserCharArray.parse(JsonParserCharArray.java:380) ~[groovy-json-3.0.20.jar:3.0.20]
	at org.apache.groovy.json.internal.BaseJsonParser.parse(BaseJsonParser.java:113) ~[groovy-json-3.0.20.jar:3.0.20]
	at groovy.json.JsonSlurper.parseText(JsonSlurper.java:204) ~[groovy-json-3.0.20.jar:3.0.20]
	at groovy.json.JsonSlurper$parseText.call(Unknown Source) ~[?:?]
	at Script5.run(Script5.groovy:1) ~[?:?]
	at org.codehaus.groovy.jsr223.GroovyScriptEngineImpl.eval(GroovyScriptEngineImpl.java:317) ~[groovy-jsr223-3.0.20.jar:3.0.20]
	... 10 more
2026-08-31 17:33:48,823 ERROR o.a.j.a.JSR223Assertion: Problem in JSR223 script: Validate coupon amounts
javax.script.ScriptException: groovy.json.JsonException: Unable to determine the current character, it is not a string, number, array, or object

The current character read is '<' with an int value of 60
Unable to determine the current character, it is not a string, number, array, or object
line number 1
index number 0
<!DOCTYPE html>
^
	at org.codehaus.groovy.jsr223.GroovyScriptEngineImpl.eval(GroovyScriptEngineImpl.java:320) ~[groovy-jsr223-3.0.20.jar:3.0.20]
	at org.codehaus.groovy.jsr223.GroovyCompiledScript.eval(GroovyCompiledScript.java:71) ~[groovy-jsr223-3.0.20.jar:3.0.20]
	at java.scripting/javax.script.CompiledScript.eval(CompiledScript.java:93) ~[java.scripting:?]
	at org.apache.jmeter.util.JSR223TestElement.processFileOrScript(JSR223TestElement.java:230) ~[ApacheJMeter_core.jar:5.6.3]
	at org.apache.jmeter.assertions.JSR223Assertion.getResult(JSR223Assertion.java:50) ~[ApacheJMeter_components.jar:5.6.3]
	at org.apache.jmeter.threads.JMeterThread.processAssertion(JMeterThread.java:949) ~[ApacheJMeter_core.jar:5.6.3]
	at org.apache.jmeter.threads.JMeterThread.checkAssertions(JMeterThread.java:918) ~[ApacheJMeter_core.jar:5.6.3]
	at org.apache.jmeter.threads.JMeterThread.executeSamplePackage(JMeterThread.java:586) ~[ApacheJMeter_core.jar:5.6.3]
	at org.apache.jmeter.threads.JMeterThread.processSampler(JMeterThread.java:501) ~[ApacheJMeter_core.jar:5.6.3]
	at org.apache.jmeter.threads.JMeterThread.run(JMeterThread.java:268) ~[ApacheJMeter_core.jar:5.6.3]
	at java.base/java.lang.Thread.run(Thread.java:1583) [?:?]
Caused by: groovy.json.JsonException: Unable to determine the current character, it is not a string, number, array, or object

The current character read is '<' with an int value of 60
Unable to determine the current character, it is not a string, number, array, or object
line number 1
index number 0
<!DOCTYPE html>
^
	at org.apache.groovy.json.internal.JsonParserCharArray.decodeValueInternal(JsonParserCharArray.java:202) ~[groovy-json-3.0.20.jar:3.0.20]
	at org.apache.groovy.json.internal.JsonParserCharArray.decodeValue(JsonParserCharArray.java:153) ~[groovy-json-3.0.20.jar:3.0.20]
	at org.apache.groovy.json.internal.JsonParserCharArray.decodeFromChars(JsonParserCharArray.java:43) ~[groovy-json-3.0.20.jar:3.0.20]
	at org.apache.groovy.json.internal.JsonParserCharArray.parse(JsonParserCharArray.java:380) ~[groovy-json-3.0.20.jar:3.0.20]
	at org.apache.groovy.json.internal.BaseJsonParser.parse(BaseJsonParser.java:113) ~[groovy-json-3.0.20.jar:3.0.20]
	at groovy.json.JsonSlurper.parseText(JsonSlurper.java:204) ~[groovy-json-3.0.20.jar:3.0.20]
	at groovy.json.JsonSlurper$parseText.call(Unknown Source) ~[?:?]
	at Script5.run(Script5.groovy:1) ~[?:?]
	at org.codehaus.groovy.jsr223.GroovyScriptEngineImpl.eval(GroovyScriptEngineImpl.java:317) ~[groovy-jsr223-3.0.20.jar:3.0.20]
	... 10 more
2026-08-31 17:33:48,925 ERROR o.a.j.a.JSR223Assertion: Problem in JSR223 script: Validate coupon amounts
javax.script.ScriptException: groovy.json.JsonException: Unable to determine the current character, it is not a string, number, array, or object

The current character read is '<' with an int value of 60
Unable to determine the current character, it is not a string, number, array, or object
line number 1
index number 0
<!DOCTYPE html>
^
	at org.codehaus.groovy.jsr223.GroovyScriptEngineImpl.eval(GroovyScriptEngineImpl.java:320) ~[groovy-jsr223-3.0.20.jar:3.0.20]
	at org.codehaus.groovy.jsr223.GroovyCompiledScript.eval(GroovyCompiledScript.java:71) ~[groovy-jsr223-3.0.20.jar:3.0.20]
	at java.scripting/javax.script.CompiledScript.eval(CompiledScript.java:93) ~[java.scripting:?]
	at org.apache.jmeter.util.JSR223TestElement.processFileOrScript(JSR223TestElement.java:230) ~[ApacheJMeter_core.jar:5.6.3]
	at org.apache.jmeter.assertions.JSR223Assertion.getResult(JSR223Assertion.java:50) ~[ApacheJMeter_components.jar:5.6.3]
	at org.apache.jmeter.threads.JMeterThread.processAssertion(JMeterThread.java:949) ~[ApacheJMeter_core.jar:5.6.3]
	at org.apache.jmeter.threads.JMeterThread.checkAssertions(JMeterThread.java:918) ~[ApacheJMeter_core.jar:5.6.3]
	at org.apache.jmeter.threads.JMeterThread.executeSamplePackage(JMeterThread.java:586) ~[ApacheJMeter_core.jar:5.6.3]
	at org.apache.jmeter.threads.JMeterThread.processSampler(JMeterThread.java:501) ~[ApacheJMeter_core.jar:5.6.3]
	at org.apache.jmeter.threads.JMeterThread.run(JMeterThread.java:268) ~[ApacheJMeter_core.jar:5.6.3]
	at java.base/java.lang.Thread.run(Thread.java:1583) [?:?]
Caused by: groovy.json.JsonException: Unable to determine the current character, it is not a string, number, array, or object

The current character read is '<' with an int value of 60
Unable to determine the current character, it is not a string, number, array, or object
line number 1
index number 0
<!DOCTYPE html>
^
	at org.apache.groovy.json.internal.JsonParserCharArray.decodeValueInternal(JsonParserCharArray.java:202) ~[groovy-json-3.0.20.jar:3.0.20]
	at org.apache.groovy.json.internal.JsonParserCharArray.decodeValue(JsonParserCharArray.java:153) ~[groovy-json-3.0.20.jar:3.0.20]
	at org.apache.groovy.json.internal.JsonParserCharArray.decodeFromChars(JsonParserCharArray.java:43) ~[groovy-json-3.0.20.jar:3.0.20]
	at org.apache.groovy.json.internal.JsonParserCharArray.parse(JsonParserCharArray.java:380) ~[groovy-json-3.0.20.jar:3.0.20]
	at org.apache.groovy.json.internal.BaseJsonParser.parse(BaseJsonParser.java:113) ~[groovy-json-3.0.20.jar:3.0.20]
	at groovy.json.JsonSlurper.parseText(JsonSlurper.java:204) ~[groovy-json-3.0.20.jar:3.0.20]
	at groovy.json.JsonSlurper$parseText.call(Unknown Source) ~[?:?]
	at Script5.run(Script5.groovy:1) ~[?:?]
	at org.codehaus.groovy.jsr223.GroovyScriptEngineImpl.eval(GroovyScriptEngineImpl.java:317) ~[groovy-jsr223-3.0.20.jar:3.0.20]
	... 10 more
2026-08-31 17:33:49,313 ERROR o.a.j.a.JSR223Assertion: Problem in JSR223 script: Validate coupon amounts
javax.script.ScriptException: groovy.json.JsonException: Unable to determine the current character, it is not a string, number, array, or object

The current character read is '<' with an int value of 60
Unable to determine the current character, it is not a string, number, array, or object
line number 1
index number 0
<!DOCTYPE html>
^
	at org.codehaus.groovy.jsr223.GroovyScriptEngineImpl.eval(GroovyScriptEngineImpl.java:320) ~[groovy-jsr223-3.0.20.jar:3.0.20]
	at org.codehaus.groovy.jsr223.GroovyCompiledScript.eval(GroovyCompiledScript.java:71) ~[groovy-jsr223-3.0.20.jar:3.0.20]
	at java.scripting/javax.script.CompiledScript.eval(CompiledScript.java:93) ~[java.scripting:?]
	at org.apache.jmeter.util.JSR223TestElement.processFileOrScript(JSR223TestElement.java:230) ~[ApacheJMeter_core.jar:5.6.3]
	at org.apache.jmeter.assertions.JSR223Assertion.getResult(JSR223Assertion.java:50) ~[ApacheJMeter_components.jar:5.6.3]
	at org.apache.jmeter.threads.JMeterThread.processAssertion(JMeterThread.java:949) ~[ApacheJMeter_core.jar:5.6.3]
	at org.apache.jmeter.threads.JMeterThread.checkAssertions(JMeterThread.java:918) ~[ApacheJMeter_core.jar:5.6.3]
	at org.apache.jmeter.threads.JMeterThread.executeSamplePackage(JMeterThread.java:586) ~[ApacheJMeter_core.jar:5.6.3]
	at org.apache.jmeter.threads.JMeterThread.processSampler(JMeterThread.java:501) ~[ApacheJMeter_core.jar:5.6.3]
	at org.apache.jmeter.threads.JMeterThread.run(JMeterThread.java:268) ~[ApacheJMeter_core.jar:5.6.3]
	at java.base/java.lang.Thread.run(Thread.java:1583) [?:?]
Caused by: groovy.json.JsonException: Unable to determine the current character, it is not a string, number, array, or object

The current character read is '<' with an int value of 60
Unable to determine the current character, it is not a string, number, array, or object
line number 1
index number 0
<!DOCTYPE html>
^
	at org.apache.groovy.json.internal.JsonParserCharArray.decodeValueInternal(JsonParserCharArray.java:202) ~[groovy-json-3.0.20.jar:3.0.20]
	at org.apache.groovy.json.internal.JsonParserCharArray.decodeValue(JsonParserCharArray.java:153) ~[groovy-json-3.0.20.jar:3.0.20]
	at org.apache.groovy.json.internal.JsonParserCharArray.decodeFromChars(JsonParserCharArray.java:43) ~[groovy-json-3.0.20.jar:3.0.20]
	at org.apache.groovy.json.internal.JsonParserCharArray.parse(JsonParserCharArray.java:380) ~[groovy-json-3.0.20.jar:3.0.20]
	at org.apache.groovy.json.internal.BaseJsonParser.parse(BaseJsonParser.java:113) ~[groovy-json-3.0.20.jar:3.0.20]
	at groovy.json.JsonSlurper.parseText(JsonSlurper.java:204) ~[groovy-json-3.0.20.jar:3.0.20]
	at groovy.json.JsonSlurper$parseText.call(Unknown Source) ~[?:?]
	at Script5.run(Script5.groovy:1) ~[?:?]
	at org.codehaus.groovy.jsr223.GroovyScriptEngineImpl.eval(GroovyScriptEngineImpl.java:317) ~[groovy-jsr223-3.0.20.jar:3.0.20]
	... 10 more
2026-08-31 17:33:49,708 ERROR o.a.j.a.JSR223Assertion: Problem in JSR223 script: Validate coupon amounts
javax.script.ScriptException: groovy.json.JsonException: Unable to determine the current character, it is not a string, number, array, or object

The current character read is '<' with an int value of 60
Unable to determine the current character, it is not a string, number, array, or object
line number 1
index number 0
<!DOCTYPE html>
^
	at org.codehaus.groovy.jsr223.GroovyScriptEngineImpl.eval(GroovyScriptEngineImpl.java:320) ~[groovy-jsr223-3.0.20.jar:3.0.20]
	at org.codehaus.groovy.jsr223.GroovyCompiledScript.eval(GroovyCompiledScript.java:71) ~[groovy-jsr223-3.0.20.jar:3.0.20]
	at java.scripting/javax.script.CompiledScript.eval(CompiledScript.java:93) ~[java.scripting:?]
	at org.apache.jmeter.util.JSR223TestElement.processFileOrScript(JSR223TestElement.java:230) ~[ApacheJMeter_core.jar:5.6.3]
	at org.apache.jmeter.assertions.JSR223Assertion.getResult(JSR223Assertion.java:50) ~[ApacheJMeter_components.jar:5.6.3]
	at org.apache.jmeter.threads.JMeterThread.processAssertion(JMeterThread.java:949) ~[ApacheJMeter_core.jar:5.6.3]
	at org.apache.jmeter.threads.JMeterThread.checkAssertions(JMeterThread.java:918) ~[ApacheJMeter_core.jar:5.6.3]
	at org.apache.jmeter.threads.JMeterThread.executeSamplePackage(JMeterThread.java:586) ~[ApacheJMeter_core.jar:5.6.3]
	at org.apache.jmeter.threads.JMeterThread.processSampler(JMeterThread.java:501) ~[ApacheJMeter_core.jar:5.6.3]
	at org.apache.jmeter.threads.JMeterThread.run(JMeterThread.java:268) ~[ApacheJMeter_core.jar:5.6.3]
	at java.base/java.lang.Thread.run(Thread.java:1583) [?:?]
Caused by: groovy.json.JsonException: Unable to determine the current character, it is not a string, number, array, or object

The current character read is '<' with an int value of 60
Unable to determine the current character, it is not a string, number, array, or object
line number 1
index number 0
<!DOCTYPE html>
^
	at org.apache.groovy.json.internal.JsonParserCharArray.decodeValueInternal(JsonParserCharArray.java:202) ~[groovy-json-3.0.20.jar:3.0.20]
	at org.apache.groovy.json.internal.JsonParserCharArray.decodeValue(JsonParserCharArray.java:153) ~[groovy-json-3.0.20.jar:3.0.20]
	at org.apache.groovy.json.internal.JsonParserCharArray.decodeFromChars(JsonParserCharArray.java:43) ~[groovy-json-3.0.20.jar:3.0.20]
	at org.apache.groovy.json.internal.JsonParserCharArray.parse(JsonParserCharArray.java:380) ~[groovy-json-3.0.20.jar:3.0.20]
	at org.apache.groovy.json.internal.BaseJsonParser.parse(BaseJsonParser.java:113) ~[groovy-json-3.0.20.jar:3.0.20]
	at groovy.json.JsonSlurper.parseText(JsonSlurper.java:204) ~[groovy-json-3.0.20.jar:3.0.20]
	at groovy.json.JsonSlurper$parseText.call(Unknown Source) ~[?:?]
	at Script5.run(Script5.groovy:1) ~[?:?]
	at org.codehaus.groovy.jsr223.GroovyScriptEngineImpl.eval(GroovyScriptEngineImpl.java:317) ~[groovy-jsr223-3.0.20.jar:3.0.20]
	... 10 more
2026-08-31 17:33:50,657 ERROR o.a.j.a.JSR223Assertion: Problem in JSR223 script: Validate coupon amounts
javax.script.ScriptException: groovy.json.JsonException: Unable to determine the current character, it is not a string, number, array, or object

The current character read is '<' with an int value of 60
Unable to determine the current character, it is not a string, number, array, or object
line number 1
index number 0
<!DOCTYPE html>
^
	at org.codehaus.groovy.jsr223.GroovyScriptEngineImpl.eval(GroovyScriptEngineImpl.java:320) ~[groovy-jsr223-3.0.20.jar:3.0.20]
	at org.codehaus.groovy.jsr223.GroovyCompiledScript.eval(GroovyCompiledScript.java:71) ~[groovy-jsr223-3.0.20.jar:3.0.20]
	at java.scripting/javax.script.CompiledScript.eval(CompiledScript.java:93) ~[java.scripting:?]
	at org.apache.jmeter.util.JSR223TestElement.processFileOrScript(JSR223TestElement.java:230) ~[ApacheJMeter_core.jar:5.6.3]
	at org.apache.jmeter.assertions.JSR223Assertion.getResult(JSR223Assertion.java:50) ~[ApacheJMeter_components.jar:5.6.3]
	at org.apache.jmeter.threads.JMeterThread.processAssertion(JMeterThread.java:949) ~[ApacheJMeter_core.jar:5.6.3]
	at org.apache.jmeter.threads.JMeterThread.checkAssertions(JMeterThread.java:918) ~[ApacheJMeter_core.jar:5.6.3]
	at org.apache.jmeter.threads.JMeterThread.executeSamplePackage(JMeterThread.java:586) ~[ApacheJMeter_core.jar:5.6.3]
	at org.apache.jmeter.threads.JMeterThread.processSampler(JMeterThread.java:501) ~[ApacheJMeter_core.jar:5.6.3]
	at org.apache.jmeter.threads.JMeterThread.run(JMeterThread.java:268) ~[ApacheJMeter_core.jar:5.6.3]
	at java.base/java.lang.Thread.run(Thread.java:1583) [?:?]
Caused by: groovy.json.JsonException: Unable to determine the current character, it is not a string, number, array, or object

The current character read is '<' with an int value of 60
Unable to determine the current character, it is not a string, number, array, or object
line number 1
index number 0
<!DOCTYPE html>
^
	at org.apache.groovy.json.internal.JsonParserCharArray.decodeValueInternal(JsonParserCharArray.java:202) ~[groovy-json-3.0.20.jar:3.0.20]
	at org.apache.groovy.json.internal.JsonParserCharArray.decodeValue(JsonParserCharArray.java:153) ~[groovy-json-3.0.20.jar:3.0.20]
	at org.apache.groovy.json.internal.JsonParserCharArray.decodeFromChars(JsonParserCharArray.java:43) ~[groovy-json-3.0.20.jar:3.0.20]
	at org.apache.groovy.json.internal.JsonParserCharArray.parse(JsonParserCharArray.java:380) ~[groovy-json-3.0.20.jar:3.0.20]
	at org.apache.groovy.json.internal.BaseJsonParser.parse(BaseJsonParser.java:113) ~[groovy-json-3.0.20.jar:3.0.20]
	at groovy.json.JsonSlurper.parseText(JsonSlurper.java:204) ~[groovy-json-3.0.20.jar:3.0.20]
	at groovy.json.JsonSlurper$parseText.call(Unknown Source) ~[?:?]
	at Script5.run(Script5.groovy:1) ~[?:?]
	at org.codehaus.groovy.jsr223.GroovyScriptEngineImpl.eval(GroovyScriptEngineImpl.java:317) ~[groovy-jsr223-3.0.20.jar:3.0.20]
	... 10 more
2026-08-31 17:33:50,741 ERROR o.a.j.a.JSR223Assertion: Problem in JSR223 script: Validate coupon amounts
javax.script.ScriptException: groovy.json.JsonException: Unable to determine the current character, it is not a string, number, array, or object

The current character read is '<' with an int value of 60
Unable to determine the current character, it is not a string, number, array, or object
line number 1
index number 0
<!DOCTYPE html>
^
	at org.codehaus.groovy.jsr223.GroovyScriptEngineImpl.eval(GroovyScriptEngineImpl.java:320) ~[groovy-jsr223-3.0.20.jar:3.0.20]
	at org.codehaus.groovy.jsr223.GroovyCompiledScript.eval(GroovyCompiledScript.java:71) ~[groovy-jsr223-3.0.20.jar:3.0.20]
	at java.scripting/javax.script.CompiledScript.eval(CompiledScript.java:93) ~[java.scripting:?]
	at org.apache.jmeter.util.JSR223TestElement.processFileOrScript(JSR223TestElement.java:230) ~[ApacheJMeter_core.jar:5.6.3]
	at org.apache.jmeter.assertions.JSR223Assertion.getResult(JSR223Assertion.java:50) ~[ApacheJMeter_components.jar:5.6.3]
	at org.apache.jmeter.threads.JMeterThread.processAssertion(JMeterThread.java:949) ~[ApacheJMeter_core.jar:5.6.3]
	at org.apache.jmeter.threads.JMeterThread.checkAssertions(JMeterThread.java:918) ~[ApacheJMeter_core.jar:5.6.3]
	at org.apache.jmeter.threads.JMeterThread.executeSamplePackage(JMeterThread.java:586) ~[ApacheJMeter_core.jar:5.6.3]
	at org.apache.jmeter.threads.JMeterThread.processSampler(JMeterThread.java:501) ~[ApacheJMeter_core.jar:5.6.3]
	at org.apache.jmeter.threads.JMeterThread.run(JMeterThread.java:268) ~[ApacheJMeter_core.jar:5.6.3]
	at java.base/java.lang.Thread.run(Thread.java:1583) [?:?]
Caused by: groovy.json.JsonException: Unable to determine the current character, it is not a string, number, array, or object

The current character read is '<' with an int value of 60
Unable to determine the current character, it is not a string, number, array, or object
line number 1
index number 0
<!DOCTYPE html>
^
	at org.apache.groovy.json.internal.JsonParserCharArray.decodeValueInternal(JsonParserCharArray.java:202) ~[groovy-json-3.0.20.jar:3.0.20]
	at org.apache.groovy.json.internal.JsonParserCharArray.decodeValue(JsonParserCharArray.java:153) ~[groovy-json-3.0.20.jar:3.0.20]
	at org.apache.groovy.json.internal.JsonParserCharArray.decodeFromChars(JsonParserCharArray.java:43) ~[groovy-json-3.0.20.jar:3.0.20]
	at org.apache.groovy.json.internal.JsonParserCharArray.parse(JsonParserCharArray.java:380) ~[groovy-json-3.0.20.jar:3.0.20]
	at org.apache.groovy.json.internal.BaseJsonParser.parse(BaseJsonParser.java:113) ~[groovy-json-3.0.20.jar:3.0.20]
	at groovy.json.JsonSlurper.parseText(JsonSlurper.java:204) ~[groovy-json-3.0.20.jar:3.0.20]
	at groovy.json.JsonSlurper$parseText.call(Unknown Source) ~[?:?]
	at Script5.run(Script5.groovy:1) ~[?:?]
	at org.codehaus.groovy.jsr223.GroovyScriptEngineImpl.eval(GroovyScriptEngineImpl.java:317) ~[groovy-jsr223-3.0.20.jar:3.0.20]
	... 10 more
2026-08-31 17:33:50,956 ERROR o.a.j.a.JSR223Assertion: Problem in JSR223 script: Validate coupon amounts
javax.script.ScriptException: groovy.json.JsonException: Unable to determine the current character, it is not a string, number, array, or object

The current character read is '<' with an int value of 60
Unable to determine the current character, it is not a string, number, array, or object
line number 1
index number 0
<!DOCTYPE html>
^
	at org.codehaus.groovy.jsr223.GroovyScriptEngineImpl.eval(GroovyScriptEngineImpl.java:320) ~[groovy-jsr223-3.0.20.jar:3.0.20]
	at org.codehaus.groovy.jsr223.GroovyCompiledScript.eval(GroovyCompiledScript.java:71) ~[groovy-jsr223-3.0.20.jar:3.0.20]
	at java.scripting/javax.script.CompiledScript.eval(CompiledScript.java:93) ~[java.scripting:?]
	at org.apache.jmeter.util.JSR223TestElement.processFileOrScript(JSR223TestElement.java:230) ~[ApacheJMeter_core.jar:5.6.3]
	at org.apache.jmeter.assertions.JSR223Assertion.getResult(JSR223Assertion.java:50) ~[ApacheJMeter_components.jar:5.6.3]
	at org.apache.jmeter.threads.JMeterThread.processAssertion(JMeterThread.java:949) ~[ApacheJMeter_core.jar:5.6.3]
	at org.apache.jmeter.threads.JMeterThread.checkAssertions(JMeterThread.java:918) ~[ApacheJMeter_core.jar:5.6.3]
	at org.apache.jmeter.threads.JMeterThread.executeSamplePackage(JMeterThread.java:586) ~[ApacheJMeter_core.jar:5.6.3]
	at org.apache.jmeter.threads.JMeterThread.processSampler(JMeterThread.java:501) ~[ApacheJMeter_core.jar:5.6.3]
	at org.apache.jmeter.threads.JMeterThread.run(JMeterThread.java:268) ~[ApacheJMeter_core.jar:5.6.3]
	at java.base/java.lang.Thread.run(Thread.java:1583) [?:?]
Caused by: groovy.json.JsonException: Unable to determine the current character, it is not a string, number, array, or object

The current character read is '<' with an int value of 60
Unable to determine the current character, it is not a string, number, array, or object
line number 1
index number 0
<!DOCTYPE html>
^
	at org.apache.groovy.json.internal.JsonParserCharArray.decodeValueInternal(JsonParserCharArray.java:202) ~[groovy-json-3.0.20.jar:3.0.20]
	at org.apache.groovy.json.internal.JsonParserCharArray.decodeValue(JsonParserCharArray.java:153) ~[groovy-json-3.0.20.jar:3.0.20]
	at org.apache.groovy.json.internal.JsonParserCharArray.decodeFromChars(JsonParserCharArray.java:43) ~[groovy-json-3.0.20.jar:3.0.20]
	at org.apache.groovy.json.internal.JsonParserCharArray.parse(JsonParserCharArray.java:380) ~[groovy-json-3.0.20.jar:3.0.20]
	at org.apache.groovy.json.internal.BaseJsonParser.parse(BaseJsonParser.java:113) ~[groovy-json-3.0.20.jar:3.0.20]
	at groovy.json.JsonSlurper.parseText(JsonSlurper.java:204) ~[groovy-json-3.0.20.jar:3.0.20]
	at groovy.json.JsonSlurper$parseText.call(Unknown Source) ~[?:?]
	at Script5.run(Script5.groovy:1) ~[?:?]
	at org.codehaus.groovy.jsr223.GroovyScriptEngineImpl.eval(GroovyScriptEngineImpl.java:317) ~[groovy-jsr223-3.0.20.jar:3.0.20]
	... 10 more
2026-08-31 17:33:51,060 ERROR o.a.j.a.JSR223Assertion: Problem in JSR223 script: Validate coupon amounts
javax.script.ScriptException: groovy.json.JsonException: Unable to determine the current character, it is not a string, number, array, or object

The current character read is '<' with an int value of 60
Unable to determine the current character, it is not a string, number, array, or object
line number 1
index number 0
<!DOCTYPE html>
^
	at org.codehaus.groovy.jsr223.GroovyScriptEngineImpl.eval(GroovyScriptEngineImpl.java:320) ~[groovy-jsr223-3.0.20.jar:3.0.20]
	at org.codehaus.groovy.jsr223.GroovyCompiledScript.eval(GroovyCompiledScript.java:71) ~[groovy-jsr223-3.0.20.jar:3.0.20]
	at java.scripting/javax.script.CompiledScript.eval(CompiledScript.java:93) ~[java.scripting:?]
	at org.apache.jmeter.util.JSR223TestElement.processFileOrScript(JSR223TestElement.java:230) ~[ApacheJMeter_core.jar:5.6.3]
	at org.apache.jmeter.assertions.JSR223Assertion.getResult(JSR223Assertion.java:50) ~[ApacheJMeter_components.jar:5.6.3]
	at org.apache.jmeter.threads.JMeterThread.processAssertion(JMeterThread.java:949) ~[ApacheJMeter_core.jar:5.6.3]
	at org.apache.jmeter.threads.JMeterThread.checkAssertions(JMeterThread.java:918) ~[ApacheJMeter_core.jar:5.6.3]
	at org.apache.jmeter.threads.JMeterThread.executeSamplePackage(JMeterThread.java:586) ~[ApacheJMeter_core.jar:5.6.3]
	at org.apache.jmeter.threads.JMeterThread.processSampler(JMeterThread.java:501) ~[ApacheJMeter_core.jar:5.6.3]
	at org.apache.jmeter.threads.JMeterThread.run(JMeterThread.java:268) ~[ApacheJMeter_core.jar:5.6.3]
	at java.base/java.lang.Thread.run(Thread.java:1583) [?:?]
Caused by: groovy.json.JsonException: Unable to determine the current character, it is not a string, number, array, or object

The current character read is '<' with an int value of 60
Unable to determine the current character, it is not a string, number, array, or object
line number 1
index number 0
<!DOCTYPE html>
^
	at org.apache.groovy.json.internal.JsonParserCharArray.decodeValueInternal(JsonParserCharArray.java:202) ~[groovy-json-3.0.20.jar:3.0.20]
	at org.apache.groovy.json.internal.JsonParserCharArray.decodeValue(JsonParserCharArray.java:153) ~[groovy-json-3.0.20.jar:3.0.20]
	at org.apache.groovy.json.internal.JsonParserCharArray.decodeFromChars(JsonParserCharArray.java:43) ~[groovy-json-3.0.20.jar:3.0.20]
	at org.apache.groovy.json.internal.JsonParserCharArray.parse(JsonParserCharArray.java:380) ~[groovy-json-3.0.20.jar:3.0.20]
	at org.apache.groovy.json.internal.BaseJsonParser.parse(BaseJsonParser.java:113) ~[groovy-json-3.0.20.jar:3.0.20]
	at groovy.json.JsonSlurper.parseText(JsonSlurper.java:204) ~[groovy-json-3.0.20.jar:3.0.20]
	at groovy.json.JsonSlurper$parseText.call(Unknown Source) ~[?:?]
	at Script5.run(Script5.groovy:1) ~[?:?]
	at org.codehaus.groovy.jsr223.GroovyScriptEngineImpl.eval(GroovyScriptEngineImpl.java:317) ~[groovy-jsr223-3.0.20.jar:3.0.20]
	... 10 more
2026-08-31 17:33:51,377 ERROR o.a.j.a.JSR223Assertion: Problem in JSR223 script: Validate coupon amounts
javax.script.ScriptException: groovy.json.JsonException: Unable to determine the current character, it is not a string, number, array, or object

The current character read is '<' with an int value of 60
Unable to determine the current character, it is not a string, number, array, or object
line number 1
index number 0
<!DOCTYPE html>
^
	at org.codehaus.groovy.jsr223.GroovyScriptEngineImpl.eval(GroovyScriptEngineImpl.java:320) ~[groovy-jsr223-3.0.20.jar:3.0.20]
	at org.codehaus.groovy.jsr223.GroovyCompiledScript.eval(GroovyCompiledScript.java:71) ~[groovy-jsr223-3.0.20.jar:3.0.20]
	at java.scripting/javax.script.CompiledScript.eval(CompiledScript.java:93) ~[java.scripting:?]
	at org.apache.jmeter.util.JSR223TestElement.processFileOrScript(JSR223TestElement.java:230) ~[ApacheJMeter_core.jar:5.6.3]
	at org.apache.jmeter.assertions.JSR223Assertion.getResult(JSR223Assertion.java:50) ~[ApacheJMeter_components.jar:5.6.3]
	at org.apache.jmeter.threads.JMeterThread.processAssertion(JMeterThread.java:949) ~[ApacheJMeter_core.jar:5.6.3]
	at org.apache.jmeter.threads.JMeterThread.checkAssertions(JMeterThread.java:918) ~[ApacheJMeter_core.jar:5.6.3]
	at org.apache.jmeter.threads.JMeterThread.executeSamplePackage(JMeterThread.java:586) ~[ApacheJMeter_core.jar:5.6.3]
	at org.apache.jmeter.threads.JMeterThread.processSampler(JMeterThread.java:501) ~[ApacheJMeter_core.jar:5.6.3]
	at org.apache.jmeter.threads.JMeterThread.run(JMeterThread.java:268) ~[ApacheJMeter_core.jar:5.6.3]
	at java.base/java.lang.Thread.run(Thread.java:1583) [?:?]
Caused by: groovy.json.JsonException: Unable to determine the current character, it is not a string, number, array, or object

The current character read is '<' with an int value of 60
Unable to determine the current character, it is not a string, number, array, or object
line number 1
index number 0
<!DOCTYPE html>
^
	at org.apache.groovy.json.internal.JsonParserCharArray.decodeValueInternal(JsonParserCharArray.java:202) ~[groovy-json-3.0.20.jar:3.0.20]
	at org.apache.groovy.json.internal.JsonParserCharArray.decodeValue(JsonParserCharArray.java:153) ~[groovy-json-3.0.20.jar:3.0.20]
	at org.apache.groovy.json.internal.JsonParserCharArray.decodeFromChars(JsonParserCharArray.java:43) ~[groovy-json-3.0.20.jar:3.0.20]
	at org.apache.groovy.json.internal.JsonParserCharArray.parse(JsonParserCharArray.java:380) ~[groovy-json-3.0.20.jar:3.0.20]
	at org.apache.groovy.json.internal.BaseJsonParser.parse(BaseJsonParser.java:113) ~[groovy-json-3.0.20.jar:3.0.20]
	at groovy.json.JsonSlurper.parseText(JsonSlurper.java:204) ~[groovy-json-3.0.20.jar:3.0.20]
	at groovy.json.JsonSlurper$parseText.call(Unknown Source) ~[?:?]
	at Script5.run(Script5.groovy:1) ~[?:?]
	at org.codehaus.groovy.jsr223.GroovyScriptEngineImpl.eval(GroovyScriptEngineImpl.java:317) ~[groovy-jsr223-3.0.20.jar:3.0.20]
	... 10 more
2026-08-31 17:33:51,977 ERROR o.a.j.a.JSR223Assertion: Problem in JSR223 script: Validate coupon amounts
javax.script.ScriptException: groovy.json.JsonException: Unable to determine the current character, it is not a string, number, array, or object

The current character read is '<' with an int value of 60
Unable to determine the current character, it is not a string, number, array, or object
line number 1
index number 0
<!DOCTYPE html>
^
	at org.codehaus.groovy.jsr223.GroovyScriptEngineImpl.eval(GroovyScriptEngineImpl.java:320) ~[groovy-jsr223-3.0.20.jar:3.0.20]
	at org.codehaus.groovy.jsr223.GroovyCompiledScript.eval(GroovyCompiledScript.java:71) ~[groovy-jsr223-3.0.20.jar:3.0.20]
	at java.scripting/javax.script.CompiledScript.eval(CompiledScript.java:93) ~[java.scripting:?]
	at org.apache.jmeter.util.JSR223TestElement.processFileOrScript(JSR223TestElement.java:230) ~[ApacheJMeter_core.jar:5.6.3]
	at org.apache.jmeter.assertions.JSR223Assertion.getResult(JSR223Assertion.java:50) ~[ApacheJMeter_components.jar:5.6.3]
	at org.apache.jmeter.threads.JMeterThread.processAssertion(JMeterThread.java:949) ~[ApacheJMeter_core.jar:5.6.3]
	at org.apache.jmeter.threads.JMeterThread.checkAssertions(JMeterThread.java:918) ~[ApacheJMeter_core.jar:5.6.3]
	at org.apache.jmeter.threads.JMeterThread.executeSamplePackage(JMeterThread.java:586) ~[ApacheJMeter_core.jar:5.6.3]
	at org.apache.jmeter.threads.JMeterThread.processSampler(JMeterThread.java:501) ~[ApacheJMeter_core.jar:5.6.3]
	at org.apache.jmeter.threads.JMeterThread.run(JMeterThread.java:268) ~[ApacheJMeter_core.jar:5.6.3]
	at java.base/java.lang.Thread.run(Thread.java:1583) [?:?]
Caused by: groovy.json.JsonException: Unable to determine the current character, it is not a string, number, array, or object

The current character read is '<' with an int value of 60
Unable to determine the current character, it is not a string, number, array, or object
line number 1
index number 0
<!DOCTYPE html>
^
	at org.apache.groovy.json.internal.JsonParserCharArray.decodeValueInternal(JsonParserCharArray.java:202) ~[groovy-json-3.0.20.jar:3.0.20]
	at org.apache.groovy.json.internal.JsonParserCharArray.decodeValue(JsonParserCharArray.java:153) ~[groovy-json-3.0.20.jar:3.0.20]
	at org.apache.groovy.json.internal.JsonParserCharArray.decodeFromChars(JsonParserCharArray.java:43) ~[groovy-json-3.0.20.jar:3.0.20]
	at org.apache.groovy.json.internal.JsonParserCharArray.parse(JsonParserCharArray.java:380) ~[groovy-json-3.0.20.jar:3.0.20]
	at org.apache.groovy.json.internal.BaseJsonParser.parse(BaseJsonParser.java:113) ~[groovy-json-3.0.20.jar:3.0.20]
	at groovy.json.JsonSlurper.parseText(JsonSlurper.java:204) ~[groovy-json-3.0.20.jar:3.0.20]
	at groovy.json.JsonSlurper$parseText.call(Unknown Source) ~[?:?]
	at Script5.run(Script5.groovy:1) ~[?:?]
	at org.codehaus.groovy.jsr223.GroovyScriptEngineImpl.eval(GroovyScriptEngineImpl.java:317) ~[groovy-jsr223-3.0.20.jar:3.0.20]
	... 10 more
2026-08-31 17:33:52,738 ERROR o.a.j.a.JSR223Assertion: Problem in JSR223 script: Validate coupon amounts
javax.script.ScriptException: groovy.json.JsonException: Unable to determine the current character, it is not a string, number, array, or object

The current character read is '<' with an int value of 60
Unable to determine the current character, it is not a string, number, array, or object
line number 1
index number 0
<!DOCTYPE html>
^
	at org.codehaus.groovy.jsr223.GroovyScriptEngineImpl.eval(GroovyScriptEngineImpl.java:320) ~[groovy-jsr223-3.0.20.jar:3.0.20]
	at org.codehaus.groovy.jsr223.GroovyCompiledScript.eval(GroovyCompiledScript.java:71) ~[groovy-jsr223-3.0.20.jar:3.0.20]
	at java.scripting/javax.script.CompiledScript.eval(CompiledScript.java:93) ~[java.scripting:?]
	at org.apache.jmeter.util.JSR223TestElement.processFileOrScript(JSR223TestElement.java:230) ~[ApacheJMeter_core.jar:5.6.3]
	at org.apache.jmeter.assertions.JSR223Assertion.getResult(JSR223Assertion.java:50) ~[ApacheJMeter_components.jar:5.6.3]
	at org.apache.jmeter.threads.JMeterThread.processAssertion(JMeterThread.java:949) ~[ApacheJMeter_core.jar:5.6.3]
	at org.apache.jmeter.threads.JMeterThread.checkAssertions(JMeterThread.java:918) ~[ApacheJMeter_core.jar:5.6.3]
	at org.apache.jmeter.threads.JMeterThread.executeSamplePackage(JMeterThread.java:586) ~[ApacheJMeter_core.jar:5.6.3]
	at org.apache.jmeter.threads.JMeterThread.processSampler(JMeterThread.java:501) ~[ApacheJMeter_core.jar:5.6.3]
	at org.apache.jmeter.threads.JMeterThread.run(JMeterThread.java:268) ~[ApacheJMeter_core.jar:5.6.3]
	at java.base/java.lang.Thread.run(Thread.java:1583) [?:?]
Caused by: groovy.json.JsonException: Unable to determine the current character, it is not a string, number, array, or object

The current character read is '<' with an int value of 60
Unable to determine the current character, it is not a string, number, array, or object
line number 1
index number 0
<!DOCTYPE html>
^
	at org.apache.groovy.json.internal.JsonParserCharArray.decodeValueInternal(JsonParserCharArray.java:202) ~[groovy-json-3.0.20.jar:3.0.20]
	at org.apache.groovy.json.internal.JsonParserCharArray.decodeValue(JsonParserCharArray.java:153) ~[groovy-json-3.0.20.jar:3.0.20]
	at org.apache.groovy.json.internal.JsonParserCharArray.decodeFromChars(JsonParserCharArray.java:43) ~[groovy-json-3.0.20.jar:3.0.20]
	at org.apache.groovy.json.internal.JsonParserCharArray.parse(JsonParserCharArray.java:380) ~[groovy-json-3.0.20.jar:3.0.20]
	at org.apache.groovy.json.internal.BaseJsonParser.parse(BaseJsonParser.java:113) ~[groovy-json-3.0.20.jar:3.0.20]
	at groovy.json.JsonSlurper.parseText(JsonSlurper.java:204) ~[groovy-json-3.0.20.jar:3.0.20]
	at groovy.json.JsonSlurper$parseText.call(Unknown Source) ~[?:?]
	at Script5.run(Script5.groovy:1) ~[?:?]
	at org.codehaus.groovy.jsr223.GroovyScriptEngineImpl.eval(GroovyScriptEngineImpl.java:317) ~[groovy-jsr223-3.0.20.jar:3.0.20]
	... 10 more
2026-08-31 17:33:52,796 ERROR o.a.j.a.JSR223Assertion: Problem in JSR223 script: Validate coupon amounts
javax.script.ScriptException: groovy.json.JsonException: Unable to determine the current character, it is not a string, number, array, or object

The current character read is '<' with an int value of 60
Unable to determine the current character, it is not a string, number, array, or object
line number 1
index number 0
<!DOCTYPE html>
^
	at org.codehaus.groovy.jsr223.GroovyScriptEngineImpl.eval(GroovyScriptEngineImpl.java:320) ~[groovy-jsr223-3.0.20.jar:3.0.20]
	at org.codehaus.groovy.jsr223.GroovyCompiledScript.eval(GroovyCompiledScript.java:71) ~[groovy-jsr223-3.0.20.jar:3.0.20]
	at java.scripting/javax.script.CompiledScript.eval(CompiledScript.java:93) ~[java.scripting:?]
	at org.apache.jmeter.util.JSR223TestElement.processFileOrScript(JSR223TestElement.java:230) ~[ApacheJMeter_core.jar:5.6.3]
	at org.apache.jmeter.assertions.JSR223Assertion.getResult(JSR223Assertion.java:50) ~[ApacheJMeter_components.jar:5.6.3]
	at org.apache.jmeter.threads.JMeterThread.processAssertion(JMeterThread.java:949) ~[ApacheJMeter_core.jar:5.6.3]
	at org.apache.jmeter.threads.JMeterThread.checkAssertions(JMeterThread.java:918) ~[ApacheJMeter_core.jar:5.6.3]
	at org.apache.jmeter.threads.JMeterThread.executeSamplePackage(JMeterThread.java:586) ~[ApacheJMeter_core.jar:5.6.3]
	at org.apache.jmeter.threads.JMeterThread.processSampler(JMeterThread.java:501) ~[ApacheJMeter_core.jar:5.6.3]
	at org.apache.jmeter.threads.JMeterThread.run(JMeterThread.java:268) ~[ApacheJMeter_core.jar:5.6.3]
	at java.base/java.lang.Thread.run(Thread.java:1583) [?:?]
Caused by: groovy.json.JsonException: Unable to determine the current character, it is not a string, number, array, or object

The current character read is '<' with an int value of 60
Unable to determine the current character, it is not a string, number, array, or object
line number 1
index number 0
<!DOCTYPE html>
^
	at org.apache.groovy.json.internal.JsonParserCharArray.decodeValueInternal(JsonParserCharArray.java:202) ~[groovy-json-3.0.20.jar:3.0.20]
	at org.apache.groovy.json.internal.JsonParserCharArray.decodeValue(JsonParserCharArray.java:153) ~[groovy-json-3.0.20.jar:3.0.20]
	at org.apache.groovy.json.internal.JsonParserCharArray.decodeFromChars(JsonParserCharArray.java:43) ~[groovy-json-3.0.20.jar:3.0.20]
	at org.apache.groovy.json.internal.JsonParserCharArray.parse(JsonParserCharArray.java:380) ~[groovy-json-3.0.20.jar:3.0.20]
	at org.apache.groovy.json.internal.BaseJsonParser.parse(BaseJsonParser.java:113) ~[groovy-json-3.0.20.jar:3.0.20]
	at groovy.json.JsonSlurper.parseText(JsonSlurper.java:204) ~[groovy-json-3.0.20.jar:3.0.20]
	at groovy.json.JsonSlurper$parseText.call(Unknown Source) ~[?:?]
	at Script5.run(Script5.groovy:1) ~[?:?]
	at org.codehaus.groovy.jsr223.GroovyScriptEngineImpl.eval(GroovyScriptEngineImpl.java:317) ~[groovy-jsr223-3.0.20.jar:3.0.20]
	... 10 more
2026-08-31 17:33:52,913 ERROR o.a.j.a.JSR223Assertion: Problem in JSR223 script: Validate coupon amounts
javax.script.ScriptException: groovy.json.JsonException: Unable to determine the current character, it is not a string, number, array, or object

The current character read is '<' with an int value of 60
Unable to determine the current character, it is not a string, number, array, or object
line number 1
index number 0
<!DOCTYPE html>
^
	at org.codehaus.groovy.jsr223.GroovyScriptEngineImpl.eval(GroovyScriptEngineImpl.java:320) ~[groovy-jsr223-3.0.20.jar:3.0.20]
	at org.codehaus.groovy.jsr223.GroovyCompiledScript.eval(GroovyCompiledScript.java:71) ~[groovy-jsr223-3.0.20.jar:3.0.20]
	at java.scripting/javax.script.CompiledScript.eval(CompiledScript.java:93) ~[java.scripting:?]
	at org.apache.jmeter.util.JSR223TestElement.processFileOrScript(JSR223TestElement.java:230) ~[ApacheJMeter_core.jar:5.6.3]
	at org.apache.jmeter.assertions.JSR223Assertion.getResult(JSR223Assertion.java:50) ~[ApacheJMeter_components.jar:5.6.3]
	at org.apache.jmeter.threads.JMeterThread.processAssertion(JMeterThread.java:949) ~[ApacheJMeter_core.jar:5.6.3]
	at org.apache.jmeter.threads.JMeterThread.checkAssertions(JMeterThread.java:918) ~[ApacheJMeter_core.jar:5.6.3]
	at org.apache.jmeter.threads.JMeterThread.executeSamplePackage(JMeterThread.java:586) ~[ApacheJMeter_core.jar:5.6.3]
	at org.apache.jmeter.threads.JMeterThread.processSampler(JMeterThread.java:501) ~[ApacheJMeter_core.jar:5.6.3]
	at org.apache.jmeter.threads.JMeterThread.run(JMeterThread.java:268) ~[ApacheJMeter_core.jar:5.6.3]
	at java.base/java.lang.Thread.run(Thread.java:1583) [?:?]
Caused by: groovy.json.JsonException: Unable to determine the current character, it is not a string, number, array, or object

The current character read is '<' with an int value of 60
Unable to determine the current character, it is not a string, number, array, or object
line number 1
index number 0
<!DOCTYPE html>
^
	at org.apache.groovy.json.internal.JsonParserCharArray.decodeValueInternal(JsonParserCharArray.java:202) ~[groovy-json-3.0.20.jar:3.0.20]
	at org.apache.groovy.json.internal.JsonParserCharArray.decodeValue(JsonParserCharArray.java:153) ~[groovy-json-3.0.20.jar:3.0.20]
	at org.apache.groovy.json.internal.JsonParserCharArray.decodeFromChars(JsonParserCharArray.java:43) ~[groovy-json-3.0.20.jar:3.0.20]
	at org.apache.groovy.json.internal.JsonParserCharArray.parse(JsonParserCharArray.java:380) ~[groovy-json-3.0.20.jar:3.0.20]
	at org.apache.groovy.json.internal.BaseJsonParser.parse(BaseJsonParser.java:113) ~[groovy-json-3.0.20.jar:3.0.20]
	at groovy.json.JsonSlurper.parseText(JsonSlurper.java:204) ~[groovy-json-3.0.20.jar:3.0.20]
	at groovy.json.JsonSlurper$parseText.call(Unknown Source) ~[?:?]
	at Script5.run(Script5.groovy:1) ~[?:?]
	at org.codehaus.groovy.jsr223.GroovyScriptEngineImpl.eval(GroovyScriptEngineImpl.java:317) ~[groovy-jsr223-3.0.20.jar:3.0.20]
	... 10 more
2026-08-31 17:33:53,228 ERROR o.a.j.a.JSR223Assertion: Problem in JSR223 script: Validate coupon amounts
javax.script.ScriptException: groovy.json.JsonException: Unable to determine the current character, it is not a string, number, array, or object

The current character read is '<' with an int value of 60
Unable to determine the current character, it is not a string, number, array, or object
line number 1
index number 0
<!DOCTYPE html>
^
	at org.codehaus.groovy.jsr223.GroovyScriptEngineImpl.eval(GroovyScriptEngineImpl.java:320) ~[groovy-jsr223-3.0.20.jar:3.0.20]
	at org.codehaus.groovy.jsr223.GroovyCompiledScript.eval(GroovyCompiledScript.java:71) ~[groovy-jsr223-3.0.20.jar:3.0.20]
	at java.scripting/javax.script.CompiledScript.eval(CompiledScript.java:93) ~[java.scripting:?]
	at org.apache.jmeter.util.JSR223TestElement.processFileOrScript(JSR223TestElement.java:230) ~[ApacheJMeter_core.jar:5.6.3]
	at org.apache.jmeter.assertions.JSR223Assertion.getResult(JSR223Assertion.java:50) ~[ApacheJMeter_components.jar:5.6.3]
	at org.apache.jmeter.threads.JMeterThread.processAssertion(JMeterThread.java:949) ~[ApacheJMeter_core.jar:5.6.3]
	at org.apache.jmeter.threads.JMeterThread.checkAssertions(JMeterThread.java:918) ~[ApacheJMeter_core.jar:5.6.3]
	at org.apache.jmeter.threads.JMeterThread.executeSamplePackage(JMeterThread.java:586) ~[ApacheJMeter_core.jar:5.6.3]
	at org.apache.jmeter.threads.JMeterThread.processSampler(JMeterThread.java:501) ~[ApacheJMeter_core.jar:5.6.3]
	at org.apache.jmeter.threads.JMeterThread.run(JMeterThread.java:268) ~[ApacheJMeter_core.jar:5.6.3]
	at java.base/java.lang.Thread.run(Thread.java:1583) [?:?]
Caused by: groovy.json.JsonException: Unable to determine the current character, it is not a string, number, array, or object

The current character read is '<' with an int value of 60
Unable to determine the current character, it is not a string, number, array, or object
line number 1
index number 0
<!DOCTYPE html>
^
	at org.apache.groovy.json.internal.JsonParserCharArray.decodeValueInternal(JsonParserCharArray.java:202) ~[groovy-json-3.0.20.jar:3.0.20]
	at org.apache.groovy.json.internal.JsonParserCharArray.decodeValue(JsonParserCharArray.java:153) ~[groovy-json-3.0.20.jar:3.0.20]
	at org.apache.groovy.json.internal.JsonParserCharArray.decodeFromChars(JsonParserCharArray.java:43) ~[groovy-json-3.0.20.jar:3.0.20]
	at org.apache.groovy.json.internal.JsonParserCharArray.parse(JsonParserCharArray.java:380) ~[groovy-json-3.0.20.jar:3.0.20]
	at org.apache.groovy.json.internal.BaseJsonParser.parse(BaseJsonParser.java:113) ~[groovy-json-3.0.20.jar:3.0.20]
	at groovy.json.JsonSlurper.parseText(JsonSlurper.java:204) ~[groovy-json-3.0.20.jar:3.0.20]
	at groovy.json.JsonSlurper$parseText.call(Unknown Source) ~[?:?]
	at Script5.run(Script5.groovy:1) ~[?:?]
	at org.codehaus.groovy.jsr223.GroovyScriptEngineImpl.eval(GroovyScriptEngineImpl.java:317) ~[groovy-jsr223-3.0.20.jar:3.0.20]
	... 10 more
2026-08-31 17:33:53,495 ERROR o.a.j.a.JSR223Assertion: Problem in JSR223 script: Validate coupon amounts
javax.script.ScriptException: groovy.json.JsonException: Unable to determine the current character, it is not a string, number, array, or object

The current character read is '<' with an int value of 60
Unable to determine the current character, it is not a string, number, array, or object
line number 1
index number 0
<!DOCTYPE html>
^
	at org.codehaus.groovy.jsr223.GroovyScriptEngineImpl.eval(GroovyScriptEngineImpl.java:320) ~[groovy-jsr223-3.0.20.jar:3.0.20]
	at org.codehaus.groovy.jsr223.GroovyCompiledScript.eval(GroovyCompiledScript.java:71) ~[groovy-jsr223-3.0.20.jar:3.0.20]
	at java.scripting/javax.script.CompiledScript.eval(CompiledScript.java:93) ~[java.scripting:?]
	at org.apache.jmeter.util.JSR223TestElement.processFileOrScript(JSR223TestElement.java:230) ~[ApacheJMeter_core.jar:5.6.3]
	at org.apache.jmeter.assertions.JSR223Assertion.getResult(JSR223Assertion.java:50) ~[ApacheJMeter_components.jar:5.6.3]
	at org.apache.jmeter.threads.JMeterThread.processAssertion(JMeterThread.java:949) ~[ApacheJMeter_core.jar:5.6.3]
	at org.apache.jmeter.threads.JMeterThread.checkAssertions(JMeterThread.java:918) ~[ApacheJMeter_core.jar:5.6.3]
	at org.apache.jmeter.threads.JMeterThread.executeSamplePackage(JMeterThread.java:586) ~[ApacheJMeter_core.jar:5.6.3]
	at org.apache.jmeter.threads.JMeterThread.processSampler(JMeterThread.java:501) ~[ApacheJMeter_core.jar:5.6.3]
	at org.apache.jmeter.threads.JMeterThread.run(JMeterThread.java:268) ~[ApacheJMeter_core.jar:5.6.3]
	at java.base/java.lang.Thread.run(Thread.java:1583) [?:?]
Caused by: groovy.json.JsonException: Unable to determine the current character, it is not a string, number, array, or object

The current character read is '<' with an int value of 60
Unable to determine the current character, it is not a string, number, array, or object
line number 1
index number 0
<!DOCTYPE html>
^
	at org.apache.groovy.json.internal.JsonParserCharArray.decodeValueInternal(JsonParserCharArray.java:202) ~[groovy-json-3.0.20.jar:3.0.20]
	at org.apache.groovy.json.internal.JsonParserCharArray.decodeValue(JsonParserCharArray.java:153) ~[groovy-json-3.0.20.jar:3.0.20]
	at org.apache.groovy.json.internal.JsonParserCharArray.decodeFromChars(JsonParserCharArray.java:43) ~[groovy-json-3.0.20.jar:3.0.20]
	at org.apache.groovy.json.internal.JsonParserCharArray.parse(JsonParserCharArray.java:380) ~[groovy-json-3.0.20.jar:3.0.20]
	at org.apache.groovy.json.internal.BaseJsonParser.parse(BaseJsonParser.java:113) ~[groovy-json-3.0.20.jar:3.0.20]
	at groovy.json.JsonSlurper.parseText(JsonSlurper.java:204) ~[groovy-json-3.0.20.jar:3.0.20]
	at groovy.json.JsonSlurper$parseText.call(Unknown Source) ~[?:?]
	at Script5.run(Script5.groovy:1) ~[?:?]
	at org.codehaus.groovy.jsr223.GroovyScriptEngineImpl.eval(GroovyScriptEngineImpl.java:317) ~[groovy-jsr223-3.0.20.jar:3.0.20]
	... 10 more
2026-08-31 17:33:54,470 ERROR o.a.j.a.JSR223Assertion: Problem in JSR223 script: Validate coupon amounts
javax.script.ScriptException: groovy.json.JsonException: Unable to determine the current character, it is not a string, number, array, or object

The current character read is '<' with an int value of 60
Unable to determine the current character, it is not a string, number, array, or object
line number 1
index number 0
<!DOCTYPE html>
^
	at org.codehaus.groovy.jsr223.GroovyScriptEngineImpl.eval(GroovyScriptEngineImpl.java:320) ~[groovy-jsr223-3.0.20.jar:3.0.20]
	at org.codehaus.groovy.jsr223.GroovyCompiledScript.eval(GroovyCompiledScript.java:71) ~[groovy-jsr223-3.0.20.jar:3.0.20]
	at java.scripting/javax.script.CompiledScript.eval(CompiledScript.java:93) ~[java.scripting:?]
	at org.apache.jmeter.util.JSR223TestElement.processFileOrScript(JSR223TestElement.java:230) ~[ApacheJMeter_core.jar:5.6.3]
	at org.apache.jmeter.assertions.JSR223Assertion.getResult(JSR223Assertion.java:50) ~[ApacheJMeter_components.jar:5.6.3]
	at org.apache.jmeter.threads.JMeterThread.processAssertion(JMeterThread.java:949) ~[ApacheJMeter_core.jar:5.6.3]
	at org.apache.jmeter.threads.JMeterThread.checkAssertions(JMeterThread.java:918) ~[ApacheJMeter_core.jar:5.6.3]
	at org.apache.jmeter.threads.JMeterThread.executeSamplePackage(JMeterThread.java:586) ~[ApacheJMeter_core.jar:5.6.3]
	at org.apache.jmeter.threads.JMeterThread.processSampler(JMeterThread.java:501) ~[ApacheJMeter_core.jar:5.6.3]
	at org.apache.jmeter.threads.JMeterThread.run(JMeterThread.java:268) ~[ApacheJMeter_core.jar:5.6.3]
	at java.base/java.lang.Thread.run(Thread.java:1583) [?:?]
Caused by: groovy.json.JsonException: Unable to determine the current character, it is not a string, number, array, or object

The current character read is '<' with an int value of 60
Unable to determine the current character, it is not a string, number, array, or object
line number 1
index number 0
<!DOCTYPE html>
^
	at org.apache.groovy.json.internal.JsonParserCharArray.decodeValueInternal(JsonParserCharArray.java:202) ~[groovy-json-3.0.20.jar:3.0.20]
	at org.apache.groovy.json.internal.JsonParserCharArray.decodeValue(JsonParserCharArray.java:153) ~[groovy-json-3.0.20.jar:3.0.20]
	at org.apache.groovy.json.internal.JsonParserCharArray.decodeFromChars(JsonParserCharArray.java:43) ~[groovy-json-3.0.20.jar:3.0.20]
	at org.apache.groovy.json.internal.JsonParserCharArray.parse(JsonParserCharArray.java:380) ~[groovy-json-3.0.20.jar:3.0.20]
	at org.apache.groovy.json.internal.BaseJsonParser.parse(BaseJsonParser.java:113) ~[groovy-json-3.0.20.jar:3.0.20]
	at groovy.json.JsonSlurper.parseText(JsonSlurper.java:204) ~[groovy-json-3.0.20.jar:3.0.20]
	at groovy.json.JsonSlurper$parseText.call(Unknown Source) ~[?:?]
	at Script5.run(Script5.groovy:1) ~[?:?]
	at org.codehaus.groovy.jsr223.GroovyScriptEngineImpl.eval(GroovyScriptEngineImpl.java:317) ~[groovy-jsr223-3.0.20.jar:3.0.20]
	... 10 more
2026-08-31 17:33:55,044 ERROR o.a.j.a.JSR223Assertion: Problem in JSR223 script: Validate coupon amounts
javax.script.ScriptException: groovy.json.JsonException: Unable to determine the current character, it is not a string, number, array, or object

The current character read is '<' with an int value of 60
Unable to determine the current character, it is not a string, number, array, or object
line number 1
index number 0
<!DOCTYPE html>
^
	at org.codehaus.groovy.jsr223.GroovyScriptEngineImpl.eval(GroovyScriptEngineImpl.java:320) ~[groovy-jsr223-3.0.20.jar:3.0.20]
	at org.codehaus.groovy.jsr223.GroovyCompiledScript.eval(GroovyCompiledScript.java:71) ~[groovy-jsr223-3.0.20.jar:3.0.20]
	at java.scripting/javax.script.CompiledScript.eval(CompiledScript.java:93) ~[java.scripting:?]
	at org.apache.jmeter.util.JSR223TestElement.processFileOrScript(JSR223TestElement.java:230) ~[ApacheJMeter_core.jar:5.6.3]
	at org.apache.jmeter.assertions.JSR223Assertion.getResult(JSR223Assertion.java:50) ~[ApacheJMeter_components.jar:5.6.3]
	at org.apache.jmeter.threads.JMeterThread.processAssertion(JMeterThread.java:949) ~[ApacheJMeter_core.jar:5.6.3]
	at org.apache.jmeter.threads.JMeterThread.checkAssertions(JMeterThread.java:918) ~[ApacheJMeter_core.jar:5.6.3]
	at org.apache.jmeter.threads.JMeterThread.executeSamplePackage(JMeterThread.java:586) ~[ApacheJMeter_core.jar:5.6.3]
	at org.apache.jmeter.threads.JMeterThread.processSampler(JMeterThread.java:501) ~[ApacheJMeter_core.jar:5.6.3]
	at org.apache.jmeter.threads.JMeterThread.run(JMeterThread.java:268) ~[ApacheJMeter_core.jar:5.6.3]
	at java.base/java.lang.Thread.run(Thread.java:1583) [?:?]
Caused by: groovy.json.JsonException: Unable to determine the current character, it is not a string, number, array, or object

The current character read is '<' with an int value of 60
Unable to determine the current character, it is not a string, number, array, or object
line number 1
index number 0
<!DOCTYPE html>
^
	at org.apache.groovy.json.internal.JsonParserCharArray.decodeValueInternal(JsonParserCharArray.java:202) ~[groovy-json-3.0.20.jar:3.0.20]
	at org.apache.groovy.json.internal.JsonParserCharArray.decodeValue(JsonParserCharArray.java:153) ~[groovy-json-3.0.20.jar:3.0.20]
	at org.apache.groovy.json.internal.JsonParserCharArray.decodeFromChars(JsonParserCharArray.java:43) ~[groovy-json-3.0.20.jar:3.0.20]
	at org.apache.groovy.json.internal.JsonParserCharArray.parse(JsonParserCharArray.java:380) ~[groovy-json-3.0.20.jar:3.0.20]
	at org.apache.groovy.json.internal.BaseJsonParser.parse(BaseJsonParser.java:113) ~[groovy-json-3.0.20.jar:3.0.20]
	at groovy.json.JsonSlurper.parseText(JsonSlurper.java:204) ~[groovy-json-3.0.20.jar:3.0.20]
	at groovy.json.JsonSlurper$parseText.call(Unknown Source) ~[?:?]
	at Script5.run(Script5.groovy:1) ~[?:?]
	at org.codehaus.groovy.jsr223.GroovyScriptEngineImpl.eval(GroovyScriptEngineImpl.java:317) ~[groovy-jsr223-3.0.20.jar:3.0.20]
	... 10 more
2026-08-31 17:33:55,044 ERROR o.a.j.a.JSR223Assertion: Problem in JSR223 script: Validate coupon amounts
javax.script.ScriptException: groovy.json.JsonException: Unable to determine the current character, it is not a string, number, array, or object

The current character read is '<' with an int value of 60
Unable to determine the current character, it is not a string, number, array, or object
line number 1
index number 0
<!DOCTYPE html>
^
	at org.codehaus.groovy.jsr223.GroovyScriptEngineImpl.eval(GroovyScriptEngineImpl.java:320) ~[groovy-jsr223-3.0.20.jar:3.0.20]
	at org.codehaus.groovy.jsr223.GroovyCompiledScript.eval(GroovyCompiledScript.java:71) ~[groovy-jsr223-3.0.20.jar:3.0.20]
	at java.scripting/javax.script.CompiledScript.eval(CompiledScript.java:93) ~[java.scripting:?]
	at org.apache.jmeter.util.JSR223TestElement.processFileOrScript(JSR223TestElement.java:230) ~[ApacheJMeter_core.jar:5.6.3]
	at org.apache.jmeter.assertions.JSR223Assertion.getResult(JSR223Assertion.java:50) ~[ApacheJMeter_components.jar:5.6.3]
	at org.apache.jmeter.threads.JMeterThread.processAssertion(JMeterThread.java:949) ~[ApacheJMeter_core.jar:5.6.3]
	at org.apache.jmeter.threads.JMeterThread.checkAssertions(JMeterThread.java:918) ~[ApacheJMeter_core.jar:5.6.3]
	at org.apache.jmeter.threads.JMeterThread.executeSamplePackage(JMeterThread.java:586) ~[ApacheJMeter_core.jar:5.6.3]
	at org.apache.jmeter.threads.JMeterThread.processSampler(JMeterThread.java:501) ~[ApacheJMeter_core.jar:5.6.3]
	at org.apache.jmeter.threads.JMeterThread.run(JMeterThread.java:268) ~[ApacheJMeter_core.jar:5.6.3]
	at java.base/java.lang.Thread.run(Thread.java:1583) [?:?]
Caused by: groovy.json.JsonException: Unable to determine the current character, it is not a string, number, array, or object

The current character read is '<' with an int value of 60
Unable to determine the current character, it is not a string, number, array, or object
line number 1
index number 0
<!DOCTYPE html>
^
	at org.apache.groovy.json.internal.JsonParserCharArray.decodeValueInternal(JsonParserCharArray.java:202) ~[groovy-json-3.0.20.jar:3.0.20]
	at org.apache.groovy.json.internal.JsonParserCharArray.decodeValue(JsonParserCharArray.java:153) ~[groovy-json-3.0.20.jar:3.0.20]
	at org.apache.groovy.json.internal.JsonParserCharArray.decodeFromChars(JsonParserCharArray.java:43) ~[groovy-json-3.0.20.jar:3.0.20]
	at org.apache.groovy.json.internal.JsonParserCharArray.parse(JsonParserCharArray.java:380) ~[groovy-json-3.0.20.jar:3.0.20]
	at org.apache.groovy.json.internal.BaseJsonParser.parse(BaseJsonParser.java:113) ~[groovy-json-3.0.20.jar:3.0.20]
	at groovy.json.JsonSlurper.parseText(JsonSlurper.java:204) ~[groovy-json-3.0.20.jar:3.0.20]
	at groovy.json.JsonSlurper$parseText.call(Unknown Source) ~[?:?]
	at Script5.run(Script5.groovy:1) ~[?:?]
	at org.codehaus.groovy.jsr223.GroovyScriptEngineImpl.eval(GroovyScriptEngineImpl.java:317) ~[groovy-jsr223-3.0.20.jar:3.0.20]
	... 10 more
2026-08-31 17:33:55,204 ERROR o.a.j.a.JSR223Assertion: Problem in JSR223 script: Validate coupon amounts
javax.script.ScriptException: groovy.json.JsonException: Unable to determine the current character, it is not a string, number, array, or object

The current character read is '<' with an int value of 60
Unable to determine the current character, it is not a string, number, array, or object
line number 1
index number 0
<!DOCTYPE html>
^
	at org.codehaus.groovy.jsr223.GroovyScriptEngineImpl.eval(GroovyScriptEngineImpl.java:320) ~[groovy-jsr223-3.0.20.jar:3.0.20]
	at org.codehaus.groovy.jsr223.GroovyCompiledScript.eval(GroovyCompiledScript.java:71) ~[groovy-jsr223-3.0.20.jar:3.0.20]
	at java.scripting/javax.script.CompiledScript.eval(CompiledScript.java:93) ~[java.scripting:?]
	at org.apache.jmeter.util.JSR223TestElement.processFileOrScript(JSR223TestElement.java:230) ~[ApacheJMeter_core.jar:5.6.3]
	at org.apache.jmeter.assertions.JSR223Assertion.getResult(JSR223Assertion.java:50) ~[ApacheJMeter_components.jar:5.6.3]
	at org.apache.jmeter.threads.JMeterThread.processAssertion(JMeterThread.java:949) ~[ApacheJMeter_core.jar:5.6.3]
	at org.apache.jmeter.threads.JMeterThread.checkAssertions(JMeterThread.java:918) ~[ApacheJMeter_core.jar:5.6.3]
	at org.apache.jmeter.threads.JMeterThread.executeSamplePackage(JMeterThread.java:586) ~[ApacheJMeter_core.jar:5.6.3]
	at org.apache.jmeter.threads.JMeterThread.processSampler(JMeterThread.java:501) ~[ApacheJMeter_core.jar:5.6.3]
	at org.apache.jmeter.threads.JMeterThread.run(JMeterThread.java:268) ~[ApacheJMeter_core.jar:5.6.3]
	at java.base/java.lang.Thread.run(Thread.java:1583) [?:?]
Caused by: groovy.json.JsonException: Unable to determine the current character, it is not a string, number, array, or object

The current character read is '<' with an int value of 60
Unable to determine the current character, it is not a string, number, array, or object
line number 1
index number 0
<!DOCTYPE html>
^
	at org.apache.groovy.json.internal.JsonParserCharArray.decodeValueInternal(JsonParserCharArray.java:202) ~[groovy-json-3.0.20.jar:3.0.20]
	at org.apache.groovy.json.internal.JsonParserCharArray.decodeValue(JsonParserCharArray.java:153) ~[groovy-json-3.0.20.jar:3.0.20]
	at org.apache.groovy.json.internal.JsonParserCharArray.decodeFromChars(JsonParserCharArray.java:43) ~[groovy-json-3.0.20.jar:3.0.20]
	at org.apache.groovy.json.internal.JsonParserCharArray.parse(JsonParserCharArray.java:380) ~[groovy-json-3.0.20.jar:3.0.20]
	at org.apache.groovy.json.internal.BaseJsonParser.parse(BaseJsonParser.java:113) ~[groovy-json-3.0.20.jar:3.0.20]
	at groovy.json.JsonSlurper.parseText(JsonSlurper.java:204) ~[groovy-json-3.0.20.jar:3.0.20]
	at groovy.json.JsonSlurper$parseText.call(Unknown Source) ~[?:?]
	at Script5.run(Script5.groovy:1) ~[?:?]
	at org.codehaus.groovy.jsr223.GroovyScriptEngineImpl.eval(GroovyScriptEngineImpl.java:317) ~[groovy-jsr223-3.0.20.jar:3.0.20]
	... 10 more
2026-08-31 17:33:55,398 ERROR o.a.j.a.JSR223Assertion: Problem in JSR223 script: Validate coupon amounts
javax.script.ScriptException: groovy.json.JsonException: Unable to determine the current character, it is not a string, number, array, or object

The current character read is '<' with an int value of 60
Unable to determine the current character, it is not a string, number, array, or object
line number 1
index number 0
<!DOCTYPE html>
^
	at org.codehaus.groovy.jsr223.GroovyScriptEngineImpl.eval(GroovyScriptEngineImpl.java:320) ~[groovy-jsr223-3.0.20.jar:3.0.20]
	at org.codehaus.groovy.jsr223.GroovyCompiledScript.eval(GroovyCompiledScript.java:71) ~[groovy-jsr223-3.0.20.jar:3.0.20]
	at java.scripting/javax.script.CompiledScript.eval(CompiledScript.java:93) ~[java.scripting:?]
	at org.apache.jmeter.util.JSR223TestElement.processFileOrScript(JSR223TestElement.java:230) ~[ApacheJMeter_core.jar:5.6.3]
	at org.apache.jmeter.assertions.JSR223Assertion.getResult(JSR223Assertion.java:50) ~[ApacheJMeter_components.jar:5.6.3]
	at org.apache.jmeter.threads.JMeterThread.processAssertion(JMeterThread.java:949) ~[ApacheJMeter_core.jar:5.6.3]
	at org.apache.jmeter.threads.JMeterThread.checkAssertions(JMeterThread.java:918) ~[ApacheJMeter_core.jar:5.6.3]
	at org.apache.jmeter.threads.JMeterThread.executeSamplePackage(JMeterThread.java:586) ~[ApacheJMeter_core.jar:5.6.3]
	at org.apache.jmeter.threads.JMeterThread.processSampler(JMeterThread.java:501) ~[ApacheJMeter_core.jar:5.6.3]
	at org.apache.jmeter.threads.JMeterThread.run(JMeterThread.java:268) ~[ApacheJMeter_core.jar:5.6.3]
	at java.base/java.lang.Thread.run(Thread.java:1583) [?:?]
Caused by: groovy.json.JsonException: Unable to determine the current character, it is not a string, number, array, or object

The current character read is '<' with an int value of 60
Unable to determine the current character, it is not a string, number, array, or object
line number 1
index number 0
<!DOCTYPE html>
^
	at org.apache.groovy.json.internal.JsonParserCharArray.decodeValueInternal(JsonParserCharArray.java:202) ~[groovy-json-3.0.20.jar:3.0.20]
	at org.apache.groovy.json.internal.JsonParserCharArray.decodeValue(JsonParserCharArray.java:153) ~[groovy-json-3.0.20.jar:3.0.20]
	at org.apache.groovy.json.internal.JsonParserCharArray.decodeFromChars(JsonParserCharArray.java:43) ~[groovy-json-3.0.20.jar:3.0.20]
	at org.apache.groovy.json.internal.JsonParserCharArray.parse(JsonParserCharArray.java:380) ~[groovy-json-3.0.20.jar:3.0.20]
	at org.apache.groovy.json.internal.BaseJsonParser.parse(BaseJsonParser.java:113) ~[groovy-json-3.0.20.jar:3.0.20]
	at groovy.json.JsonSlurper.parseText(JsonSlurper.java:204) ~[groovy-json-3.0.20.jar:3.0.20]
	at groovy.json.JsonSlurper$parseText.call(Unknown Source) ~[?:?]
	at Script5.run(Script5.groovy:1) ~[?:?]
	at org.codehaus.groovy.jsr223.GroovyScriptEngineImpl.eval(GroovyScriptEngineImpl.java:317) ~[groovy-jsr223-3.0.20.jar:3.0.20]
	... 10 more
2026-08-31 17:33:55,603 ERROR o.a.j.a.JSR223Assertion: Problem in JSR223 script: Validate coupon amounts
javax.script.ScriptException: groovy.json.JsonException: Unable to determine the current character, it is not a string, number, array, or object

The current character read is '<' with an int value of 60
Unable to determine the current character, it is not a string, number, array, or object
line number 1
index number 0
<!DOCTYPE html>
^
	at org.codehaus.groovy.jsr223.GroovyScriptEngineImpl.eval(GroovyScriptEngineImpl.java:320) ~[groovy-jsr223-3.0.20.jar:3.0.20]
	at org.codehaus.groovy.jsr223.GroovyCompiledScript.eval(GroovyCompiledScript.java:71) ~[groovy-jsr223-3.0.20.jar:3.0.20]
	at java.scripting/javax.script.CompiledScript.eval(CompiledScript.java:93) ~[java.scripting:?]
	at org.apache.jmeter.util.JSR223TestElement.processFileOrScript(JSR223TestElement.java:230) ~[ApacheJMeter_core.jar:5.6.3]
	at org.apache.jmeter.assertions.JSR223Assertion.getResult(JSR223Assertion.java:50) ~[ApacheJMeter_components.jar:5.6.3]
	at org.apache.jmeter.threads.JMeterThread.processAssertion(JMeterThread.java:949) ~[ApacheJMeter_core.jar:5.6.3]
	at org.apache.jmeter.threads.JMeterThread.checkAssertions(JMeterThread.java:918) ~[ApacheJMeter_core.jar:5.6.3]
	at org.apache.jmeter.threads.JMeterThread.executeSamplePackage(JMeterThread.java:586) ~[ApacheJMeter_core.jar:5.6.3]
	at org.apache.jmeter.threads.JMeterThread.processSampler(JMeterThread.java:501) ~[ApacheJMeter_core.jar:5.6.3]
	at org.apache.jmeter.threads.JMeterThread.run(JMeterThread.java:268) ~[ApacheJMeter_core.jar:5.6.3]
	at java.base/java.lang.Thread.run(Thread.java:1583) [?:?]
Caused by: groovy.json.JsonException: Unable to determine the current character, it is not a string, number, array, or object

The current character read is '<' with an int value of 60
Unable to determine the current character, it is not a string, number, array, or object
line number 1
index number 0
<!DOCTYPE html>
^
	at org.apache.groovy.json.internal.JsonParserCharArray.decodeValueInternal(JsonParserCharArray.java:202) ~[groovy-json-3.0.20.jar:3.0.20]
	at org.apache.groovy.json.internal.JsonParserCharArray.decodeValue(JsonParserCharArray.java:153) ~[groovy-json-3.0.20.jar:3.0.20]
	at org.apache.groovy.json.internal.JsonParserCharArray.decodeFromChars(JsonParserCharArray.java:43) ~[groovy-json-3.0.20.jar:3.0.20]
	at org.apache.groovy.json.internal.JsonParserCharArray.parse(JsonParserCharArray.java:380) ~[groovy-json-3.0.20.jar:3.0.20]
	at org.apache.groovy.json.internal.BaseJsonParser.parse(BaseJsonParser.java:113) ~[groovy-json-3.0.20.jar:3.0.20]
	at groovy.json.JsonSlurper.parseText(JsonSlurper.java:204) ~[groovy-json-3.0.20.jar:3.0.20]
	at groovy.json.JsonSlurper$parseText.call(Unknown Source) ~[?:?]
	at Script5.run(Script5.groovy:1) ~[?:?]
	at org.codehaus.groovy.jsr223.GroovyScriptEngineImpl.eval(GroovyScriptEngineImpl.java:317) ~[groovy-jsr223-3.0.20.jar:3.0.20]
	... 10 more
2026-08-31 17:33:56,510 ERROR o.a.j.a.JSR223Assertion: Problem in JSR223 script: Validate coupon amounts
javax.script.ScriptException: groovy.json.JsonException: Unable to determine the current character, it is not a string, number, array, or object

The current character read is '<' with an int value of 60
Unable to determine the current character, it is not a string, number, array, or object
line number 1
index number 0
<!DOCTYPE html>
^
	at org.codehaus.groovy.jsr223.GroovyScriptEngineImpl.eval(GroovyScriptEngineImpl.java:320) ~[groovy-jsr223-3.0.20.jar:3.0.20]
	at org.codehaus.groovy.jsr223.GroovyCompiledScript.eval(GroovyCompiledScript.java:71) ~[groovy-jsr223-3.0.20.jar:3.0.20]
	at java.scripting/javax.script.CompiledScript.eval(CompiledScript.java:93) ~[java.scripting:?]
	at org.apache.jmeter.util.JSR223TestElement.processFileOrScript(JSR223TestElement.java:230) ~[ApacheJMeter_core.jar:5.6.3]
	at org.apache.jmeter.assertions.JSR223Assertion.getResult(JSR223Assertion.java:50) ~[ApacheJMeter_components.jar:5.6.3]
	at org.apache.jmeter.threads.JMeterThread.processAssertion(JMeterThread.java:949) ~[ApacheJMeter_core.jar:5.6.3]
	at org.apache.jmeter.threads.JMeterThread.checkAssertions(JMeterThread.java:918) ~[ApacheJMeter_core.jar:5.6.3]
	at org.apache.jmeter.threads.JMeterThread.executeSamplePackage(JMeterThread.java:586) ~[ApacheJMeter_core.jar:5.6.3]
	at org.apache.jmeter.threads.JMeterThread.processSampler(JMeterThread.java:501) ~[ApacheJMeter_core.jar:5.6.3]
	at org.apache.jmeter.threads.JMeterThread.run(JMeterThread.java:268) ~[ApacheJMeter_core.jar:5.6.3]
	at java.base/java.lang.Thread.run(Thread.java:1583) [?:?]
Caused by: groovy.json.JsonException: Unable to determine the current character, it is not a string, number, array, or object

The current character read is '<' with an int value of 60
Unable to determine the current character, it is not a string, number, array, or object
line number 1
index number 0
<!DOCTYPE html>
^
	at org.apache.groovy.json.internal.JsonParserCharArray.decodeValueInternal(JsonParserCharArray.java:202) ~[groovy-json-3.0.20.jar:3.0.20]
	at org.apache.groovy.json.internal.JsonParserCharArray.decodeValue(JsonParserCharArray.java:153) ~[groovy-json-3.0.20.jar:3.0.20]
	at org.apache.groovy.json.internal.JsonParserCharArray.decodeFromChars(JsonParserCharArray.java:43) ~[groovy-json-3.0.20.jar:3.0.20]
	at org.apache.groovy.json.internal.JsonParserCharArray.parse(JsonParserCharArray.java:380) ~[groovy-json-3.0.20.jar:3.0.20]
	at org.apache.groovy.json.internal.BaseJsonParser.parse(BaseJsonParser.java:113) ~[groovy-json-3.0.20.jar:3.0.20]
	at groovy.json.JsonSlurper.parseText(JsonSlurper.java:204) ~[groovy-json-3.0.20.jar:3.0.20]
	at groovy.json.JsonSlurper$parseText.call(Unknown Source) ~[?:?]
	at Script5.run(Script5.groovy:1) ~[?:?]
	at org.codehaus.groovy.jsr223.GroovyScriptEngineImpl.eval(GroovyScriptEngineImpl.java:317) ~[groovy-jsr223-3.0.20.jar:3.0.20]
	... 10 more
2026-08-31 17:33:57,106 ERROR o.a.j.a.JSR223Assertion: Problem in JSR223 script: Validate coupon amounts
javax.script.ScriptException: groovy.json.JsonException: Unable to determine the current character, it is not a string, number, array, or object

The current character read is '<' with an int value of 60
Unable to determine the current character, it is not a string, number, array, or object
line number 1
index number 0
<!DOCTYPE html>
^
	at org.codehaus.groovy.jsr223.GroovyScriptEngineImpl.eval(GroovyScriptEngineImpl.java:320) ~[groovy-jsr223-3.0.20.jar:3.0.20]
	at org.codehaus.groovy.jsr223.GroovyCompiledScript.eval(GroovyCompiledScript.java:71) ~[groovy-jsr223-3.0.20.jar:3.0.20]
	at java.scripting/javax.script.CompiledScript.eval(CompiledScript.java:93) ~[java.scripting:?]
	at org.apache.jmeter.util.JSR223TestElement.processFileOrScript(JSR223TestElement.java:230) ~[ApacheJMeter_core.jar:5.6.3]
	at org.apache.jmeter.assertions.JSR223Assertion.getResult(JSR223Assertion.java:50) ~[ApacheJMeter_components.jar:5.6.3]
	at org.apache.jmeter.threads.JMeterThread.processAssertion(JMeterThread.java:949) ~[ApacheJMeter_core.jar:5.6.3]
	at org.apache.jmeter.threads.JMeterThread.checkAssertions(JMeterThread.java:918) ~[ApacheJMeter_core.jar:5.6.3]
	at org.apache.jmeter.threads.JMeterThread.executeSamplePackage(JMeterThread.java:586) ~[ApacheJMeter_core.jar:5.6.3]
	at org.apache.jmeter.threads.JMeterThread.processSampler(JMeterThread.java:501) ~[ApacheJMeter_core.jar:5.6.3]
	at org.apache.jmeter.threads.JMeterThread.run(JMeterThread.java:268) ~[ApacheJMeter_core.jar:5.6.3]
	at java.base/java.lang.Thread.run(Thread.java:1583) [?:?]
Caused by: groovy.json.JsonException: Unable to determine the current character, it is not a string, number, array, or object

The current character read is '<' with an int value of 60
Unable to determine the current character, it is not a string, number, array, or object
line number 1
index number 0
<!DOCTYPE html>
^
	at org.apache.groovy.json.internal.JsonParserCharArray.decodeValueInternal(JsonParserCharArray.java:202) ~[groovy-json-3.0.20.jar:3.0.20]
	at org.apache.groovy.json.internal.JsonParserCharArray.decodeValue(JsonParserCharArray.java:153) ~[groovy-json-3.0.20.jar:3.0.20]
	at org.apache.groovy.json.internal.JsonParserCharArray.decodeFromChars(JsonParserCharArray.java:43) ~[groovy-json-3.0.20.jar:3.0.20]
	at org.apache.groovy.json.internal.JsonParserCharArray.parse(JsonParserCharArray.java:380) ~[groovy-json-3.0.20.jar:3.0.20]
	at org.apache.groovy.json.internal.BaseJsonParser.parse(BaseJsonParser.java:113) ~[groovy-json-3.0.20.jar:3.0.20]
	at groovy.json.JsonSlurper.parseText(JsonSlurper.java:204) ~[groovy-json-3.0.20.jar:3.0.20]
	at groovy.json.JsonSlurper$parseText.call(Unknown Source) ~[?:?]
	at Script5.run(Script5.groovy:1) ~[?:?]
	at org.codehaus.groovy.jsr223.GroovyScriptEngineImpl.eval(GroovyScriptEngineImpl.java:317) ~[groovy-jsr223-3.0.20.jar:3.0.20]
	... 10 more
2026-08-31 17:33:57,189 ERROR o.a.j.a.JSR223Assertion: Problem in JSR223 script: Validate coupon amounts
javax.script.ScriptException: groovy.json.JsonException: Unable to determine the current character, it is not a string, number, array, or object

The current character read is '<' with an int value of 60
Unable to determine the current character, it is not a string, number, array, or object
line number 1
index number 0
<!DOCTYPE html>
^
	at org.codehaus.groovy.jsr223.GroovyScriptEngineImpl.eval(GroovyScriptEngineImpl.java:320) ~[groovy-jsr223-3.0.20.jar:3.0.20]
	at org.codehaus.groovy.jsr223.GroovyCompiledScript.eval(GroovyCompiledScript.java:71) ~[groovy-jsr223-3.0.20.jar:3.0.20]
	at java.scripting/javax.script.CompiledScript.eval(CompiledScript.java:93) ~[java.scripting:?]
	at org.apache.jmeter.util.JSR223TestElement.processFileOrScript(JSR223TestElement.java:230) ~[ApacheJMeter_core.jar:5.6.3]
	at org.apache.jmeter.assertions.JSR223Assertion.getResult(JSR223Assertion.java:50) ~[ApacheJMeter_components.jar:5.6.3]
	at org.apache.jmeter.threads.JMeterThread.processAssertion(JMeterThread.java:949) ~[ApacheJMeter_core.jar:5.6.3]
	at org.apache.jmeter.threads.JMeterThread.checkAssertions(JMeterThread.java:918) ~[ApacheJMeter_core.jar:5.6.3]
	at org.apache.jmeter.threads.JMeterThread.executeSamplePackage(JMeterThread.java:586) ~[ApacheJMeter_core.jar:5.6.3]
	at org.apache.jmeter.threads.JMeterThread.processSampler(JMeterThread.java:501) ~[ApacheJMeter_core.jar:5.6.3]
	at org.apache.jmeter.threads.JMeterThread.run(JMeterThread.java:268) ~[ApacheJMeter_core.jar:5.6.3]
	at java.base/java.lang.Thread.run(Thread.java:1583) [?:?]
Caused by: groovy.json.JsonException: Unable to determine the current character, it is not a string, number, array, or object

The current character read is '<' with an int value of 60
Unable to determine the current character, it is not a string, number, array, or object
line number 1
index number 0
<!DOCTYPE html>
^
	at org.apache.groovy.json.internal.JsonParserCharArray.decodeValueInternal(JsonParserCharArray.java:202) ~[groovy-json-3.0.20.jar:3.0.20]
	at org.apache.groovy.json.internal.JsonParserCharArray.decodeValue(JsonParserCharArray.java:153) ~[groovy-json-3.0.20.jar:3.0.20]
	at org.apache.groovy.json.internal.JsonParserCharArray.decodeFromChars(JsonParserCharArray.java:43) ~[groovy-json-3.0.20.jar:3.0.20]
	at org.apache.groovy.json.internal.JsonParserCharArray.parse(JsonParserCharArray.java:380) ~[groovy-json-3.0.20.jar:3.0.20]
	at org.apache.groovy.json.internal.BaseJsonParser.parse(BaseJsonParser.java:113) ~[groovy-json-3.0.20.jar:3.0.20]
	at groovy.json.JsonSlurper.parseText(JsonSlurper.java:204) ~[groovy-json-3.0.20.jar:3.0.20]
	at groovy.json.JsonSlurper$parseText.call(Unknown Source) ~[?:?]
	at Script5.run(Script5.groovy:1) ~[?:?]
	at org.codehaus.groovy.jsr223.GroovyScriptEngineImpl.eval(GroovyScriptEngineImpl.java:317) ~[groovy-jsr223-3.0.20.jar:3.0.20]
	... 10 more
2026-08-31 17:33:57,268 ERROR o.a.j.a.JSR223Assertion: Problem in JSR223 script: Validate coupon amounts
javax.script.ScriptException: groovy.json.JsonException: Unable to determine the current character, it is not a string, number, array, or object

The current character read is '<' with an int value of 60
Unable to determine the current character, it is not a string, number, array, or object
line number 1
index number 0
<!DOCTYPE html>
^
	at org.codehaus.groovy.jsr223.GroovyScriptEngineImpl.eval(GroovyScriptEngineImpl.java:320) ~[groovy-jsr223-3.0.20.jar:3.0.20]
	at org.codehaus.groovy.jsr223.GroovyCompiledScript.eval(GroovyCompiledScript.java:71) ~[groovy-jsr223-3.0.20.jar:3.0.20]
	at java.scripting/javax.script.CompiledScript.eval(CompiledScript.java:93) ~[java.scripting:?]
	at org.apache.jmeter.util.JSR223TestElement.processFileOrScript(JSR223TestElement.java:230) ~[ApacheJMeter_core.jar:5.6.3]
	at org.apache.jmeter.assertions.JSR223Assertion.getResult(JSR223Assertion.java:50) ~[ApacheJMeter_components.jar:5.6.3]
	at org.apache.jmeter.threads.JMeterThread.processAssertion(JMeterThread.java:949) ~[ApacheJMeter_core.jar:5.6.3]
	at org.apache.jmeter.threads.JMeterThread.checkAssertions(JMeterThread.java:918) ~[ApacheJMeter_core.jar:5.6.3]
	at org.apache.jmeter.threads.JMeterThread.executeSamplePackage(JMeterThread.java:586) ~[ApacheJMeter_core.jar:5.6.3]
	at org.apache.jmeter.threads.JMeterThread.processSampler(JMeterThread.java:501) ~[ApacheJMeter_core.jar:5.6.3]
	at org.apache.jmeter.threads.JMeterThread.run(JMeterThread.java:268) ~[ApacheJMeter_core.jar:5.6.3]
	at java.base/java.lang.Thread.run(Thread.java:1583) [?:?]
Caused by: groovy.json.JsonException: Unable to determine the current character, it is not a string, number, array, or object

The current character read is '<' with an int value of 60
Unable to determine the current character, it is not a string, number, array, or object
line number 1
index number 0
<!DOCTYPE html>
^
	at org.apache.groovy.json.internal.JsonParserCharArray.decodeValueInternal(JsonParserCharArray.java:202) ~[groovy-json-3.0.20.jar:3.0.20]
	at org.apache.groovy.json.internal.JsonParserCharArray.decodeValue(JsonParserCharArray.java:153) ~[groovy-json-3.0.20.jar:3.0.20]
	at org.apache.groovy.json.internal.JsonParserCharArray.decodeFromChars(JsonParserCharArray.java:43) ~[groovy-json-3.0.20.jar:3.0.20]
	at org.apache.groovy.json.internal.JsonParserCharArray.parse(JsonParserCharArray.java:380) ~[groovy-json-3.0.20.jar:3.0.20]
	at org.apache.groovy.json.internal.BaseJsonParser.parse(BaseJsonParser.java:113) ~[groovy-json-3.0.20.jar:3.0.20]
	at groovy.json.JsonSlurper.parseText(JsonSlurper.java:204) ~[groovy-json-3.0.20.jar:3.0.20]
	at groovy.json.JsonSlurper$parseText.call(Unknown Source) ~[?:?]
	at Script5.run(Script5.groovy:1) ~[?:?]
	at org.codehaus.groovy.jsr223.GroovyScriptEngineImpl.eval(GroovyScriptEngineImpl.java:317) ~[groovy-jsr223-3.0.20.jar:3.0.20]
	... 10 more
2026-08-31 17:33:57,311 ERROR o.a.j.a.JSR223Assertion: Problem in JSR223 script: Validate coupon amounts
javax.script.ScriptException: groovy.json.JsonException: Unable to determine the current character, it is not a string, number, array, or object

The current character read is '<' with an int value of 60
Unable to determine the current character, it is not a string, number, array, or object
line number 1
index number 0
<!DOCTYPE html>
^
	at org.codehaus.groovy.jsr223.GroovyScriptEngineImpl.eval(GroovyScriptEngineImpl.java:320) ~[groovy-jsr223-3.0.20.jar:3.0.20]
	at org.codehaus.groovy.jsr223.GroovyCompiledScript.eval(GroovyCompiledScript.java:71) ~[groovy-jsr223-3.0.20.jar:3.0.20]
	at java.scripting/javax.script.CompiledScript.eval(CompiledScript.java:93) ~[java.scripting:?]
	at org.apache.jmeter.util.JSR223TestElement.processFileOrScript(JSR223TestElement.java:230) ~[ApacheJMeter_core.jar:5.6.3]
	at org.apache.jmeter.assertions.JSR223Assertion.getResult(JSR223Assertion.java:50) ~[ApacheJMeter_components.jar:5.6.3]
	at org.apache.jmeter.threads.JMeterThread.processAssertion(JMeterThread.java:949) ~[ApacheJMeter_core.jar:5.6.3]
	at org.apache.jmeter.threads.JMeterThread.checkAssertions(JMeterThread.java:918) ~[ApacheJMeter_core.jar:5.6.3]
	at org.apache.jmeter.threads.JMeterThread.executeSamplePackage(JMeterThread.java:586) ~[ApacheJMeter_core.jar:5.6.3]
	at org.apache.jmeter.threads.JMeterThread.processSampler(JMeterThread.java:501) ~[ApacheJMeter_core.jar:5.6.3]
	at org.apache.jmeter.threads.JMeterThread.run(JMeterThread.java:268) ~[ApacheJMeter_core.jar:5.6.3]
	at java.base/java.lang.Thread.run(Thread.java:1583) [?:?]
Caused by: groovy.json.JsonException: Unable to determine the current character, it is not a string, number, array, or object

The current character read is '<' with an int value of 60
Unable to determine the current character, it is not a string, number, array, or object
line number 1
index number 0
<!DOCTYPE html>
^
	at org.apache.groovy.json.internal.JsonParserCharArray.decodeValueInternal(JsonParserCharArray.java:202) ~[groovy-json-3.0.20.jar:3.0.20]
	at org.apache.groovy.json.internal.JsonParserCharArray.decodeValue(JsonParserCharArray.java:153) ~[groovy-json-3.0.20.jar:3.0.20]
	at org.apache.groovy.json.internal.JsonParserCharArray.decodeFromChars(JsonParserCharArray.java:43) ~[groovy-json-3.0.20.jar:3.0.20]
	at org.apache.groovy.json.internal.JsonParserCharArray.parse(JsonParserCharArray.java:380) ~[groovy-json-3.0.20.jar:3.0.20]
	at org.apache.groovy.json.internal.BaseJsonParser.parse(BaseJsonParser.java:113) ~[groovy-json-3.0.20.jar:3.0.20]
	at groovy.json.JsonSlurper.parseText(JsonSlurper.java:204) ~[groovy-json-3.0.20.jar:3.0.20]
	at groovy.json.JsonSlurper$parseText.call(Unknown Source) ~[?:?]
	at Script5.run(Script5.groovy:1) ~[?:?]
	at org.codehaus.groovy.jsr223.GroovyScriptEngineImpl.eval(GroovyScriptEngineImpl.java:317) ~[groovy-jsr223-3.0.20.jar:3.0.20]
	... 10 more
2026-08-31 17:33:57,589 ERROR o.a.j.a.JSR223Assertion: Problem in JSR223 script: Validate coupon amounts
javax.script.ScriptException: groovy.json.JsonException: Unable to determine the current character, it is not a string, number, array, or object

The current character read is '<' with an int value of 60
Unable to determine the current character, it is not a string, number, array, or object
line number 1
index number 0
<!DOCTYPE html>
^
	at org.codehaus.groovy.jsr223.GroovyScriptEngineImpl.eval(GroovyScriptEngineImpl.java:320) ~[groovy-jsr223-3.0.20.jar:3.0.20]
	at org.codehaus.groovy.jsr223.GroovyCompiledScript.eval(GroovyCompiledScript.java:71) ~[groovy-jsr223-3.0.20.jar:3.0.20]
	at java.scripting/javax.script.CompiledScript.eval(CompiledScript.java:93) ~[java.scripting:?]
	at org.apache.jmeter.util.JSR223TestElement.processFileOrScript(JSR223TestElement.java:230) ~[ApacheJMeter_core.jar:5.6.3]
	at org.apache.jmeter.assertions.JSR223Assertion.getResult(JSR223Assertion.java:50) ~[ApacheJMeter_components.jar:5.6.3]
	at org.apache.jmeter.threads.JMeterThread.processAssertion(JMeterThread.java:949) ~[ApacheJMeter_core.jar:5.6.3]
	at org.apache.jmeter.threads.JMeterThread.checkAssertions(JMeterThread.java:918) ~[ApacheJMeter_core.jar:5.6.3]
	at org.apache.jmeter.threads.JMeterThread.executeSamplePackage(JMeterThread.java:586) ~[ApacheJMeter_core.jar:5.6.3]
	at org.apache.jmeter.threads.JMeterThread.processSampler(JMeterThread.java:501) ~[ApacheJMeter_core.jar:5.6.3]
	at org.apache.jmeter.threads.JMeterThread.run(JMeterThread.java:268) ~[ApacheJMeter_core.jar:5.6.3]
	at java.base/java.lang.Thread.run(Thread.java:1583) [?:?]
Caused by: groovy.json.JsonException: Unable to determine the current character, it is not a string, number, array, or object

The current character read is '<' with an int value of 60
Unable to determine the current character, it is not a string, number, array, or object
line number 1
index number 0
<!DOCTYPE html>
^
	at org.apache.groovy.json.internal.JsonParserCharArray.decodeValueInternal(JsonParserCharArray.java:202) ~[groovy-json-3.0.20.jar:3.0.20]
	at org.apache.groovy.json.internal.JsonParserCharArray.decodeValue(JsonParserCharArray.java:153) ~[groovy-json-3.0.20.jar:3.0.20]
	at org.apache.groovy.json.internal.JsonParserCharArray.decodeFromChars(JsonParserCharArray.java:43) ~[groovy-json-3.0.20.jar:3.0.20]
	at org.apache.groovy.json.internal.JsonParserCharArray.parse(JsonParserCharArray.java:380) ~[groovy-json-3.0.20.jar:3.0.20]
	at org.apache.groovy.json.internal.BaseJsonParser.parse(BaseJsonParser.java:113) ~[groovy-json-3.0.20.jar:3.0.20]
	at groovy.json.JsonSlurper.parseText(JsonSlurper.java:204) ~[groovy-json-3.0.20.jar:3.0.20]
	at groovy.json.JsonSlurper$parseText.call(Unknown Source) ~[?:?]
	at Script5.run(Script5.groovy:1) ~[?:?]
	at org.codehaus.groovy.jsr223.GroovyScriptEngineImpl.eval(GroovyScriptEngineImpl.java:317) ~[groovy-jsr223-3.0.20.jar:3.0.20]
	... 10 more
2026-08-31 17:33:58,812 ERROR o.a.j.a.JSR223Assertion: Problem in JSR223 script: Validate coupon amounts
javax.script.ScriptException: groovy.json.JsonException: Unable to determine the current character, it is not a string, number, array, or object

The current character read is '<' with an int value of 60
Unable to determine the current character, it is not a string, number, array, or object
line number 1
index number 0
<!DOCTYPE html>
^
	at org.codehaus.groovy.jsr223.GroovyScriptEngineImpl.eval(GroovyScriptEngineImpl.java:320) ~[groovy-jsr223-3.0.20.jar:3.0.20]
	at org.codehaus.groovy.jsr223.GroovyCompiledScript.eval(GroovyCompiledScript.java:71) ~[groovy-jsr223-3.0.20.jar:3.0.20]
	at java.scripting/javax.script.CompiledScript.eval(CompiledScript.java:93) ~[java.scripting:?]
	at org.apache.jmeter.util.JSR223TestElement.processFileOrScript(JSR223TestElement.java:230) ~[ApacheJMeter_core.jar:5.6.3]
	at org.apache.jmeter.assertions.JSR223Assertion.getResult(JSR223Assertion.java:50) ~[ApacheJMeter_components.jar:5.6.3]
	at org.apache.jmeter.threads.JMeterThread.processAssertion(JMeterThread.java:949) ~[ApacheJMeter_core.jar:5.6.3]
	at org.apache.jmeter.threads.JMeterThread.checkAssertions(JMeterThread.java:918) ~[ApacheJMeter_core.jar:5.6.3]
	at org.apache.jmeter.threads.JMeterThread.executeSamplePackage(JMeterThread.java:586) ~[ApacheJMeter_core.jar:5.6.3]
	at org.apache.jmeter.threads.JMeterThread.processSampler(JMeterThread.java:501) ~[ApacheJMeter_core.jar:5.6.3]
	at org.apache.jmeter.threads.JMeterThread.run(JMeterThread.java:268) ~[ApacheJMeter_core.jar:5.6.3]
	at java.base/java.lang.Thread.run(Thread.java:1583) [?:?]
Caused by: groovy.json.JsonException: Unable to determine the current character, it is not a string, number, array, or object

The current character read is '<' with an int value of 60
Unable to determine the current character, it is not a string, number, array, or object
line number 1
index number 0
<!DOCTYPE html>
^
	at org.apache.groovy.json.internal.JsonParserCharArray.decodeValueInternal(JsonParserCharArray.java:202) ~[groovy-json-3.0.20.jar:3.0.20]
	at org.apache.groovy.json.internal.JsonParserCharArray.decodeValue(JsonParserCharArray.java:153) ~[groovy-json-3.0.20.jar:3.0.20]
	at org.apache.groovy.json.internal.JsonParserCharArray.decodeFromChars(JsonParserCharArray.java:43) ~[groovy-json-3.0.20.jar:3.0.20]
	at org.apache.groovy.json.internal.JsonParserCharArray.parse(JsonParserCharArray.java:380) ~[groovy-json-3.0.20.jar:3.0.20]
	at org.apache.groovy.json.internal.BaseJsonParser.parse(BaseJsonParser.java:113) ~[groovy-json-3.0.20.jar:3.0.20]
	at groovy.json.JsonSlurper.parseText(JsonSlurper.java:204) ~[groovy-json-3.0.20.jar:3.0.20]
	at groovy.json.JsonSlurper$parseText.call(Unknown Source) ~[?:?]
	at Script5.run(Script5.groovy:1) ~[?:?]
	at org.codehaus.groovy.jsr223.GroovyScriptEngineImpl.eval(GroovyScriptEngineImpl.java:317) ~[groovy-jsr223-3.0.20.jar:3.0.20]
	... 10 more
2026-08-31 17:33:59,196 ERROR o.a.j.a.JSR223Assertion: Problem in JSR223 script: Validate coupon amounts
javax.script.ScriptException: groovy.json.JsonException: Unable to determine the current character, it is not a string, number, array, or object

The current character read is '<' with an int value of 60
Unable to determine the current character, it is not a string, number, array, or object
line number 1
index number 0
<!DOCTYPE html>
^
	at org.codehaus.groovy.jsr223.GroovyScriptEngineImpl.eval(GroovyScriptEngineImpl.java:320) ~[groovy-jsr223-3.0.20.jar:3.0.20]
	at org.codehaus.groovy.jsr223.GroovyCompiledScript.eval(GroovyCompiledScript.java:71) ~[groovy-jsr223-3.0.20.jar:3.0.20]
	at java.scripting/javax.script.CompiledScript.eval(CompiledScript.java:93) ~[java.scripting:?]
	at org.apache.jmeter.util.JSR223TestElement.processFileOrScript(JSR223TestElement.java:230) ~[ApacheJMeter_core.jar:5.6.3]
	at org.apache.jmeter.assertions.JSR223Assertion.getResult(JSR223Assertion.java:50) ~[ApacheJMeter_components.jar:5.6.3]
	at org.apache.jmeter.threads.JMeterThread.processAssertion(JMeterThread.java:949) ~[ApacheJMeter_core.jar:5.6.3]
	at org.apache.jmeter.threads.JMeterThread.checkAssertions(JMeterThread.java:918) ~[ApacheJMeter_core.jar:5.6.3]
	at org.apache.jmeter.threads.JMeterThread.executeSamplePackage(JMeterThread.java:586) ~[ApacheJMeter_core.jar:5.6.3]
	at org.apache.jmeter.threads.JMeterThread.processSampler(JMeterThread.java:501) ~[ApacheJMeter_core.jar:5.6.3]
	at org.apache.jmeter.threads.JMeterThread.run(JMeterThread.java:268) ~[ApacheJMeter_core.jar:5.6.3]
	at java.base/java.lang.Thread.run(Thread.java:1583) [?:?]
Caused by: groovy.json.JsonException: Unable to determine the current character, it is not a string, number, array, or object

The current character read is '<' with an int value of 60
Unable to determine the current character, it is not a string, number, array, or object
line number 1
index number 0
<!DOCTYPE html>
^
	at org.apache.groovy.json.internal.JsonParserCharArray.decodeValueInternal(JsonParserCharArray.java:202) ~[groovy-json-3.0.20.jar:3.0.20]
	at org.apache.groovy.json.internal.JsonParserCharArray.decodeValue(JsonParserCharArray.java:153) ~[groovy-json-3.0.20.jar:3.0.20]
	at org.apache.groovy.json.internal.JsonParserCharArray.decodeFromChars(JsonParserCharArray.java:43) ~[groovy-json-3.0.20.jar:3.0.20]
	at org.apache.groovy.json.internal.JsonParserCharArray.parse(JsonParserCharArray.java:380) ~[groovy-json-3.0.20.jar:3.0.20]
	at org.apache.groovy.json.internal.BaseJsonParser.parse(BaseJsonParser.java:113) ~[groovy-json-3.0.20.jar:3.0.20]
	at groovy.json.JsonSlurper.parseText(JsonSlurper.java:204) ~[groovy-json-3.0.20.jar:3.0.20]
	at groovy.json.JsonSlurper$parseText.call(Unknown Source) ~[?:?]
	at Script5.run(Script5.groovy:1) ~[?:?]
	at org.codehaus.groovy.jsr223.GroovyScriptEngineImpl.eval(GroovyScriptEngineImpl.java:317) ~[groovy-jsr223-3.0.20.jar:3.0.20]
	... 10 more
2026-08-31 17:33:59,216 ERROR o.a.j.a.JSR223Assertion: Problem in JSR223 script: Validate coupon amounts
javax.script.ScriptException: groovy.json.JsonException: Unable to determine the current character, it is not a string, number, array, or object

The current character read is '<' with an int value of 60
Unable to determine the current character, it is not a string, number, array, or object
line number 1
index number 0
<!DOCTYPE html>
^
	at org.codehaus.groovy.jsr223.GroovyScriptEngineImpl.eval(GroovyScriptEngineImpl.java:320) ~[groovy-jsr223-3.0.20.jar:3.0.20]
	at org.codehaus.groovy.jsr223.GroovyCompiledScript.eval(GroovyCompiledScript.java:71) ~[groovy-jsr223-3.0.20.jar:3.0.20]
	at java.scripting/javax.script.CompiledScript.eval(CompiledScript.java:93) ~[java.scripting:?]
	at org.apache.jmeter.util.JSR223TestElement.processFileOrScript(JSR223TestElement.java:230) ~[ApacheJMeter_core.jar:5.6.3]
	at org.apache.jmeter.assertions.JSR223Assertion.getResult(JSR223Assertion.java:50) ~[ApacheJMeter_components.jar:5.6.3]
	at org.apache.jmeter.threads.JMeterThread.processAssertion(JMeterThread.java:949) ~[ApacheJMeter_core.jar:5.6.3]
	at org.apache.jmeter.threads.JMeterThread.checkAssertions(JMeterThread.java:918) ~[ApacheJMeter_core.jar:5.6.3]
	at org.apache.jmeter.threads.JMeterThread.executeSamplePackage(JMeterThread.java:586) ~[ApacheJMeter_core.jar:5.6.3]
	at org.apache.jmeter.threads.JMeterThread.processSampler(JMeterThread.java:501) ~[ApacheJMeter_core.jar:5.6.3]
	at org.apache.jmeter.threads.JMeterThread.run(JMeterThread.java:268) ~[ApacheJMeter_core.jar:5.6.3]
	at java.base/java.lang.Thread.run(Thread.java:1583) [?:?]
Caused by: groovy.json.JsonException: Unable to determine the current character, it is not a string, number, array, or object

The current character read is '<' with an int value of 60
Unable to determine the current character, it is not a string, number, array, or object
line number 1
index number 0
<!DOCTYPE html>
^
	at org.apache.groovy.json.internal.JsonParserCharArray.decodeValueInternal(JsonParserCharArray.java:202) ~[groovy-json-3.0.20.jar:3.0.20]
	at org.apache.groovy.json.internal.JsonParserCharArray.decodeValue(JsonParserCharArray.java:153) ~[groovy-json-3.0.20.jar:3.0.20]
	at org.apache.groovy.json.internal.JsonParserCharArray.decodeFromChars(JsonParserCharArray.java:43) ~[groovy-json-3.0.20.jar:3.0.20]
	at org.apache.groovy.json.internal.JsonParserCharArray.parse(JsonParserCharArray.java:380) ~[groovy-json-3.0.20.jar:3.0.20]
	at org.apache.groovy.json.internal.BaseJsonParser.parse(BaseJsonParser.java:113) ~[groovy-json-3.0.20.jar:3.0.20]
	at groovy.json.JsonSlurper.parseText(JsonSlurper.java:204) ~[groovy-json-3.0.20.jar:3.0.20]
	at groovy.json.JsonSlurper$parseText.call(Unknown Source) ~[?:?]
	at Script5.run(Script5.groovy:1) ~[?:?]
	at org.codehaus.groovy.jsr223.GroovyScriptEngineImpl.eval(GroovyScriptEngineImpl.java:317) ~[groovy-jsr223-3.0.20.jar:3.0.20]
	... 10 more
2026-08-31 17:33:59,336 ERROR o.a.j.a.JSR223Assertion: Problem in JSR223 script: Validate coupon amounts
javax.script.ScriptException: groovy.json.JsonException: Unable to determine the current character, it is not a string, number, array, or object

The current character read is '<' with an int value of 60
Unable to determine the current character, it is not a string, number, array, or object
line number 1
index number 0
<!DOCTYPE html>
^
	at org.codehaus.groovy.jsr223.GroovyScriptEngineImpl.eval(GroovyScriptEngineImpl.java:320) ~[groovy-jsr223-3.0.20.jar:3.0.20]
	at org.codehaus.groovy.jsr223.GroovyCompiledScript.eval(GroovyCompiledScript.java:71) ~[groovy-jsr223-3.0.20.jar:3.0.20]
	at java.scripting/javax.script.CompiledScript.eval(CompiledScript.java:93) ~[java.scripting:?]
	at org.apache.jmeter.util.JSR223TestElement.processFileOrScript(JSR223TestElement.java:230) ~[ApacheJMeter_core.jar:5.6.3]
	at org.apache.jmeter.assertions.JSR223Assertion.getResult(JSR223Assertion.java:50) ~[ApacheJMeter_components.jar:5.6.3]
	at org.apache.jmeter.threads.JMeterThread.processAssertion(JMeterThread.java:949) ~[ApacheJMeter_core.jar:5.6.3]
	at org.apache.jmeter.threads.JMeterThread.checkAssertions(JMeterThread.java:918) ~[ApacheJMeter_core.jar:5.6.3]
	at org.apache.jmeter.threads.JMeterThread.executeSamplePackage(JMeterThread.java:586) ~[ApacheJMeter_core.jar:5.6.3]
	at org.apache.jmeter.threads.JMeterThread.processSampler(JMeterThread.java:501) ~[ApacheJMeter_core.jar:5.6.3]
	at org.apache.jmeter.threads.JMeterThread.run(JMeterThread.java:268) ~[ApacheJMeter_core.jar:5.6.3]
	at java.base/java.lang.Thread.run(Thread.java:1583) [?:?]
Caused by: groovy.json.JsonException: Unable to determine the current character, it is not a string, number, array, or object

The current character read is '<' with an int value of 60
Unable to determine the current character, it is not a string, number, array, or object
line number 1
index number 0
<!DOCTYPE html>
^
	at org.apache.groovy.json.internal.JsonParserCharArray.decodeValueInternal(JsonParserCharArray.java:202) ~[groovy-json-3.0.20.jar:3.0.20]
	at org.apache.groovy.json.internal.JsonParserCharArray.decodeValue(JsonParserCharArray.java:153) ~[groovy-json-3.0.20.jar:3.0.20]
	at org.apache.groovy.json.internal.JsonParserCharArray.decodeFromChars(JsonParserCharArray.java:43) ~[groovy-json-3.0.20.jar:3.0.20]
	at org.apache.groovy.json.internal.JsonParserCharArray.parse(JsonParserCharArray.java:380) ~[groovy-json-3.0.20.jar:3.0.20]
	at org.apache.groovy.json.internal.BaseJsonParser.parse(BaseJsonParser.java:113) ~[groovy-json-3.0.20.jar:3.0.20]
	at groovy.json.JsonSlurper.parseText(JsonSlurper.java:204) ~[groovy-json-3.0.20.jar:3.0.20]
	at groovy.json.JsonSlurper$parseText.call(Unknown Source) ~[?:?]
	at Script5.run(Script5.groovy:1) ~[?:?]
	at org.codehaus.groovy.jsr223.GroovyScriptEngineImpl.eval(GroovyScriptEngineImpl.java:317) ~[groovy-jsr223-3.0.20.jar:3.0.20]
	... 10 more
2026-08-31 17:33:59,522 ERROR o.a.j.a.JSR223Assertion: Problem in JSR223 script: Validate coupon amounts
javax.script.ScriptException: groovy.json.JsonException: Unable to determine the current character, it is not a string, number, array, or object

The current character read is '<' with an int value of 60
Unable to determine the current character, it is not a string, number, array, or object
line number 1
index number 0
<!DOCTYPE html>
^
	at org.codehaus.groovy.jsr223.GroovyScriptEngineImpl.eval(GroovyScriptEngineImpl.java:320) ~[groovy-jsr223-3.0.20.jar:3.0.20]
	at org.codehaus.groovy.jsr223.GroovyCompiledScript.eval(GroovyCompiledScript.java:71) ~[groovy-jsr223-3.0.20.jar:3.0.20]
	at java.scripting/javax.script.CompiledScript.eval(CompiledScript.java:93) ~[java.scripting:?]
	at org.apache.jmeter.util.JSR223TestElement.processFileOrScript(JSR223TestElement.java:230) ~[ApacheJMeter_core.jar:5.6.3]
	at org.apache.jmeter.assertions.JSR223Assertion.getResult(JSR223Assertion.java:50) ~[ApacheJMeter_components.jar:5.6.3]
	at org.apache.jmeter.threads.JMeterThread.processAssertion(JMeterThread.java:949) ~[ApacheJMeter_core.jar:5.6.3]
	at org.apache.jmeter.threads.JMeterThread.checkAssertions(JMeterThread.java:918) ~[ApacheJMeter_core.jar:5.6.3]
	at org.apache.jmeter.threads.JMeterThread.executeSamplePackage(JMeterThread.java:586) ~[ApacheJMeter_core.jar:5.6.3]
	at org.apache.jmeter.threads.JMeterThread.processSampler(JMeterThread.java:501) ~[ApacheJMeter_core.jar:5.6.3]
	at org.apache.jmeter.threads.JMeterThread.run(JMeterThread.java:268) ~[ApacheJMeter_core.jar:5.6.3]
	at java.base/java.lang.Thread.run(Thread.java:1583) [?:?]
Caused by: groovy.json.JsonException: Unable to determine the current character, it is not a string, number, array, or object

The current character read is '<' with an int value of 60
Unable to determine the current character, it is not a string, number, array, or object
line number 1
index number 0
<!DOCTYPE html>
^
	at org.apache.groovy.json.internal.JsonParserCharArray.decodeValueInternal(JsonParserCharArray.java:202) ~[groovy-json-3.0.20.jar:3.0.20]
	at org.apache.groovy.json.internal.JsonParserCharArray.decodeValue(JsonParserCharArray.java:153) ~[groovy-json-3.0.20.jar:3.0.20]
	at org.apache.groovy.json.internal.JsonParserCharArray.decodeFromChars(JsonParserCharArray.java:43) ~[groovy-json-3.0.20.jar:3.0.20]
	at org.apache.groovy.json.internal.JsonParserCharArray.parse(JsonParserCharArray.java:380) ~[groovy-json-3.0.20.jar:3.0.20]
	at org.apache.groovy.json.internal.BaseJsonParser.parse(BaseJsonParser.java:113) ~[groovy-json-3.0.20.jar:3.0.20]
	at groovy.json.JsonSlurper.parseText(JsonSlurper.java:204) ~[groovy-json-3.0.20.jar:3.0.20]
	at groovy.json.JsonSlurper$parseText.call(Unknown Source) ~[?:?]
	at Script5.run(Script5.groovy:1) ~[?:?]
	at org.codehaus.groovy.jsr223.GroovyScriptEngineImpl.eval(GroovyScriptEngineImpl.java:317) ~[groovy-jsr223-3.0.20.jar:3.0.20]
	... 10 more
2026-08-31 17:33:59,605 ERROR o.a.j.a.JSR223Assertion: Problem in JSR223 script: Validate coupon amounts
javax.script.ScriptException: groovy.json.JsonException: Unable to determine the current character, it is not a string, number, array, or object

The current character read is '<' with an int value of 60
Unable to determine the current character, it is not a string, number, array, or object
line number 1
index number 0
<!DOCTYPE html>
^
	at org.codehaus.groovy.jsr223.GroovyScriptEngineImpl.eval(GroovyScriptEngineImpl.java:320) ~[groovy-jsr223-3.0.20.jar:3.0.20]
	at org.codehaus.groovy.jsr223.GroovyCompiledScript.eval(GroovyCompiledScript.java:71) ~[groovy-jsr223-3.0.20.jar:3.0.20]
	at java.scripting/javax.script.CompiledScript.eval(CompiledScript.java:93) ~[java.scripting:?]
	at org.apache.jmeter.util.JSR223TestElement.processFileOrScript(JSR223TestElement.java:230) ~[ApacheJMeter_core.jar:5.6.3]
	at org.apache.jmeter.assertions.JSR223Assertion.getResult(JSR223Assertion.java:50) ~[ApacheJMeter_components.jar:5.6.3]
	at org.apache.jmeter.threads.JMeterThread.processAssertion(JMeterThread.java:949) ~[ApacheJMeter_core.jar:5.6.3]
	at org.apache.jmeter.threads.JMeterThread.checkAssertions(JMeterThread.java:918) ~[ApacheJMeter_core.jar:5.6.3]
	at org.apache.jmeter.threads.JMeterThread.executeSamplePackage(JMeterThread.java:586) ~[ApacheJMeter_core.jar:5.6.3]
	at org.apache.jmeter.threads.JMeterThread.processSampler(JMeterThread.java:501) ~[ApacheJMeter_core.jar:5.6.3]
	at org.apache.jmeter.threads.JMeterThread.run(JMeterThread.java:268) ~[ApacheJMeter_core.jar:5.6.3]
	at java.base/java.lang.Thread.run(Thread.java:1583) [?:?]
Caused by: groovy.json.JsonException: Unable to determine the current character, it is not a string, number, array, or object

The current character read is '<' with an int value of 60
Unable to determine the current character, it is not a string, number, array, or object
line number 1
index number 0
<!DOCTYPE html>
^
	at org.apache.groovy.json.internal.JsonParserCharArray.decodeValueInternal(JsonParserCharArray.java:202) ~[groovy-json-3.0.20.jar:3.0.20]
	at org.apache.groovy.json.internal.JsonParserCharArray.decodeValue(JsonParserCharArray.java:153) ~[groovy-json-3.0.20.jar:3.0.20]
	at org.apache.groovy.json.internal.JsonParserCharArray.decodeFromChars(JsonParserCharArray.java:43) ~[groovy-json-3.0.20.jar:3.0.20]
	at org.apache.groovy.json.internal.JsonParserCharArray.parse(JsonParserCharArray.java:380) ~[groovy-json-3.0.20.jar:3.0.20]
	at org.apache.groovy.json.internal.BaseJsonParser.parse(BaseJsonParser.java:113) ~[groovy-json-3.0.20.jar:3.0.20]
	at groovy.json.JsonSlurper.parseText(JsonSlurper.java:204) ~[groovy-json-3.0.20.jar:3.0.20]
	at groovy.json.JsonSlurper$parseText.call(Unknown Source) ~[?:?]
	at Script5.run(Script5.groovy:1) ~[?:?]
	at org.codehaus.groovy.jsr223.GroovyScriptEngineImpl.eval(GroovyScriptEngineImpl.java:317) ~[groovy-jsr223-3.0.20.jar:3.0.20]
	... 10 more
2026-08-31 17:34:00,045 INFO o.a.j.r.Summariser: summary +    500 in 00:00:30 =   16.7/s Avg:     1 Min:     0 Max:     3 Err:   500 (100.00%) Active: 6 Started: 6 Finished: 0
2026-08-31 17:34:00,046 INFO o.a.j.r.Summariser: summary =   1605 in 00:01:42 =   15.7/s Avg:     1 Min:     0 Max:    17 Err:  1600 (99.69%)
2026-08-31 17:34:00,910 ERROR o.a.j.a.JSR223Assertion: Problem in JSR223 script: Validate coupon amounts
javax.script.ScriptException: groovy.json.JsonException: Unable to determine the current character, it is not a string, number, array, or object

The current character read is '<' with an int value of 60
Unable to determine the current character, it is not a string, number, array, or object
line number 1
index number 0
<!DOCTYPE html>
^
	at org.codehaus.groovy.jsr223.GroovyScriptEngineImpl.eval(GroovyScriptEngineImpl.java:320) ~[groovy-jsr223-3.0.20.jar:3.0.20]
	at org.codehaus.groovy.jsr223.GroovyCompiledScript.eval(GroovyCompiledScript.java:71) ~[groovy-jsr223-3.0.20.jar:3.0.20]
	at java.scripting/javax.script.CompiledScript.eval(CompiledScript.java:93) ~[java.scripting:?]
	at org.apache.jmeter.util.JSR223TestElement.processFileOrScript(JSR223TestElement.java:230) ~[ApacheJMeter_core.jar:5.6.3]
	at org.apache.jmeter.assertions.JSR223Assertion.getResult(JSR223Assertion.java:50) ~[ApacheJMeter_components.jar:5.6.3]
	at org.apache.jmeter.threads.JMeterThread.processAssertion(JMeterThread.java:949) ~[ApacheJMeter_core.jar:5.6.3]
	at org.apache.jmeter.threads.JMeterThread.checkAssertions(JMeterThread.java:918) ~[ApacheJMeter_core.jar:5.6.3]
	at org.apache.jmeter.threads.JMeterThread.executeSamplePackage(JMeterThread.java:586) ~[ApacheJMeter_core.jar:5.6.3]
	at org.apache.jmeter.threads.JMeterThread.processSampler(JMeterThread.java:501) ~[ApacheJMeter_core.jar:5.6.3]
	at org.apache.jmeter.threads.JMeterThread.run(JMeterThread.java:268) ~[ApacheJMeter_core.jar:5.6.3]
	at java.base/java.lang.Thread.run(Thread.java:1583) [?:?]
Caused by: groovy.json.JsonException: Unable to determine the current character, it is not a string, number, array, or object

The current character read is '<' with an int value of 60
Unable to determine the current character, it is not a string, number, array, or object
line number 1
index number 0
<!DOCTYPE html>
^
	at org.apache.groovy.json.internal.JsonParserCharArray.decodeValueInternal(JsonParserCharArray.java:202) ~[groovy-json-3.0.20.jar:3.0.20]
	at org.apache.groovy.json.internal.JsonParserCharArray.decodeValue(JsonParserCharArray.java:153) ~[groovy-json-3.0.20.jar:3.0.20]
	at org.apache.groovy.json.internal.JsonParserCharArray.decodeFromChars(JsonParserCharArray.java:43) ~[groovy-json-3.0.20.jar:3.0.20]
	at org.apache.groovy.json.internal.JsonParserCharArray.parse(JsonParserCharArray.java:380) ~[groovy-json-3.0.20.jar:3.0.20]
	at org.apache.groovy.json.internal.BaseJsonParser.parse(BaseJsonParser.java:113) ~[groovy-json-3.0.20.jar:3.0.20]
	at groovy.json.JsonSlurper.parseText(JsonSlurper.java:204) ~[groovy-json-3.0.20.jar:3.0.20]
	at groovy.json.JsonSlurper$parseText.call(Unknown Source) ~[?:?]
	at Script5.run(Script5.groovy:1) ~[?:?]
	at org.codehaus.groovy.jsr223.GroovyScriptEngineImpl.eval(GroovyScriptEngineImpl.java:317) ~[groovy-jsr223-3.0.20.jar:3.0.20]
	... 10 more
2026-08-31 17:34:01,445 ERROR o.a.j.a.JSR223Assertion: Problem in JSR223 script: Validate coupon amounts
javax.script.ScriptException: groovy.json.JsonException: Unable to determine the current character, it is not a string, number, array, or object

The current character read is '<' with an int value of 60
Unable to determine the current character, it is not a string, number, array, or object
line number 1
index number 0
<!DOCTYPE html>
^
	at org.codehaus.groovy.jsr223.GroovyScriptEngineImpl.eval(GroovyScriptEngineImpl.java:320) ~[groovy-jsr223-3.0.20.jar:3.0.20]
	at org.codehaus.groovy.jsr223.GroovyCompiledScript.eval(GroovyCompiledScript.java:71) ~[groovy-jsr223-3.0.20.jar:3.0.20]
	at java.scripting/javax.script.CompiledScript.eval(CompiledScript.java:93) ~[java.scripting:?]
	at org.apache.jmeter.util.JSR223TestElement.processFileOrScript(JSR223TestElement.java:230) ~[ApacheJMeter_core.jar:5.6.3]
	at org.apache.jmeter.assertions.JSR223Assertion.getResult(JSR223Assertion.java:50) ~[ApacheJMeter_components.jar:5.6.3]
	at org.apache.jmeter.threads.JMeterThread.processAssertion(JMeterThread.java:949) ~[ApacheJMeter_core.jar:5.6.3]
	at org.apache.jmeter.threads.JMeterThread.checkAssertions(JMeterThread.java:918) ~[ApacheJMeter_core.jar:5.6.3]
	at org.apache.jmeter.threads.JMeterThread.executeSamplePackage(JMeterThread.java:586) ~[ApacheJMeter_core.jar:5.6.3]
	at org.apache.jmeter.threads.JMeterThread.processSampler(JMeterThread.java:501) ~[ApacheJMeter_core.jar:5.6.3]
	at org.apache.jmeter.threads.JMeterThread.run(JMeterThread.java:268) ~[ApacheJMeter_core.jar:5.6.3]
	at java.base/java.lang.Thread.run(Thread.java:1583) [?:?]
Caused by: groovy.json.JsonException: Unable to determine the current character, it is not a string, number, array, or object

The current character read is '<' with an int value of 60
Unable to determine the current character, it is not a string, number, array, or object
line number 1
index number 0
<!DOCTYPE html>
^
	at org.apache.groovy.json.internal.JsonParserCharArray.decodeValueInternal(JsonParserCharArray.java:202) ~[groovy-json-3.0.20.jar:3.0.20]
	at org.apache.groovy.json.internal.JsonParserCharArray.decodeValue(JsonParserCharArray.java:153) ~[groovy-json-3.0.20.jar:3.0.20]
	at org.apache.groovy.json.internal.JsonParserCharArray.decodeFromChars(JsonParserCharArray.java:43) ~[groovy-json-3.0.20.jar:3.0.20]
	at org.apache.groovy.json.internal.JsonParserCharArray.parse(JsonParserCharArray.java:380) ~[groovy-json-3.0.20.jar:3.0.20]
	at org.apache.groovy.json.internal.BaseJsonParser.parse(BaseJsonParser.java:113) ~[groovy-json-3.0.20.jar:3.0.20]
	at groovy.json.JsonSlurper.parseText(JsonSlurper.java:204) ~[groovy-json-3.0.20.jar:3.0.20]
	at groovy.json.JsonSlurper$parseText.call(Unknown Source) ~[?:?]
	at Script5.run(Script5.groovy:1) ~[?:?]
	at org.codehaus.groovy.jsr223.GroovyScriptEngineImpl.eval(GroovyScriptEngineImpl.java:317) ~[groovy-jsr223-3.0.20.jar:3.0.20]
	... 10 more
2026-08-31 17:34:01,666 ERROR o.a.j.a.JSR223Assertion: Problem in JSR223 script: Validate coupon amounts
javax.script.ScriptException: groovy.json.JsonException: Unable to determine the current character, it is not a string, number, array, or object

The current character read is '<' with an int value of 60
Unable to determine the current character, it is not a string, number, array, or object
line number 1
index number 0
<!DOCTYPE html>
^
	at org.codehaus.groovy.jsr223.GroovyScriptEngineImpl.eval(GroovyScriptEngineImpl.java:320) ~[groovy-jsr223-3.0.20.jar:3.0.20]
	at org.codehaus.groovy.jsr223.GroovyCompiledScript.eval(GroovyCompiledScript.java:71) ~[groovy-jsr223-3.0.20.jar:3.0.20]
	at java.scripting/javax.script.CompiledScript.eval(CompiledScript.java:93) ~[java.scripting:?]
	at org.apache.jmeter.util.JSR223TestElement.processFileOrScript(JSR223TestElement.java:230) ~[ApacheJMeter_core.jar:5.6.3]
	at org.apache.jmeter.assertions.JSR223Assertion.getResult(JSR223Assertion.java:50) ~[ApacheJMeter_components.jar:5.6.3]
	at org.apache.jmeter.threads.JMeterThread.processAssertion(JMeterThread.java:949) ~[ApacheJMeter_core.jar:5.6.3]
	at org.apache.jmeter.threads.JMeterThread.checkAssertions(JMeterThread.java:918) ~[ApacheJMeter_core.jar:5.6.3]
	at org.apache.jmeter.threads.JMeterThread.executeSamplePackage(JMeterThread.java:586) ~[ApacheJMeter_core.jar:5.6.3]
	at org.apache.jmeter.threads.JMeterThread.processSampler(JMeterThread.java:501) ~[ApacheJMeter_core.jar:5.6.3]
	at org.apache.jmeter.threads.JMeterThread.run(JMeterThread.java:268) ~[ApacheJMeter_core.jar:5.6.3]
	at java.base/java.lang.Thread.run(Thread.java:1583) [?:?]
Caused by: groovy.json.JsonException: Unable to determine the current character, it is not a string, number, array, or object

The current character read is '<' with an int value of 60
Unable to determine the current character, it is not a string, number, array, or object
line number 1
index number 0
<!DOCTYPE html>
^
	at org.apache.groovy.json.internal.JsonParserCharArray.decodeValueInternal(JsonParserCharArray.java:202) ~[groovy-json-3.0.20.jar:3.0.20]
	at org.apache.groovy.json.internal.JsonParserCharArray.decodeValue(JsonParserCharArray.java:153) ~[groovy-json-3.0.20.jar:3.0.20]
	at org.apache.groovy.json.internal.JsonParserCharArray.decodeFromChars(JsonParserCharArray.java:43) ~[groovy-json-3.0.20.jar:3.0.20]
	at org.apache.groovy.json.internal.JsonParserCharArray.parse(JsonParserCharArray.java:380) ~[groovy-json-3.0.20.jar:3.0.20]
	at org.apache.groovy.json.internal.BaseJsonParser.parse(BaseJsonParser.java:113) ~[groovy-json-3.0.20.jar:3.0.20]
	at groovy.json.JsonSlurper.parseText(JsonSlurper.java:204) ~[groovy-json-3.0.20.jar:3.0.20]
	at groovy.json.JsonSlurper$parseText.call(Unknown Source) ~[?:?]
	at Script5.run(Script5.groovy:1) ~[?:?]
	at org.codehaus.groovy.jsr223.GroovyScriptEngineImpl.eval(GroovyScriptEngineImpl.java:317) ~[groovy-jsr223-3.0.20.jar:3.0.20]
	... 10 more
2026-08-31 17:34:01,679 ERROR o.a.j.a.JSR223Assertion: Problem in JSR223 script: Validate coupon amounts
javax.script.ScriptException: groovy.json.JsonException: Unable to determine the current character, it is not a string, number, array, or object

The current character read is '<' with an int value of 60
Unable to determine the current character, it is not a string, number, array, or object
line number 1
index number 0
<!DOCTYPE html>
^
	at org.codehaus.groovy.jsr223.GroovyScriptEngineImpl.eval(GroovyScriptEngineImpl.java:320) ~[groovy-jsr223-3.0.20.jar:3.0.20]
	at org.codehaus.groovy.jsr223.GroovyCompiledScript.eval(GroovyCompiledScript.java:71) ~[groovy-jsr223-3.0.20.jar:3.0.20]
	at java.scripting/javax.script.CompiledScript.eval(CompiledScript.java:93) ~[java.scripting:?]
	at org.apache.jmeter.util.JSR223TestElement.processFileOrScript(JSR223TestElement.java:230) ~[ApacheJMeter_core.jar:5.6.3]
	at org.apache.jmeter.assertions.JSR223Assertion.getResult(JSR223Assertion.java:50) ~[ApacheJMeter_components.jar:5.6.3]
	at org.apache.jmeter.threads.JMeterThread.processAssertion(JMeterThread.java:949) ~[ApacheJMeter_core.jar:5.6.3]
	at org.apache.jmeter.threads.JMeterThread.checkAssertions(JMeterThread.java:918) ~[ApacheJMeter_core.jar:5.6.3]
	at org.apache.jmeter.threads.JMeterThread.executeSamplePackage(JMeterThread.java:586) ~[ApacheJMeter_core.jar:5.6.3]
	at org.apache.jmeter.threads.JMeterThread.processSampler(JMeterThread.java:501) ~[ApacheJMeter_core.jar:5.6.3]
	at org.apache.jmeter.threads.JMeterThread.run(JMeterThread.java:268) ~[ApacheJMeter_core.jar:5.6.3]
	at java.base/java.lang.Thread.run(Thread.java:1583) [?:?]
Caused by: groovy.json.JsonException: Unable to determine the current character, it is not a string, number, array, or object

The current character read is '<' with an int value of 60
Unable to determine the current character, it is not a string, number, array, or object
line number 1
index number 0
<!DOCTYPE html>
^
	at org.apache.groovy.json.internal.JsonParserCharArray.decodeValueInternal(JsonParserCharArray.java:202) ~[groovy-json-3.0.20.jar:3.0.20]
	at org.apache.groovy.json.internal.JsonParserCharArray.decodeValue(JsonParserCharArray.java:153) ~[groovy-json-3.0.20.jar:3.0.20]
	at org.apache.groovy.json.internal.JsonParserCharArray.decodeFromChars(JsonParserCharArray.java:43) ~[groovy-json-3.0.20.jar:3.0.20]
	at org.apache.groovy.json.internal.JsonParserCharArray.parse(JsonParserCharArray.java:380) ~[groovy-json-3.0.20.jar:3.0.20]
	at org.apache.groovy.json.internal.BaseJsonParser.parse(BaseJsonParser.java:113) ~[groovy-json-3.0.20.jar:3.0.20]
	at groovy.json.JsonSlurper.parseText(JsonSlurper.java:204) ~[groovy-json-3.0.20.jar:3.0.20]
	at groovy.json.JsonSlurper$parseText.call(Unknown Source) ~[?:?]
	at Script5.run(Script5.groovy:1) ~[?:?]
	at org.codehaus.groovy.jsr223.GroovyScriptEngineImpl.eval(GroovyScriptEngineImpl.java:317) ~[groovy-jsr223-3.0.20.jar:3.0.20]
	... 10 more
2026-08-31 17:34:01,829 ERROR o.a.j.a.JSR223Assertion: Problem in JSR223 script: Validate coupon amounts
javax.script.ScriptException: groovy.json.JsonException: Unable to determine the current character, it is not a string, number, array, or object

The current character read is '<' with an int value of 60
Unable to determine the current character, it is not a string, number, array, or object
line number 1
index number 0
<!DOCTYPE html>
^
	at org.codehaus.groovy.jsr223.GroovyScriptEngineImpl.eval(GroovyScriptEngineImpl.java:320) ~[groovy-jsr223-3.0.20.jar:3.0.20]
	at org.codehaus.groovy.jsr223.GroovyCompiledScript.eval(GroovyCompiledScript.java:71) ~[groovy-jsr223-3.0.20.jar:3.0.20]
	at java.scripting/javax.script.CompiledScript.eval(CompiledScript.java:93) ~[java.scripting:?]
	at org.apache.jmeter.util.JSR223TestElement.processFileOrScript(JSR223TestElement.java:230) ~[ApacheJMeter_core.jar:5.6.3]
	at org.apache.jmeter.assertions.JSR223Assertion.getResult(JSR223Assertion.java:50) ~[ApacheJMeter_components.jar:5.6.3]
	at org.apache.jmeter.threads.JMeterThread.processAssertion(JMeterThread.java:949) ~[ApacheJMeter_core.jar:5.6.3]
	at org.apache.jmeter.threads.JMeterThread.checkAssertions(JMeterThread.java:918) ~[ApacheJMeter_core.jar:5.6.3]
	at org.apache.jmeter.threads.JMeterThread.executeSamplePackage(JMeterThread.java:586) ~[ApacheJMeter_core.jar:5.6.3]
	at org.apache.jmeter.threads.JMeterThread.processSampler(JMeterThread.java:501) ~[ApacheJMeter_core.jar:5.6.3]
	at org.apache.jmeter.threads.JMeterThread.run(JMeterThread.java:268) ~[ApacheJMeter_core.jar:5.6.3]
	at java.base/java.lang.Thread.run(Thread.java:1583) [?:?]
Caused by: groovy.json.JsonException: Unable to determine the current character, it is not a string, number, array, or object

The current character read is '<' with an int value of 60
Unable to determine the current character, it is not a string, number, array, or object
line number 1
index number 0
<!DOCTYPE html>
^
	at org.apache.groovy.json.internal.JsonParserCharArray.decodeValueInternal(JsonParserCharArray.java:202) ~[groovy-json-3.0.20.jar:3.0.20]
	at org.apache.groovy.json.internal.JsonParserCharArray.decodeValue(JsonParserCharArray.java:153) ~[groovy-json-3.0.20.jar:3.0.20]
	at org.apache.groovy.json.internal.JsonParserCharArray.decodeFromChars(JsonParserCharArray.java:43) ~[groovy-json-3.0.20.jar:3.0.20]
	at org.apache.groovy.json.internal.JsonParserCharArray.parse(JsonParserCharArray.java:380) ~[groovy-json-3.0.20.jar:3.0.20]
	at org.apache.groovy.json.internal.BaseJsonParser.parse(BaseJsonParser.java:113) ~[groovy-json-3.0.20.jar:3.0.20]
	at groovy.json.JsonSlurper.parseText(JsonSlurper.java:204) ~[groovy-json-3.0.20.jar:3.0.20]
	at groovy.json.JsonSlurper$parseText.call(Unknown Source) ~[?:?]
	at Script5.run(Script5.groovy:1) ~[?:?]
	at org.codehaus.groovy.jsr223.GroovyScriptEngineImpl.eval(GroovyScriptEngineImpl.java:317) ~[groovy-jsr223-3.0.20.jar:3.0.20]
	... 10 more
2026-08-31 17:34:01,933 ERROR o.a.j.a.JSR223Assertion: Problem in JSR223 script: Validate coupon amounts
javax.script.ScriptException: groovy.json.JsonException: Unable to determine the current character, it is not a string, number, array, or object

The current character read is '<' with an int value of 60
Unable to determine the current character, it is not a string, number, array, or object
line number 1
index number 0
<!DOCTYPE html>
^
	at org.codehaus.groovy.jsr223.GroovyScriptEngineImpl.eval(GroovyScriptEngineImpl.java:320) ~[groovy-jsr223-3.0.20.jar:3.0.20]
	at org.codehaus.groovy.jsr223.GroovyCompiledScript.eval(GroovyCompiledScript.java:71) ~[groovy-jsr223-3.0.20.jar:3.0.20]
	at java.scripting/javax.script.CompiledScript.eval(CompiledScript.java:93) ~[java.scripting:?]
	at org.apache.jmeter.util.JSR223TestElement.processFileOrScript(JSR223TestElement.java:230) ~[ApacheJMeter_core.jar:5.6.3]
	at org.apache.jmeter.assertions.JSR223Assertion.getResult(JSR223Assertion.java:50) ~[ApacheJMeter_components.jar:5.6.3]
	at org.apache.jmeter.threads.JMeterThread.processAssertion(JMeterThread.java:949) ~[ApacheJMeter_core.jar:5.6.3]
	at org.apache.jmeter.threads.JMeterThread.checkAssertions(JMeterThread.java:918) ~[ApacheJMeter_core.jar:5.6.3]
	at org.apache.jmeter.threads.JMeterThread.executeSamplePackage(JMeterThread.java:586) ~[ApacheJMeter_core.jar:5.6.3]
	at org.apache.jmeter.threads.JMeterThread.processSampler(JMeterThread.java:501) ~[ApacheJMeter_core.jar:5.6.3]
	at org.apache.jmeter.threads.JMeterThread.run(JMeterThread.java:268) ~[ApacheJMeter_core.jar:5.6.3]
	at java.base/java.lang.Thread.run(Thread.java:1583) [?:?]
Caused by: groovy.json.JsonException: Unable to determine the current character, it is not a string, number, array, or object

The current character read is '<' with an int value of 60
Unable to determine the current character, it is not a string, number, array, or object
line number 1
index number 0
<!DOCTYPE html>
^
	at org.apache.groovy.json.internal.JsonParserCharArray.decodeValueInternal(JsonParserCharArray.java:202) ~[groovy-json-3.0.20.jar:3.0.20]
	at org.apache.groovy.json.internal.JsonParserCharArray.decodeValue(JsonParserCharArray.java:153) ~[groovy-json-3.0.20.jar:3.0.20]
	at org.apache.groovy.json.internal.JsonParserCharArray.decodeFromChars(JsonParserCharArray.java:43) ~[groovy-json-3.0.20.jar:3.0.20]
	at org.apache.groovy.json.internal.JsonParserCharArray.parse(JsonParserCharArray.java:380) ~[groovy-json-3.0.20.jar:3.0.20]
	at org.apache.groovy.json.internal.BaseJsonParser.parse(BaseJsonParser.java:113) ~[groovy-json-3.0.20.jar:3.0.20]
	at groovy.json.JsonSlurper.parseText(JsonSlurper.java:204) ~[groovy-json-3.0.20.jar:3.0.20]
	at groovy.json.JsonSlurper$parseText.call(Unknown Source) ~[?:?]
	at Script5.run(Script5.groovy:1) ~[?:?]
	at org.codehaus.groovy.jsr223.GroovyScriptEngineImpl.eval(GroovyScriptEngineImpl.java:317) ~[groovy-jsr223-3.0.20.jar:3.0.20]
	... 10 more
2026-08-31 17:34:03,004 ERROR o.a.j.a.JSR223Assertion: Problem in JSR223 script: Validate coupon amounts
javax.script.ScriptException: groovy.json.JsonException: Unable to determine the current character, it is not a string, number, array, or object

The current character read is '<' with an int value of 60
Unable to determine the current character, it is not a string, number, array, or object
line number 1
index number 0
<!DOCTYPE html>
^
	at org.codehaus.groovy.jsr223.GroovyScriptEngineImpl.eval(GroovyScriptEngineImpl.java:320) ~[groovy-jsr223-3.0.20.jar:3.0.20]
	at org.codehaus.groovy.jsr223.GroovyCompiledScript.eval(GroovyCompiledScript.java:71) ~[groovy-jsr223-3.0.20.jar:3.0.20]
	at java.scripting/javax.script.CompiledScript.eval(CompiledScript.java:93) ~[java.scripting:?]
	at org.apache.jmeter.util.JSR223TestElement.processFileOrScript(JSR223TestElement.java:230) ~[ApacheJMeter_core.jar:5.6.3]
	at org.apache.jmeter.assertions.JSR223Assertion.getResult(JSR223Assertion.java:50) ~[ApacheJMeter_components.jar:5.6.3]
	at org.apache.jmeter.threads.JMeterThread.processAssertion(JMeterThread.java:949) ~[ApacheJMeter_core.jar:5.6.3]
	at org.apache.jmeter.threads.JMeterThread.checkAssertions(JMeterThread.java:918) ~[ApacheJMeter_core.jar:5.6.3]
	at org.apache.jmeter.threads.JMeterThread.executeSamplePackage(JMeterThread.java:586) ~[ApacheJMeter_core.jar:5.6.3]
	at org.apache.jmeter.threads.JMeterThread.processSampler(JMeterThread.java:501) ~[ApacheJMeter_core.jar:5.6.3]
	at org.apache.jmeter.threads.JMeterThread.run(JMeterThread.java:268) ~[ApacheJMeter_core.jar:5.6.3]
	at java.base/java.lang.Thread.run(Thread.java:1583) [?:?]
Caused by: groovy.json.JsonException: Unable to determine the current character, it is not a string, number, array, or object

The current character read is '<' with an int value of 60
Unable to determine the current character, it is not a string, number, array, or object
line number 1
index number 0
<!DOCTYPE html>
^
	at org.apache.groovy.json.internal.JsonParserCharArray.decodeValueInternal(JsonParserCharArray.java:202) ~[groovy-json-3.0.20.jar:3.0.20]
	at org.apache.groovy.json.internal.JsonParserCharArray.decodeValue(JsonParserCharArray.java:153) ~[groovy-json-3.0.20.jar:3.0.20]
	at org.apache.groovy.json.internal.JsonParserCharArray.decodeFromChars(JsonParserCharArray.java:43) ~[groovy-json-3.0.20.jar:3.0.20]
	at org.apache.groovy.json.internal.JsonParserCharArray.parse(JsonParserCharArray.java:380) ~[groovy-json-3.0.20.jar:3.0.20]
	at org.apache.groovy.json.internal.BaseJsonParser.parse(BaseJsonParser.java:113) ~[groovy-json-3.0.20.jar:3.0.20]
	at groovy.json.JsonSlurper.parseText(JsonSlurper.java:204) ~[groovy-json-3.0.20.jar:3.0.20]
	at groovy.json.JsonSlurper$parseText.call(Unknown Source) ~[?:?]
	at Script5.run(Script5.groovy:1) ~[?:?]
	at org.codehaus.groovy.jsr223.GroovyScriptEngineImpl.eval(GroovyScriptEngineImpl.java:317) ~[groovy-jsr223-3.0.20.jar:3.0.20]
	... 10 more
2026-08-31 17:34:03,706 ERROR o.a.j.a.JSR223Assertion: Problem in JSR223 script: Validate coupon amounts
javax.script.ScriptException: groovy.json.JsonException: Unable to determine the current character, it is not a string, number, array, or object

The current character read is '<' with an int value of 60
Unable to determine the current character, it is not a string, number, array, or object
line number 1
index number 0
<!DOCTYPE html>
^
	at org.codehaus.groovy.jsr223.GroovyScriptEngineImpl.eval(GroovyScriptEngineImpl.java:320) ~[groovy-jsr223-3.0.20.jar:3.0.20]
	at org.codehaus.groovy.jsr223.GroovyCompiledScript.eval(GroovyCompiledScript.java:71) ~[groovy-jsr223-3.0.20.jar:3.0.20]
	at java.scripting/javax.script.CompiledScript.eval(CompiledScript.java:93) ~[java.scripting:?]
	at org.apache.jmeter.util.JSR223TestElement.processFileOrScript(JSR223TestElement.java:230) ~[ApacheJMeter_core.jar:5.6.3]
	at org.apache.jmeter.assertions.JSR223Assertion.getResult(JSR223Assertion.java:50) ~[ApacheJMeter_components.jar:5.6.3]
	at org.apache.jmeter.threads.JMeterThread.processAssertion(JMeterThread.java:949) ~[ApacheJMeter_core.jar:5.6.3]
	at org.apache.jmeter.threads.JMeterThread.checkAssertions(JMeterThread.java:918) ~[ApacheJMeter_core.jar:5.6.3]
	at org.apache.jmeter.threads.JMeterThread.executeSamplePackage(JMeterThread.java:586) ~[ApacheJMeter_core.jar:5.6.3]
	at org.apache.jmeter.threads.JMeterThread.processSampler(JMeterThread.java:501) ~[ApacheJMeter_core.jar:5.6.3]
	at org.apache.jmeter.threads.JMeterThread.run(JMeterThread.java:268) ~[ApacheJMeter_core.jar:5.6.3]
	at java.base/java.lang.Thread.run(Thread.java:1583) [?:?]
Caused by: groovy.json.JsonException: Unable to determine the current character, it is not a string, number, array, or object

The current character read is '<' with an int value of 60
Unable to determine the current character, it is not a string, number, array, or object
line number 1
index number 0
<!DOCTYPE html>
^
	at org.apache.groovy.json.internal.JsonParserCharArray.decodeValueInternal(JsonParserCharArray.java:202) ~[groovy-json-3.0.20.jar:3.0.20]
	at org.apache.groovy.json.internal.JsonParserCharArray.decodeValue(JsonParserCharArray.java:153) ~[groovy-json-3.0.20.jar:3.0.20]
	at org.apache.groovy.json.internal.JsonParserCharArray.decodeFromChars(JsonParserCharArray.java:43) ~[groovy-json-3.0.20.jar:3.0.20]
	at org.apache.groovy.json.internal.JsonParserCharArray.parse(JsonParserCharArray.java:380) ~[groovy-json-3.0.20.jar:3.0.20]
	at org.apache.groovy.json.internal.BaseJsonParser.parse(BaseJsonParser.java:113) ~[groovy-json-3.0.20.jar:3.0.20]
	at groovy.json.JsonSlurper.parseText(JsonSlurper.java:204) ~[groovy-json-3.0.20.jar:3.0.20]
	at groovy.json.JsonSlurper$parseText.call(Unknown Source) ~[?:?]
	at Script5.run(Script5.groovy:1) ~[?:?]
	at org.codehaus.groovy.jsr223.GroovyScriptEngineImpl.eval(GroovyScriptEngineImpl.java:317) ~[groovy-jsr223-3.0.20.jar:3.0.20]
	... 10 more
2026-08-31 17:34:03,768 ERROR o.a.j.a.JSR223Assertion: Problem in JSR223 script: Validate coupon amounts
javax.script.ScriptException: groovy.json.JsonException: Unable to determine the current character, it is not a string, number, array, or object

The current character read is '<' with an int value of 60
Unable to determine the current character, it is not a string, number, array, or object
line number 1
index number 0
<!DOCTYPE html>
^
	at org.codehaus.groovy.jsr223.GroovyScriptEngineImpl.eval(GroovyScriptEngineImpl.java:320) ~[groovy-jsr223-3.0.20.jar:3.0.20]
	at org.codehaus.groovy.jsr223.GroovyCompiledScript.eval(GroovyCompiledScript.java:71) ~[groovy-jsr223-3.0.20.jar:3.0.20]
	at java.scripting/javax.script.CompiledScript.eval(CompiledScript.java:93) ~[java.scripting:?]
	at org.apache.jmeter.util.JSR223TestElement.processFileOrScript(JSR223TestElement.java:230) ~[ApacheJMeter_core.jar:5.6.3]
	at org.apache.jmeter.assertions.JSR223Assertion.getResult(JSR223Assertion.java:50) ~[ApacheJMeter_components.jar:5.6.3]
	at org.apache.jmeter.threads.JMeterThread.processAssertion(JMeterThread.java:949) ~[ApacheJMeter_core.jar:5.6.3]
	at org.apache.jmeter.threads.JMeterThread.checkAssertions(JMeterThread.java:918) ~[ApacheJMeter_core.jar:5.6.3]
	at org.apache.jmeter.threads.JMeterThread.executeSamplePackage(JMeterThread.java:586) ~[ApacheJMeter_core.jar:5.6.3]
	at org.apache.jmeter.threads.JMeterThread.processSampler(JMeterThread.java:501) ~[ApacheJMeter_core.jar:5.6.3]
	at org.apache.jmeter.threads.JMeterThread.run(JMeterThread.java:268) ~[ApacheJMeter_core.jar:5.6.3]
	at java.base/java.lang.Thread.run(Thread.java:1583) [?:?]
Caused by: groovy.json.JsonException: Unable to determine the current character, it is not a string, number, array, or object

The current character read is '<' with an int value of 60
Unable to determine the current character, it is not a string, number, array, or object
line number 1
index number 0
<!DOCTYPE html>
^
	at org.apache.groovy.json.internal.JsonParserCharArray.decodeValueInternal(JsonParserCharArray.java:202) ~[groovy-json-3.0.20.jar:3.0.20]
	at org.apache.groovy.json.internal.JsonParserCharArray.decodeValue(JsonParserCharArray.java:153) ~[groovy-json-3.0.20.jar:3.0.20]
	at org.apache.groovy.json.internal.JsonParserCharArray.decodeFromChars(JsonParserCharArray.java:43) ~[groovy-json-3.0.20.jar:3.0.20]
	at org.apache.groovy.json.internal.JsonParserCharArray.parse(JsonParserCharArray.java:380) ~[groovy-json-3.0.20.jar:3.0.20]
	at org.apache.groovy.json.internal.BaseJsonParser.parse(BaseJsonParser.java:113) ~[groovy-json-3.0.20.jar:3.0.20]
	at groovy.json.JsonSlurper.parseText(JsonSlurper.java:204) ~[groovy-json-3.0.20.jar:3.0.20]
	at groovy.json.JsonSlurper$parseText.call(Unknown Source) ~[?:?]
	at Script5.run(Script5.groovy:1) ~[?:?]
	at org.codehaus.groovy.jsr223.GroovyScriptEngineImpl.eval(GroovyScriptEngineImpl.java:317) ~[groovy-jsr223-3.0.20.jar:3.0.20]
	... 10 more
2026-08-31 17:34:03,860 ERROR o.a.j.a.JSR223Assertion: Problem in JSR223 script: Validate coupon amounts
javax.script.ScriptException: groovy.json.JsonException: Unable to determine the current character, it is not a string, number, array, or object

The current character read is '<' with an int value of 60
Unable to determine the current character, it is not a string, number, array, or object
line number 1
index number 0
<!DOCTYPE html>
^
	at org.codehaus.groovy.jsr223.GroovyScriptEngineImpl.eval(GroovyScriptEngineImpl.java:320) ~[groovy-jsr223-3.0.20.jar:3.0.20]
	at org.codehaus.groovy.jsr223.GroovyCompiledScript.eval(GroovyCompiledScript.java:71) ~[groovy-jsr223-3.0.20.jar:3.0.20]
	at java.scripting/javax.script.CompiledScript.eval(CompiledScript.java:93) ~[java.scripting:?]
	at org.apache.jmeter.util.JSR223TestElement.processFileOrScript(JSR223TestElement.java:230) ~[ApacheJMeter_core.jar:5.6.3]
	at org.apache.jmeter.assertions.JSR223Assertion.getResult(JSR223Assertion.java:50) ~[ApacheJMeter_components.jar:5.6.3]
	at org.apache.jmeter.threads.JMeterThread.processAssertion(JMeterThread.java:949) ~[ApacheJMeter_core.jar:5.6.3]
	at org.apache.jmeter.threads.JMeterThread.checkAssertions(JMeterThread.java:918) ~[ApacheJMeter_core.jar:5.6.3]
	at org.apache.jmeter.threads.JMeterThread.executeSamplePackage(JMeterThread.java:586) ~[ApacheJMeter_core.jar:5.6.3]
	at org.apache.jmeter.threads.JMeterThread.processSampler(JMeterThread.java:501) ~[ApacheJMeter_core.jar:5.6.3]
	at org.apache.jmeter.threads.JMeterThread.run(JMeterThread.java:268) ~[ApacheJMeter_core.jar:5.6.3]
	at java.base/java.lang.Thread.run(Thread.java:1583) [?:?]
Caused by: groovy.json.JsonException: Unable to determine the current character, it is not a string, number, array, or object

The current character read is '<' with an int value of 60
Unable to determine the current character, it is not a string, number, array, or object
line number 1
index number 0
<!DOCTYPE html>
^
	at org.apache.groovy.json.internal.JsonParserCharArray.decodeValueInternal(JsonParserCharArray.java:202) ~[groovy-json-3.0.20.jar:3.0.20]
	at org.apache.groovy.json.internal.JsonParserCharArray.decodeValue(JsonParserCharArray.java:153) ~[groovy-json-3.0.20.jar:3.0.20]
	at org.apache.groovy.json.internal.JsonParserCharArray.decodeFromChars(JsonParserCharArray.java:43) ~[groovy-json-3.0.20.jar:3.0.20]
	at org.apache.groovy.json.internal.JsonParserCharArray.parse(JsonParserCharArray.java:380) ~[groovy-json-3.0.20.jar:3.0.20]
	at org.apache.groovy.json.internal.BaseJsonParser.parse(BaseJsonParser.java:113) ~[groovy-json-3.0.20.jar:3.0.20]
	at groovy.json.JsonSlurper.parseText(JsonSlurper.java:204) ~[groovy-json-3.0.20.jar:3.0.20]
	at groovy.json.JsonSlurper$parseText.call(Unknown Source) ~[?:?]
	at Script5.run(Script5.groovy:1) ~[?:?]
	at org.codehaus.groovy.jsr223.GroovyScriptEngineImpl.eval(GroovyScriptEngineImpl.java:317) ~[groovy-jsr223-3.0.20.jar:3.0.20]
	... 10 more
2026-08-31 17:34:03,944 ERROR o.a.j.a.JSR223Assertion: Problem in JSR223 script: Validate coupon amounts
javax.script.ScriptException: groovy.json.JsonException: Unable to determine the current character, it is not a string, number, array, or object

The current character read is '<' with an int value of 60
Unable to determine the current character, it is not a string, number, array, or object
line number 1
index number 0
<!DOCTYPE html>
^
	at org.codehaus.groovy.jsr223.GroovyScriptEngineImpl.eval(GroovyScriptEngineImpl.java:320) ~[groovy-jsr223-3.0.20.jar:3.0.20]
	at org.codehaus.groovy.jsr223.GroovyCompiledScript.eval(GroovyCompiledScript.java:71) ~[groovy-jsr223-3.0.20.jar:3.0.20]
	at java.scripting/javax.script.CompiledScript.eval(CompiledScript.java:93) ~[java.scripting:?]
	at org.apache.jmeter.util.JSR223TestElement.processFileOrScript(JSR223TestElement.java:230) ~[ApacheJMeter_core.jar:5.6.3]
	at org.apache.jmeter.assertions.JSR223Assertion.getResult(JSR223Assertion.java:50) ~[ApacheJMeter_components.jar:5.6.3]
	at org.apache.jmeter.threads.JMeterThread.processAssertion(JMeterThread.java:949) ~[ApacheJMeter_core.jar:5.6.3]
	at org.apache.jmeter.threads.JMeterThread.checkAssertions(JMeterThread.java:918) ~[ApacheJMeter_core.jar:5.6.3]
	at org.apache.jmeter.threads.JMeterThread.executeSamplePackage(JMeterThread.java:586) ~[ApacheJMeter_core.jar:5.6.3]
	at org.apache.jmeter.threads.JMeterThread.processSampler(JMeterThread.java:501) ~[ApacheJMeter_core.jar:5.6.3]
	at org.apache.jmeter.threads.JMeterThread.run(JMeterThread.java:268) ~[ApacheJMeter_core.jar:5.6.3]
	at java.base/java.lang.Thread.run(Thread.java:1583) [?:?]
Caused by: groovy.json.JsonException: Unable to determine the current character, it is not a string, number, array, or object

The current character read is '<' with an int value of 60
Unable to determine the current character, it is not a string, number, array, or object
line number 1
index number 0
<!DOCTYPE html>
^
	at org.apache.groovy.json.internal.JsonParserCharArray.decodeValueInternal(JsonParserCharArray.java:202) ~[groovy-json-3.0.20.jar:3.0.20]
	at org.apache.groovy.json.internal.JsonParserCharArray.decodeValue(JsonParserCharArray.java:153) ~[groovy-json-3.0.20.jar:3.0.20]
	at org.apache.groovy.json.internal.JsonParserCharArray.decodeFromChars(JsonParserCharArray.java:43) ~[groovy-json-3.0.20.jar:3.0.20]
	at org.apache.groovy.json.internal.JsonParserCharArray.parse(JsonParserCharArray.java:380) ~[groovy-json-3.0.20.jar:3.0.20]
	at org.apache.groovy.json.internal.BaseJsonParser.parse(BaseJsonParser.java:113) ~[groovy-json-3.0.20.jar:3.0.20]
	at groovy.json.JsonSlurper.parseText(JsonSlurper.java:204) ~[groovy-json-3.0.20.jar:3.0.20]
	at groovy.json.JsonSlurper$parseText.call(Unknown Source) ~[?:?]
	at Script5.run(Script5.groovy:1) ~[?:?]
	at org.codehaus.groovy.jsr223.GroovyScriptEngineImpl.eval(GroovyScriptEngineImpl.java:317) ~[groovy-jsr223-3.0.20.jar:3.0.20]
	... 10 more
2026-08-31 17:34:04,150 ERROR o.a.j.a.JSR223Assertion: Problem in JSR223 script: Validate coupon amounts
javax.script.ScriptException: groovy.json.JsonException: Unable to determine the current character, it is not a string, number, array, or object

The current character read is '<' with an int value of 60
Unable to determine the current character, it is not a string, number, array, or object
line number 1
index number 0
<!DOCTYPE html>
^
	at org.codehaus.groovy.jsr223.GroovyScriptEngineImpl.eval(GroovyScriptEngineImpl.java:320) ~[groovy-jsr223-3.0.20.jar:3.0.20]
	at org.codehaus.groovy.jsr223.GroovyCompiledScript.eval(GroovyCompiledScript.java:71) ~[groovy-jsr223-3.0.20.jar:3.0.20]
	at java.scripting/javax.script.CompiledScript.eval(CompiledScript.java:93) ~[java.scripting:?]
	at org.apache.jmeter.util.JSR223TestElement.processFileOrScript(JSR223TestElement.java:230) ~[ApacheJMeter_core.jar:5.6.3]
	at org.apache.jmeter.assertions.JSR223Assertion.getResult(JSR223Assertion.java:50) ~[ApacheJMeter_components.jar:5.6.3]
	at org.apache.jmeter.threads.JMeterThread.processAssertion(JMeterThread.java:949) ~[ApacheJMeter_core.jar:5.6.3]
	at org.apache.jmeter.threads.JMeterThread.checkAssertions(JMeterThread.java:918) ~[ApacheJMeter_core.jar:5.6.3]
	at org.apache.jmeter.threads.JMeterThread.executeSamplePackage(JMeterThread.java:586) ~[ApacheJMeter_core.jar:5.6.3]
	at org.apache.jmeter.threads.JMeterThread.processSampler(JMeterThread.java:501) ~[ApacheJMeter_core.jar:5.6.3]
	at org.apache.jmeter.threads.JMeterThread.run(JMeterThread.java:268) ~[ApacheJMeter_core.jar:5.6.3]
	at java.base/java.lang.Thread.run(Thread.java:1583) [?:?]
Caused by: groovy.json.JsonException: Unable to determine the current character, it is not a string, number, array, or object

The current character read is '<' with an int value of 60
Unable to determine the current character, it is not a string, number, array, or object
line number 1
index number 0
<!DOCTYPE html>
^
	at org.apache.groovy.json.internal.JsonParserCharArray.decodeValueInternal(JsonParserCharArray.java:202) ~[groovy-json-3.0.20.jar:3.0.20]
	at org.apache.groovy.json.internal.JsonParserCharArray.decodeValue(JsonParserCharArray.java:153) ~[groovy-json-3.0.20.jar:3.0.20]
	at org.apache.groovy.json.internal.JsonParserCharArray.decodeFromChars(JsonParserCharArray.java:43) ~[groovy-json-3.0.20.jar:3.0.20]
	at org.apache.groovy.json.internal.JsonParserCharArray.parse(JsonParserCharArray.java:380) ~[groovy-json-3.0.20.jar:3.0.20]
	at org.apache.groovy.json.internal.BaseJsonParser.parse(BaseJsonParser.java:113) ~[groovy-json-3.0.20.jar:3.0.20]
	at groovy.json.JsonSlurper.parseText(JsonSlurper.java:204) ~[groovy-json-3.0.20.jar:3.0.20]
	at groovy.json.JsonSlurper$parseText.call(Unknown Source) ~[?:?]
	at Script5.run(Script5.groovy:1) ~[?:?]
	at org.codehaus.groovy.jsr223.GroovyScriptEngineImpl.eval(GroovyScriptEngineImpl.java:317) ~[groovy-jsr223-3.0.20.jar:3.0.20]
	... 10 more
2026-08-31 17:34:04,614 ERROR o.a.j.a.JSR223Assertion: Problem in JSR223 script: Validate coupon amounts
javax.script.ScriptException: groovy.json.JsonException: Unable to determine the current character, it is not a string, number, array, or object

The current character read is '<' with an int value of 60
Unable to determine the current character, it is not a string, number, array, or object
line number 1
index number 0
<!DOCTYPE html>
^
	at org.codehaus.groovy.jsr223.GroovyScriptEngineImpl.eval(GroovyScriptEngineImpl.java:320) ~[groovy-jsr223-3.0.20.jar:3.0.20]
	at org.codehaus.groovy.jsr223.GroovyCompiledScript.eval(GroovyCompiledScript.java:71) ~[groovy-jsr223-3.0.20.jar:3.0.20]
	at java.scripting/javax.script.CompiledScript.eval(CompiledScript.java:93) ~[java.scripting:?]
	at org.apache.jmeter.util.JSR223TestElement.processFileOrScript(JSR223TestElement.java:230) ~[ApacheJMeter_core.jar:5.6.3]
	at org.apache.jmeter.assertions.JSR223Assertion.getResult(JSR223Assertion.java:50) ~[ApacheJMeter_components.jar:5.6.3]
	at org.apache.jmeter.threads.JMeterThread.processAssertion(JMeterThread.java:949) ~[ApacheJMeter_core.jar:5.6.3]
	at org.apache.jmeter.threads.JMeterThread.checkAssertions(JMeterThread.java:918) ~[ApacheJMeter_core.jar:5.6.3]
	at org.apache.jmeter.threads.JMeterThread.executeSamplePackage(JMeterThread.java:586) ~[ApacheJMeter_core.jar:5.6.3]
	at org.apache.jmeter.threads.JMeterThread.processSampler(JMeterThread.java:501) ~[ApacheJMeter_core.jar:5.6.3]
	at org.apache.jmeter.threads.JMeterThread.run(JMeterThread.java:268) ~[ApacheJMeter_core.jar:5.6.3]
	at java.base/java.lang.Thread.run(Thread.java:1583) [?:?]
Caused by: groovy.json.JsonException: Unable to determine the current character, it is not a string, number, array, or object

The current character read is '<' with an int value of 60
Unable to determine the current character, it is not a string, number, array, or object
line number 1
index number 0
<!DOCTYPE html>
^
	at org.apache.groovy.json.internal.JsonParserCharArray.decodeValueInternal(JsonParserCharArray.java:202) ~[groovy-json-3.0.20.jar:3.0.20]
	at org.apache.groovy.json.internal.JsonParserCharArray.decodeValue(JsonParserCharArray.java:153) ~[groovy-json-3.0.20.jar:3.0.20]
	at org.apache.groovy.json.internal.JsonParserCharArray.decodeFromChars(JsonParserCharArray.java:43) ~[groovy-json-3.0.20.jar:3.0.20]
	at org.apache.groovy.json.internal.JsonParserCharArray.parse(JsonParserCharArray.java:380) ~[groovy-json-3.0.20.jar:3.0.20]
	at org.apache.groovy.json.internal.BaseJsonParser.parse(BaseJsonParser.java:113) ~[groovy-json-3.0.20.jar:3.0.20]
	at groovy.json.JsonSlurper.parseText(JsonSlurper.java:204) ~[groovy-json-3.0.20.jar:3.0.20]
	at groovy.json.JsonSlurper$parseText.call(Unknown Source) ~[?:?]
	at Script5.run(Script5.groovy:1) ~[?:?]
	at org.codehaus.groovy.jsr223.GroovyScriptEngineImpl.eval(GroovyScriptEngineImpl.java:317) ~[groovy-jsr223-3.0.20.jar:3.0.20]
	... 10 more
2026-08-31 17:34:05,752 ERROR o.a.j.a.JSR223Assertion: Problem in JSR223 script: Validate coupon amounts
javax.script.ScriptException: groovy.json.JsonException: Unable to determine the current character, it is not a string, number, array, or object

The current character read is '<' with an int value of 60
Unable to determine the current character, it is not a string, number, array, or object
line number 1
index number 0
<!DOCTYPE html>
^
	at org.codehaus.groovy.jsr223.GroovyScriptEngineImpl.eval(GroovyScriptEngineImpl.java:320) ~[groovy-jsr223-3.0.20.jar:3.0.20]
	at org.codehaus.groovy.jsr223.GroovyCompiledScript.eval(GroovyCompiledScript.java:71) ~[groovy-jsr223-3.0.20.jar:3.0.20]
	at java.scripting/javax.script.CompiledScript.eval(CompiledScript.java:93) ~[java.scripting:?]
	at org.apache.jmeter.util.JSR223TestElement.processFileOrScript(JSR223TestElement.java:230) ~[ApacheJMeter_core.jar:5.6.3]
	at org.apache.jmeter.assertions.JSR223Assertion.getResult(JSR223Assertion.java:50) ~[ApacheJMeter_components.jar:5.6.3]
	at org.apache.jmeter.threads.JMeterThread.processAssertion(JMeterThread.java:949) ~[ApacheJMeter_core.jar:5.6.3]
	at org.apache.jmeter.threads.JMeterThread.checkAssertions(JMeterThread.java:918) ~[ApacheJMeter_core.jar:5.6.3]
	at org.apache.jmeter.threads.JMeterThread.executeSamplePackage(JMeterThread.java:586) ~[ApacheJMeter_core.jar:5.6.3]
	at org.apache.jmeter.threads.JMeterThread.processSampler(JMeterThread.java:501) ~[ApacheJMeter_core.jar:5.6.3]
	at org.apache.jmeter.threads.JMeterThread.run(JMeterThread.java:268) ~[ApacheJMeter_core.jar:5.6.3]
	at java.base/java.lang.Thread.run(Thread.java:1583) [?:?]
Caused by: groovy.json.JsonException: Unable to determine the current character, it is not a string, number, array, or object

The current character read is '<' with an int value of 60
Unable to determine the current character, it is not a string, number, array, or object
line number 1
index number 0
<!DOCTYPE html>
^
	at org.apache.groovy.json.internal.JsonParserCharArray.decodeValueInternal(JsonParserCharArray.java:202) ~[groovy-json-3.0.20.jar:3.0.20]
	at org.apache.groovy.json.internal.JsonParserCharArray.decodeValue(JsonParserCharArray.java:153) ~[groovy-json-3.0.20.jar:3.0.20]
	at org.apache.groovy.json.internal.JsonParserCharArray.decodeFromChars(JsonParserCharArray.java:43) ~[groovy-json-3.0.20.jar:3.0.20]
	at org.apache.groovy.json.internal.JsonParserCharArray.parse(JsonParserCharArray.java:380) ~[groovy-json-3.0.20.jar:3.0.20]
	at org.apache.groovy.json.internal.BaseJsonParser.parse(BaseJsonParser.java:113) ~[groovy-json-3.0.20.jar:3.0.20]
	at groovy.json.JsonSlurper.parseText(JsonSlurper.java:204) ~[groovy-json-3.0.20.jar:3.0.20]
	at groovy.json.JsonSlurper$parseText.call(Unknown Source) ~[?:?]
	at Script5.run(Script5.groovy:1) ~[?:?]
	at org.codehaus.groovy.jsr223.GroovyScriptEngineImpl.eval(GroovyScriptEngineImpl.java:317) ~[groovy-jsr223-3.0.20.jar:3.0.20]
	... 10 more
2026-08-31 17:34:06,077 ERROR o.a.j.a.JSR223Assertion: Problem in JSR223 script: Validate coupon amounts
javax.script.ScriptException: groovy.json.JsonException: Unable to determine the current character, it is not a string, number, array, or object

The current character read is '<' with an int value of 60
Unable to determine the current character, it is not a string, number, array, or object
line number 1
index number 0
<!DOCTYPE html>
^
	at org.codehaus.groovy.jsr223.GroovyScriptEngineImpl.eval(GroovyScriptEngineImpl.java:320) ~[groovy-jsr223-3.0.20.jar:3.0.20]
	at org.codehaus.groovy.jsr223.GroovyCompiledScript.eval(GroovyCompiledScript.java:71) ~[groovy-jsr223-3.0.20.jar:3.0.20]
	at java.scripting/javax.script.CompiledScript.eval(CompiledScript.java:93) ~[java.scripting:?]
	at org.apache.jmeter.util.JSR223TestElement.processFileOrScript(JSR223TestElement.java:230) ~[ApacheJMeter_core.jar:5.6.3]
	at org.apache.jmeter.assertions.JSR223Assertion.getResult(JSR223Assertion.java:50) ~[ApacheJMeter_components.jar:5.6.3]
	at org.apache.jmeter.threads.JMeterThread.processAssertion(JMeterThread.java:949) ~[ApacheJMeter_core.jar:5.6.3]
	at org.apache.jmeter.threads.JMeterThread.checkAssertions(JMeterThread.java:918) ~[ApacheJMeter_core.jar:5.6.3]
	at org.apache.jmeter.threads.JMeterThread.executeSamplePackage(JMeterThread.java:586) ~[ApacheJMeter_core.jar:5.6.3]
	at org.apache.jmeter.threads.JMeterThread.processSampler(JMeterThread.java:501) ~[ApacheJMeter_core.jar:5.6.3]
	at org.apache.jmeter.threads.JMeterThread.run(JMeterThread.java:268) ~[ApacheJMeter_core.jar:5.6.3]
	at java.base/java.lang.Thread.run(Thread.java:1583) [?:?]
Caused by: groovy.json.JsonException: Unable to determine the current character, it is not a string, number, array, or object

The current character read is '<' with an int value of 60
Unable to determine the current character, it is not a string, number, array, or object
line number 1
index number 0
<!DOCTYPE html>
^
	at org.apache.groovy.json.internal.JsonParserCharArray.decodeValueInternal(JsonParserCharArray.java:202) ~[groovy-json-3.0.20.jar:3.0.20]
	at org.apache.groovy.json.internal.JsonParserCharArray.decodeValue(JsonParserCharArray.java:153) ~[groovy-json-3.0.20.jar:3.0.20]
	at org.apache.groovy.json.internal.JsonParserCharArray.decodeFromChars(JsonParserCharArray.java:43) ~[groovy-json-3.0.20.jar:3.0.20]
	at org.apache.groovy.json.internal.JsonParserCharArray.parse(JsonParserCharArray.java:380) ~[groovy-json-3.0.20.jar:3.0.20]
	at org.apache.groovy.json.internal.BaseJsonParser.parse(BaseJsonParser.java:113) ~[groovy-json-3.0.20.jar:3.0.20]
	at groovy.json.JsonSlurper.parseText(JsonSlurper.java:204) ~[groovy-json-3.0.20.jar:3.0.20]
	at groovy.json.JsonSlurper$parseText.call(Unknown Source) ~[?:?]
	at Script5.run(Script5.groovy:1) ~[?:?]
	at org.codehaus.groovy.jsr223.GroovyScriptEngineImpl.eval(GroovyScriptEngineImpl.java:317) ~[groovy-jsr223-3.0.20.jar:3.0.20]
	... 10 more
2026-08-31 17:34:06,093 ERROR o.a.j.a.JSR223Assertion: Problem in JSR223 script: Validate coupon amounts
javax.script.ScriptException: groovy.json.JsonException: Unable to determine the current character, it is not a string, number, array, or object

The current character read is '<' with an int value of 60
Unable to determine the current character, it is not a string, number, array, or object
line number 1
index number 0
<!DOCTYPE html>
^
	at org.codehaus.groovy.jsr223.GroovyScriptEngineImpl.eval(GroovyScriptEngineImpl.java:320) ~[groovy-jsr223-3.0.20.jar:3.0.20]
	at org.codehaus.groovy.jsr223.GroovyCompiledScript.eval(GroovyCompiledScript.java:71) ~[groovy-jsr223-3.0.20.jar:3.0.20]
	at java.scripting/javax.script.CompiledScript.eval(CompiledScript.java:93) ~[java.scripting:?]
	at org.apache.jmeter.util.JSR223TestElement.processFileOrScript(JSR223TestElement.java:230) ~[ApacheJMeter_core.jar:5.6.3]
	at org.apache.jmeter.assertions.JSR223Assertion.getResult(JSR223Assertion.java:50) ~[ApacheJMeter_components.jar:5.6.3]
	at org.apache.jmeter.threads.JMeterThread.processAssertion(JMeterThread.java:949) ~[ApacheJMeter_core.jar:5.6.3]
	at org.apache.jmeter.threads.JMeterThread.checkAssertions(JMeterThread.java:918) ~[ApacheJMeter_core.jar:5.6.3]
	at org.apache.jmeter.threads.JMeterThread.executeSamplePackage(JMeterThread.java:586) ~[ApacheJMeter_core.jar:5.6.3]
	at org.apache.jmeter.threads.JMeterThread.processSampler(JMeterThread.java:501) ~[ApacheJMeter_core.jar:5.6.3]
	at org.apache.jmeter.threads.JMeterThread.run(JMeterThread.java:268) ~[ApacheJMeter_core.jar:5.6.3]
	at java.base/java.lang.Thread.run(Thread.java:1583) [?:?]
Caused by: groovy.json.JsonException: Unable to determine the current character, it is not a string, number, array, or object

The current character read is '<' with an int value of 60
Unable to determine the current character, it is not a string, number, array, or object
line number 1
index number 0
<!DOCTYPE html>
^
	at org.apache.groovy.json.internal.JsonParserCharArray.decodeValueInternal(JsonParserCharArray.java:202) ~[groovy-json-3.0.20.jar:3.0.20]
	at org.apache.groovy.json.internal.JsonParserCharArray.decodeValue(JsonParserCharArray.java:153) ~[groovy-json-3.0.20.jar:3.0.20]
	at org.apache.groovy.json.internal.JsonParserCharArray.decodeFromChars(JsonParserCharArray.java:43) ~[groovy-json-3.0.20.jar:3.0.20]
	at org.apache.groovy.json.internal.JsonParserCharArray.parse(JsonParserCharArray.java:380) ~[groovy-json-3.0.20.jar:3.0.20]
	at org.apache.groovy.json.internal.BaseJsonParser.parse(BaseJsonParser.java:113) ~[groovy-json-3.0.20.jar:3.0.20]
	at groovy.json.JsonSlurper.parseText(JsonSlurper.java:204) ~[groovy-json-3.0.20.jar:3.0.20]
	at groovy.json.JsonSlurper$parseText.call(Unknown Source) ~[?:?]
	at Script5.run(Script5.groovy:1) ~[?:?]
	at org.codehaus.groovy.jsr223.GroovyScriptEngineImpl.eval(GroovyScriptEngineImpl.java:317) ~[groovy-jsr223-3.0.20.jar:3.0.20]
	... 10 more
2026-08-31 17:34:06,393 ERROR o.a.j.a.JSR223Assertion: Problem in JSR223 script: Validate coupon amounts
javax.script.ScriptException: groovy.json.JsonException: Unable to determine the current character, it is not a string, number, array, or object

The current character read is '<' with an int value of 60
Unable to determine the current character, it is not a string, number, array, or object
line number 1
index number 0
<!DOCTYPE html>
^
	at org.codehaus.groovy.jsr223.GroovyScriptEngineImpl.eval(GroovyScriptEngineImpl.java:320) ~[groovy-jsr223-3.0.20.jar:3.0.20]
	at org.codehaus.groovy.jsr223.GroovyCompiledScript.eval(GroovyCompiledScript.java:71) ~[groovy-jsr223-3.0.20.jar:3.0.20]
	at java.scripting/javax.script.CompiledScript.eval(CompiledScript.java:93) ~[java.scripting:?]
	at org.apache.jmeter.util.JSR223TestElement.processFileOrScript(JSR223TestElement.java:230) ~[ApacheJMeter_core.jar:5.6.3]
	at org.apache.jmeter.assertions.JSR223Assertion.getResult(JSR223Assertion.java:50) ~[ApacheJMeter_components.jar:5.6.3]
	at org.apache.jmeter.threads.JMeterThread.processAssertion(JMeterThread.java:949) ~[ApacheJMeter_core.jar:5.6.3]
	at org.apache.jmeter.threads.JMeterThread.checkAssertions(JMeterThread.java:918) ~[ApacheJMeter_core.jar:5.6.3]
	at org.apache.jmeter.threads.JMeterThread.executeSamplePackage(JMeterThread.java:586) ~[ApacheJMeter_core.jar:5.6.3]
	at org.apache.jmeter.threads.JMeterThread.processSampler(JMeterThread.java:501) ~[ApacheJMeter_core.jar:5.6.3]
	at org.apache.jmeter.threads.JMeterThread.run(JMeterThread.java:268) ~[ApacheJMeter_core.jar:5.6.3]
	at java.base/java.lang.Thread.run(Thread.java:1583) [?:?]
Caused by: groovy.json.JsonException: Unable to determine the current character, it is not a string, number, array, or object

The current character read is '<' with an int value of 60
Unable to determine the current character, it is not a string, number, array, or object
line number 1
index number 0
<!DOCTYPE html>
^
	at org.apache.groovy.json.internal.JsonParserCharArray.decodeValueInternal(JsonParserCharArray.java:202) ~[groovy-json-3.0.20.jar:3.0.20]
	at org.apache.groovy.json.internal.JsonParserCharArray.decodeValue(JsonParserCharArray.java:153) ~[groovy-json-3.0.20.jar:3.0.20]
	at org.apache.groovy.json.internal.JsonParserCharArray.decodeFromChars(JsonParserCharArray.java:43) ~[groovy-json-3.0.20.jar:3.0.20]
	at org.apache.groovy.json.internal.JsonParserCharArray.parse(JsonParserCharArray.java:380) ~[groovy-json-3.0.20.jar:3.0.20]
	at org.apache.groovy.json.internal.BaseJsonParser.parse(BaseJsonParser.java:113) ~[groovy-json-3.0.20.jar:3.0.20]
	at groovy.json.JsonSlurper.parseText(JsonSlurper.java:204) ~[groovy-json-3.0.20.jar:3.0.20]
	at groovy.json.JsonSlurper$parseText.call(Unknown Source) ~[?:?]
	at Script5.run(Script5.groovy:1) ~[?:?]
	at org.codehaus.groovy.jsr223.GroovyScriptEngineImpl.eval(GroovyScriptEngineImpl.java:317) ~[groovy-jsr223-3.0.20.jar:3.0.20]
	... 10 more
2026-08-31 17:34:06,693 ERROR o.a.j.a.JSR223Assertion: Problem in JSR223 script: Validate coupon amounts
javax.script.ScriptException: groovy.json.JsonException: Unable to determine the current character, it is not a string, number, array, or object

The current character read is '<' with an int value of 60
Unable to determine the current character, it is not a string, number, array, or object
line number 1
index number 0
<!DOCTYPE html>
^
	at org.codehaus.groovy.jsr223.GroovyScriptEngineImpl.eval(GroovyScriptEngineImpl.java:320) ~[groovy-jsr223-3.0.20.jar:3.0.20]
	at org.codehaus.groovy.jsr223.GroovyCompiledScript.eval(GroovyCompiledScript.java:71) ~[groovy-jsr223-3.0.20.jar:3.0.20]
	at java.scripting/javax.script.CompiledScript.eval(CompiledScript.java:93) ~[java.scripting:?]
	at org.apache.jmeter.util.JSR223TestElement.processFileOrScript(JSR223TestElement.java:230) ~[ApacheJMeter_core.jar:5.6.3]
	at org.apache.jmeter.assertions.JSR223Assertion.getResult(JSR223Assertion.java:50) ~[ApacheJMeter_components.jar:5.6.3]
	at org.apache.jmeter.threads.JMeterThread.processAssertion(JMeterThread.java:949) ~[ApacheJMeter_core.jar:5.6.3]
	at org.apache.jmeter.threads.JMeterThread.checkAssertions(JMeterThread.java:918) ~[ApacheJMeter_core.jar:5.6.3]
	at org.apache.jmeter.threads.JMeterThread.executeSamplePackage(JMeterThread.java:586) ~[ApacheJMeter_core.jar:5.6.3]
	at org.apache.jmeter.threads.JMeterThread.processSampler(JMeterThread.java:501) ~[ApacheJMeter_core.jar:5.6.3]
	at org.apache.jmeter.threads.JMeterThread.run(JMeterThread.java:268) ~[ApacheJMeter_core.jar:5.6.3]
	at java.base/java.lang.Thread.run(Thread.java:1583) [?:?]
Caused by: groovy.json.JsonException: Unable to determine the current character, it is not a string, number, array, or object

The current character read is '<' with an int value of 60
Unable to determine the current character, it is not a string, number, array, or object
line number 1
index number 0
<!DOCTYPE html>
^
	at org.apache.groovy.json.internal.JsonParserCharArray.decodeValueInternal(JsonParserCharArray.java:202) ~[groovy-json-3.0.20.jar:3.0.20]
	at org.apache.groovy.json.internal.JsonParserCharArray.decodeValue(JsonParserCharArray.java:153) ~[groovy-json-3.0.20.jar:3.0.20]
	at org.apache.groovy.json.internal.JsonParserCharArray.decodeFromChars(JsonParserCharArray.java:43) ~[groovy-json-3.0.20.jar:3.0.20]
	at org.apache.groovy.json.internal.JsonParserCharArray.parse(JsonParserCharArray.java:380) ~[groovy-json-3.0.20.jar:3.0.20]
	at org.apache.groovy.json.internal.BaseJsonParser.parse(BaseJsonParser.java:113) ~[groovy-json-3.0.20.jar:3.0.20]
	at groovy.json.JsonSlurper.parseText(JsonSlurper.java:204) ~[groovy-json-3.0.20.jar:3.0.20]
	at groovy.json.JsonSlurper$parseText.call(Unknown Source) ~[?:?]
	at Script5.run(Script5.groovy:1) ~[?:?]
	at org.codehaus.groovy.jsr223.GroovyScriptEngineImpl.eval(GroovyScriptEngineImpl.java:317) ~[groovy-jsr223-3.0.20.jar:3.0.20]
	... 10 more
2026-08-31 17:34:07,042 ERROR o.a.j.a.JSR223Assertion: Problem in JSR223 script: Validate coupon amounts
javax.script.ScriptException: groovy.json.JsonException: Unable to determine the current character, it is not a string, number, array, or object

The current character read is '<' with an int value of 60
Unable to determine the current character, it is not a string, number, array, or object
line number 1
index number 0
<!DOCTYPE html>
^
	at org.codehaus.groovy.jsr223.GroovyScriptEngineImpl.eval(GroovyScriptEngineImpl.java:320) ~[groovy-jsr223-3.0.20.jar:3.0.20]
	at org.codehaus.groovy.jsr223.GroovyCompiledScript.eval(GroovyCompiledScript.java:71) ~[groovy-jsr223-3.0.20.jar:3.0.20]
	at java.scripting/javax.script.CompiledScript.eval(CompiledScript.java:93) ~[java.scripting:?]
	at org.apache.jmeter.util.JSR223TestElement.processFileOrScript(JSR223TestElement.java:230) ~[ApacheJMeter_core.jar:5.6.3]
	at org.apache.jmeter.assertions.JSR223Assertion.getResult(JSR223Assertion.java:50) ~[ApacheJMeter_components.jar:5.6.3]
	at org.apache.jmeter.threads.JMeterThread.processAssertion(JMeterThread.java:949) ~[ApacheJMeter_core.jar:5.6.3]
	at org.apache.jmeter.threads.JMeterThread.checkAssertions(JMeterThread.java:918) ~[ApacheJMeter_core.jar:5.6.3]
	at org.apache.jmeter.threads.JMeterThread.executeSamplePackage(JMeterThread.java:586) ~[ApacheJMeter_core.jar:5.6.3]
	at org.apache.jmeter.threads.JMeterThread.processSampler(JMeterThread.java:501) ~[ApacheJMeter_core.jar:5.6.3]
	at org.apache.jmeter.threads.JMeterThread.run(JMeterThread.java:268) ~[ApacheJMeter_core.jar:5.6.3]
	at java.base/java.lang.Thread.run(Thread.java:1583) [?:?]
Caused by: groovy.json.JsonException: Unable to determine the current character, it is not a string, number, array, or object

The current character read is '<' with an int value of 60
Unable to determine the current character, it is not a string, number, array, or object
line number 1
index number 0
<!DOCTYPE html>
^
	at org.apache.groovy.json.internal.JsonParserCharArray.decodeValueInternal(JsonParserCharArray.java:202) ~[groovy-json-3.0.20.jar:3.0.20]
	at org.apache.groovy.json.internal.JsonParserCharArray.decodeValue(JsonParserCharArray.java:153) ~[groovy-json-3.0.20.jar:3.0.20]
	at org.apache.groovy.json.internal.JsonParserCharArray.decodeFromChars(JsonParserCharArray.java:43) ~[groovy-json-3.0.20.jar:3.0.20]
	at org.apache.groovy.json.internal.JsonParserCharArray.parse(JsonParserCharArray.java:380) ~[groovy-json-3.0.20.jar:3.0.20]
	at org.apache.groovy.json.internal.BaseJsonParser.parse(BaseJsonParser.java:113) ~[groovy-json-3.0.20.jar:3.0.20]
	at groovy.json.JsonSlurper.parseText(JsonSlurper.java:204) ~[groovy-json-3.0.20.jar:3.0.20]
	at groovy.json.JsonSlurper$parseText.call(Unknown Source) ~[?:?]
	at Script5.run(Script5.groovy:1) ~[?:?]
	at org.codehaus.groovy.jsr223.GroovyScriptEngineImpl.eval(GroovyScriptEngineImpl.java:317) ~[groovy-jsr223-3.0.20.jar:3.0.20]
	... 10 more
2026-08-31 17:34:08,053 ERROR o.a.j.a.JSR223Assertion: Problem in JSR223 script: Validate coupon amounts
javax.script.ScriptException: groovy.json.JsonException: Unable to determine the current character, it is not a string, number, array, or object

The current character read is '<' with an int value of 60
Unable to determine the current character, it is not a string, number, array, or object
line number 1
index number 0
<!DOCTYPE html>
^
	at org.codehaus.groovy.jsr223.GroovyScriptEngineImpl.eval(GroovyScriptEngineImpl.java:320) ~[groovy-jsr223-3.0.20.jar:3.0.20]
	at org.codehaus.groovy.jsr223.GroovyCompiledScript.eval(GroovyCompiledScript.java:71) ~[groovy-jsr223-3.0.20.jar:3.0.20]
	at java.scripting/javax.script.CompiledScript.eval(CompiledScript.java:93) ~[java.scripting:?]
	at org.apache.jmeter.util.JSR223TestElement.processFileOrScript(JSR223TestElement.java:230) ~[ApacheJMeter_core.jar:5.6.3]
	at org.apache.jmeter.assertions.JSR223Assertion.getResult(JSR223Assertion.java:50) ~[ApacheJMeter_components.jar:5.6.3]
	at org.apache.jmeter.threads.JMeterThread.processAssertion(JMeterThread.java:949) ~[ApacheJMeter_core.jar:5.6.3]
	at org.apache.jmeter.threads.JMeterThread.checkAssertions(JMeterThread.java:918) ~[ApacheJMeter_core.jar:5.6.3]
	at org.apache.jmeter.threads.JMeterThread.executeSamplePackage(JMeterThread.java:586) ~[ApacheJMeter_core.jar:5.6.3]
	at org.apache.jmeter.threads.JMeterThread.processSampler(JMeterThread.java:501) ~[ApacheJMeter_core.jar:5.6.3]
	at org.apache.jmeter.threads.JMeterThread.run(JMeterThread.java:268) ~[ApacheJMeter_core.jar:5.6.3]
	at java.base/java.lang.Thread.run(Thread.java:1583) [?:?]
Caused by: groovy.json.JsonException: Unable to determine the current character, it is not a string, number, array, or object

The current character read is '<' with an int value of 60
Unable to determine the current character, it is not a string, number, array, or object
line number 1
index number 0
<!DOCTYPE html>
^
	at org.apache.groovy.json.internal.JsonParserCharArray.decodeValueInternal(JsonParserCharArray.java:202) ~[groovy-json-3.0.20.jar:3.0.20]
	at org.apache.groovy.json.internal.JsonParserCharArray.decodeValue(JsonParserCharArray.java:153) ~[groovy-json-3.0.20.jar:3.0.20]
	at org.apache.groovy.json.internal.JsonParserCharArray.decodeFromChars(JsonParserCharArray.java:43) ~[groovy-json-3.0.20.jar:3.0.20]
	at org.apache.groovy.json.internal.JsonParserCharArray.parse(JsonParserCharArray.java:380) ~[groovy-json-3.0.20.jar:3.0.20]
	at org.apache.groovy.json.internal.BaseJsonParser.parse(BaseJsonParser.java:113) ~[groovy-json-3.0.20.jar:3.0.20]
	at groovy.json.JsonSlurper.parseText(JsonSlurper.java:204) ~[groovy-json-3.0.20.jar:3.0.20]
	at groovy.json.JsonSlurper$parseText.call(Unknown Source) ~[?:?]
	at Script5.run(Script5.groovy:1) ~[?:?]
	at org.codehaus.groovy.jsr223.GroovyScriptEngineImpl.eval(GroovyScriptEngineImpl.java:317) ~[groovy-jsr223-3.0.20.jar:3.0.20]
	... 10 more
2026-08-31 17:34:08,166 ERROR o.a.j.a.JSR223Assertion: Problem in JSR223 script: Validate coupon amounts
javax.script.ScriptException: groovy.json.JsonException: Unable to determine the current character, it is not a string, number, array, or object

The current character read is '<' with an int value of 60
Unable to determine the current character, it is not a string, number, array, or object
line number 1
index number 0
<!DOCTYPE html>
^
	at org.codehaus.groovy.jsr223.GroovyScriptEngineImpl.eval(GroovyScriptEngineImpl.java:320) ~[groovy-jsr223-3.0.20.jar:3.0.20]
	at org.codehaus.groovy.jsr223.GroovyCompiledScript.eval(GroovyCompiledScript.java:71) ~[groovy-jsr223-3.0.20.jar:3.0.20]
	at java.scripting/javax.script.CompiledScript.eval(CompiledScript.java:93) ~[java.scripting:?]
	at org.apache.jmeter.util.JSR223TestElement.processFileOrScript(JSR223TestElement.java:230) ~[ApacheJMeter_core.jar:5.6.3]
	at org.apache.jmeter.assertions.JSR223Assertion.getResult(JSR223Assertion.java:50) ~[ApacheJMeter_components.jar:5.6.3]
	at org.apache.jmeter.threads.JMeterThread.processAssertion(JMeterThread.java:949) ~[ApacheJMeter_core.jar:5.6.3]
	at org.apache.jmeter.threads.JMeterThread.checkAssertions(JMeterThread.java:918) ~[ApacheJMeter_core.jar:5.6.3]
	at org.apache.jmeter.threads.JMeterThread.executeSamplePackage(JMeterThread.java:586) ~[ApacheJMeter_core.jar:5.6.3]
	at org.apache.jmeter.threads.JMeterThread.processSampler(JMeterThread.java:501) ~[ApacheJMeter_core.jar:5.6.3]
	at org.apache.jmeter.threads.JMeterThread.run(JMeterThread.java:268) ~[ApacheJMeter_core.jar:5.6.3]
	at java.base/java.lang.Thread.run(Thread.java:1583) [?:?]
Caused by: groovy.json.JsonException: Unable to determine the current character, it is not a string, number, array, or object

The current character read is '<' with an int value of 60
Unable to determine the current character, it is not a string, number, array, or object
line number 1
index number 0
<!DOCTYPE html>
^
	at org.apache.groovy.json.internal.JsonParserCharArray.decodeValueInternal(JsonParserCharArray.java:202) ~[groovy-json-3.0.20.jar:3.0.20]
	at org.apache.groovy.json.internal.JsonParserCharArray.decodeValue(JsonParserCharArray.java:153) ~[groovy-json-3.0.20.jar:3.0.20]
	at org.apache.groovy.json.internal.JsonParserCharArray.decodeFromChars(JsonParserCharArray.java:43) ~[groovy-json-3.0.20.jar:3.0.20]
	at org.apache.groovy.json.internal.JsonParserCharArray.parse(JsonParserCharArray.java:380) ~[groovy-json-3.0.20.jar:3.0.20]
	at org.apache.groovy.json.internal.BaseJsonParser.parse(BaseJsonParser.java:113) ~[groovy-json-3.0.20.jar:3.0.20]
	at groovy.json.JsonSlurper.parseText(JsonSlurper.java:204) ~[groovy-json-3.0.20.jar:3.0.20]
	at groovy.json.JsonSlurper$parseText.call(Unknown Source) ~[?:?]
	at Script5.run(Script5.groovy:1) ~[?:?]
	at org.codehaus.groovy.jsr223.GroovyScriptEngineImpl.eval(GroovyScriptEngineImpl.java:317) ~[groovy-jsr223-3.0.20.jar:3.0.20]
	... 10 more
2026-08-31 17:34:08,222 ERROR o.a.j.a.JSR223Assertion: Problem in JSR223 script: Validate coupon amounts
javax.script.ScriptException: groovy.json.JsonException: Unable to determine the current character, it is not a string, number, array, or object

The current character read is '<' with an int value of 60
Unable to determine the current character, it is not a string, number, array, or object
line number 1
index number 0
<!DOCTYPE html>
^
	at org.codehaus.groovy.jsr223.GroovyScriptEngineImpl.eval(GroovyScriptEngineImpl.java:320) ~[groovy-jsr223-3.0.20.jar:3.0.20]
	at org.codehaus.groovy.jsr223.GroovyCompiledScript.eval(GroovyCompiledScript.java:71) ~[groovy-jsr223-3.0.20.jar:3.0.20]
	at java.scripting/javax.script.CompiledScript.eval(CompiledScript.java:93) ~[java.scripting:?]
	at org.apache.jmeter.util.JSR223TestElement.processFileOrScript(JSR223TestElement.java:230) ~[ApacheJMeter_core.jar:5.6.3]
	at org.apache.jmeter.assertions.JSR223Assertion.getResult(JSR223Assertion.java:50) ~[ApacheJMeter_components.jar:5.6.3]
	at org.apache.jmeter.threads.JMeterThread.processAssertion(JMeterThread.java:949) ~[ApacheJMeter_core.jar:5.6.3]
	at org.apache.jmeter.threads.JMeterThread.checkAssertions(JMeterThread.java:918) ~[ApacheJMeter_core.jar:5.6.3]
	at org.apache.jmeter.threads.JMeterThread.executeSamplePackage(JMeterThread.java:586) ~[ApacheJMeter_core.jar:5.6.3]
	at org.apache.jmeter.threads.JMeterThread.processSampler(JMeterThread.java:501) ~[ApacheJMeter_core.jar:5.6.3]
	at org.apache.jmeter.threads.JMeterThread.run(JMeterThread.java:268) ~[ApacheJMeter_core.jar:5.6.3]
	at java.base/java.lang.Thread.run(Thread.java:1583) [?:?]
Caused by: groovy.json.JsonException: Unable to determine the current character, it is not a string, number, array, or object

The current character read is '<' with an int value of 60
Unable to determine the current character, it is not a string, number, array, or object
line number 1
index number 0
<!DOCTYPE html>
^
	at org.apache.groovy.json.internal.JsonParserCharArray.decodeValueInternal(JsonParserCharArray.java:202) ~[groovy-json-3.0.20.jar:3.0.20]
	at org.apache.groovy.json.internal.JsonParserCharArray.decodeValue(JsonParserCharArray.java:153) ~[groovy-json-3.0.20.jar:3.0.20]
	at org.apache.groovy.json.internal.JsonParserCharArray.decodeFromChars(JsonParserCharArray.java:43) ~[groovy-json-3.0.20.jar:3.0.20]
	at org.apache.groovy.json.internal.JsonParserCharArray.parse(JsonParserCharArray.java:380) ~[groovy-json-3.0.20.jar:3.0.20]
	at org.apache.groovy.json.internal.BaseJsonParser.parse(BaseJsonParser.java:113) ~[groovy-json-3.0.20.jar:3.0.20]
	at groovy.json.JsonSlurper.parseText(JsonSlurper.java:204) ~[groovy-json-3.0.20.jar:3.0.20]
	at groovy.json.JsonSlurper$parseText.call(Unknown Source) ~[?:?]
	at Script5.run(Script5.groovy:1) ~[?:?]
	at org.codehaus.groovy.jsr223.GroovyScriptEngineImpl.eval(GroovyScriptEngineImpl.java:317) ~[groovy-jsr223-3.0.20.jar:3.0.20]
	... 10 more
2026-08-31 17:34:08,315 ERROR o.a.j.a.JSR223Assertion: Problem in JSR223 script: Validate coupon amounts
javax.script.ScriptException: groovy.json.JsonException: Unable to determine the current character, it is not a string, number, array, or object

The current character read is '<' with an int value of 60
Unable to determine the current character, it is not a string, number, array, or object
line number 1
index number 0
<!DOCTYPE html>
^
	at org.codehaus.groovy.jsr223.GroovyScriptEngineImpl.eval(GroovyScriptEngineImpl.java:320) ~[groovy-jsr223-3.0.20.jar:3.0.20]
	at org.codehaus.groovy.jsr223.GroovyCompiledScript.eval(GroovyCompiledScript.java:71) ~[groovy-jsr223-3.0.20.jar:3.0.20]
	at java.scripting/javax.script.CompiledScript.eval(CompiledScript.java:93) ~[java.scripting:?]
	at org.apache.jmeter.util.JSR223TestElement.processFileOrScript(JSR223TestElement.java:230) ~[ApacheJMeter_core.jar:5.6.3]
	at org.apache.jmeter.assertions.JSR223Assertion.getResult(JSR223Assertion.java:50) ~[ApacheJMeter_components.jar:5.6.3]
	at org.apache.jmeter.threads.JMeterThread.processAssertion(JMeterThread.java:949) ~[ApacheJMeter_core.jar:5.6.3]
	at org.apache.jmeter.threads.JMeterThread.checkAssertions(JMeterThread.java:918) ~[ApacheJMeter_core.jar:5.6.3]
	at org.apache.jmeter.threads.JMeterThread.executeSamplePackage(JMeterThread.java:586) ~[ApacheJMeter_core.jar:5.6.3]
	at org.apache.jmeter.threads.JMeterThread.processSampler(JMeterThread.java:501) ~[ApacheJMeter_core.jar:5.6.3]
	at org.apache.jmeter.threads.JMeterThread.run(JMeterThread.java:268) ~[ApacheJMeter_core.jar:5.6.3]
	at java.base/java.lang.Thread.run(Thread.java:1583) [?:?]
Caused by: groovy.json.JsonException: Unable to determine the current character, it is not a string, number, array, or object

The current character read is '<' with an int value of 60
Unable to determine the current character, it is not a string, number, array, or object
line number 1
index number 0
<!DOCTYPE html>
^
	at org.apache.groovy.json.internal.JsonParserCharArray.decodeValueInternal(JsonParserCharArray.java:202) ~[groovy-json-3.0.20.jar:3.0.20]
	at org.apache.groovy.json.internal.JsonParserCharArray.decodeValue(JsonParserCharArray.java:153) ~[groovy-json-3.0.20.jar:3.0.20]
	at org.apache.groovy.json.internal.JsonParserCharArray.decodeFromChars(JsonParserCharArray.java:43) ~[groovy-json-3.0.20.jar:3.0.20]
	at org.apache.groovy.json.internal.JsonParserCharArray.parse(JsonParserCharArray.java:380) ~[groovy-json-3.0.20.jar:3.0.20]
	at org.apache.groovy.json.internal.BaseJsonParser.parse(BaseJsonParser.java:113) ~[groovy-json-3.0.20.jar:3.0.20]
	at groovy.json.JsonSlurper.parseText(JsonSlurper.java:204) ~[groovy-json-3.0.20.jar:3.0.20]
	at groovy.json.JsonSlurper$parseText.call(Unknown Source) ~[?:?]
	at Script5.run(Script5.groovy:1) ~[?:?]
	at org.codehaus.groovy.jsr223.GroovyScriptEngineImpl.eval(GroovyScriptEngineImpl.java:317) ~[groovy-jsr223-3.0.20.jar:3.0.20]
	... 10 more
2026-08-31 17:34:08,418 ERROR o.a.j.a.JSR223Assertion: Problem in JSR223 script: Validate coupon amounts
javax.script.ScriptException: groovy.json.JsonException: Unable to determine the current character, it is not a string, number, array, or object

The current character read is '<' with an int value of 60
Unable to determine the current character, it is not a string, number, array, or object
line number 1
index number 0
<!DOCTYPE html>
^
	at org.codehaus.groovy.jsr223.GroovyScriptEngineImpl.eval(GroovyScriptEngineImpl.java:320) ~[groovy-jsr223-3.0.20.jar:3.0.20]
	at org.codehaus.groovy.jsr223.GroovyCompiledScript.eval(GroovyCompiledScript.java:71) ~[groovy-jsr223-3.0.20.jar:3.0.20]
	at java.scripting/javax.script.CompiledScript.eval(CompiledScript.java:93) ~[java.scripting:?]
	at org.apache.jmeter.util.JSR223TestElement.processFileOrScript(JSR223TestElement.java:230) ~[ApacheJMeter_core.jar:5.6.3]
	at org.apache.jmeter.assertions.JSR223Assertion.getResult(JSR223Assertion.java:50) ~[ApacheJMeter_components.jar:5.6.3]
	at org.apache.jmeter.threads.JMeterThread.processAssertion(JMeterThread.java:949) ~[ApacheJMeter_core.jar:5.6.3]
	at org.apache.jmeter.threads.JMeterThread.checkAssertions(JMeterThread.java:918) ~[ApacheJMeter_core.jar:5.6.3]
	at org.apache.jmeter.threads.JMeterThread.executeSamplePackage(JMeterThread.java:586) ~[ApacheJMeter_core.jar:5.6.3]
	at org.apache.jmeter.threads.JMeterThread.processSampler(JMeterThread.java:501) ~[ApacheJMeter_core.jar:5.6.3]
	at org.apache.jmeter.threads.JMeterThread.run(JMeterThread.java:268) ~[ApacheJMeter_core.jar:5.6.3]
	at java.base/java.lang.Thread.run(Thread.java:1583) [?:?]
Caused by: groovy.json.JsonException: Unable to determine the current character, it is not a string, number, array, or object

The current character read is '<' with an int value of 60
Unable to determine the current character, it is not a string, number, array, or object
line number 1
index number 0
<!DOCTYPE html>
^
	at org.apache.groovy.json.internal.JsonParserCharArray.decodeValueInternal(JsonParserCharArray.java:202) ~[groovy-json-3.0.20.jar:3.0.20]
	at org.apache.groovy.json.internal.JsonParserCharArray.decodeValue(JsonParserCharArray.java:153) ~[groovy-json-3.0.20.jar:3.0.20]
	at org.apache.groovy.json.internal.JsonParserCharArray.decodeFromChars(JsonParserCharArray.java:43) ~[groovy-json-3.0.20.jar:3.0.20]
	at org.apache.groovy.json.internal.JsonParserCharArray.parse(JsonParserCharArray.java:380) ~[groovy-json-3.0.20.jar:3.0.20]
	at org.apache.groovy.json.internal.BaseJsonParser.parse(BaseJsonParser.java:113) ~[groovy-json-3.0.20.jar:3.0.20]
	at groovy.json.JsonSlurper.parseText(JsonSlurper.java:204) ~[groovy-json-3.0.20.jar:3.0.20]
	at groovy.json.JsonSlurper$parseText.call(Unknown Source) ~[?:?]
	at Script5.run(Script5.groovy:1) ~[?:?]
	at org.codehaus.groovy.jsr223.GroovyScriptEngineImpl.eval(GroovyScriptEngineImpl.java:317) ~[groovy-jsr223-3.0.20.jar:3.0.20]
	... 10 more
2026-08-31 17:34:09,416 ERROR o.a.j.a.JSR223Assertion: Problem in JSR223 script: Validate coupon amounts
javax.script.ScriptException: groovy.json.JsonException: Unable to determine the current character, it is not a string, number, array, or object

The current character read is '<' with an int value of 60
Unable to determine the current character, it is not a string, number, array, or object
line number 1
index number 0
<!DOCTYPE html>
^
	at org.codehaus.groovy.jsr223.GroovyScriptEngineImpl.eval(GroovyScriptEngineImpl.java:320) ~[groovy-jsr223-3.0.20.jar:3.0.20]
	at org.codehaus.groovy.jsr223.GroovyCompiledScript.eval(GroovyCompiledScript.java:71) ~[groovy-jsr223-3.0.20.jar:3.0.20]
	at java.scripting/javax.script.CompiledScript.eval(CompiledScript.java:93) ~[java.scripting:?]
	at org.apache.jmeter.util.JSR223TestElement.processFileOrScript(JSR223TestElement.java:230) ~[ApacheJMeter_core.jar:5.6.3]
	at org.apache.jmeter.assertions.JSR223Assertion.getResult(JSR223Assertion.java:50) ~[ApacheJMeter_components.jar:5.6.3]
	at org.apache.jmeter.threads.JMeterThread.processAssertion(JMeterThread.java:949) ~[ApacheJMeter_core.jar:5.6.3]
	at org.apache.jmeter.threads.JMeterThread.checkAssertions(JMeterThread.java:918) ~[ApacheJMeter_core.jar:5.6.3]
	at org.apache.jmeter.threads.JMeterThread.executeSamplePackage(JMeterThread.java:586) ~[ApacheJMeter_core.jar:5.6.3]
	at org.apache.jmeter.threads.JMeterThread.processSampler(JMeterThread.java:501) ~[ApacheJMeter_core.jar:5.6.3]
	at org.apache.jmeter.threads.JMeterThread.run(JMeterThread.java:268) ~[ApacheJMeter_core.jar:5.6.3]
	at java.base/java.lang.Thread.run(Thread.java:1583) [?:?]
Caused by: groovy.json.JsonException: Unable to determine the current character, it is not a string, number, array, or object

The current character read is '<' with an int value of 60
Unable to determine the current character, it is not a string, number, array, or object
line number 1
index number 0
<!DOCTYPE html>
^
	at org.apache.groovy.json.internal.JsonParserCharArray.decodeValueInternal(JsonParserCharArray.java:202) ~[groovy-json-3.0.20.jar:3.0.20]
	at org.apache.groovy.json.internal.JsonParserCharArray.decodeValue(JsonParserCharArray.java:153) ~[groovy-json-3.0.20.jar:3.0.20]
	at org.apache.groovy.json.internal.JsonParserCharArray.decodeFromChars(JsonParserCharArray.java:43) ~[groovy-json-3.0.20.jar:3.0.20]
	at org.apache.groovy.json.internal.JsonParserCharArray.parse(JsonParserCharArray.java:380) ~[groovy-json-3.0.20.jar:3.0.20]
	at org.apache.groovy.json.internal.BaseJsonParser.parse(BaseJsonParser.java:113) ~[groovy-json-3.0.20.jar:3.0.20]
	at groovy.json.JsonSlurper.parseText(JsonSlurper.java:204) ~[groovy-json-3.0.20.jar:3.0.20]
	at groovy.json.JsonSlurper$parseText.call(Unknown Source) ~[?:?]
	at Script5.run(Script5.groovy:1) ~[?:?]
	at org.codehaus.groovy.jsr223.GroovyScriptEngineImpl.eval(GroovyScriptEngineImpl.java:317) ~[groovy-jsr223-3.0.20.jar:3.0.20]
	... 10 more
2026-08-31 17:34:10,201 ERROR o.a.j.a.JSR223Assertion: Problem in JSR223 script: Validate coupon amounts
javax.script.ScriptException: groovy.json.JsonException: Unable to determine the current character, it is not a string, number, array, or object

The current character read is '<' with an int value of 60
Unable to determine the current character, it is not a string, number, array, or object
line number 1
index number 0
<!DOCTYPE html>
^
	at org.codehaus.groovy.jsr223.GroovyScriptEngineImpl.eval(GroovyScriptEngineImpl.java:320) ~[groovy-jsr223-3.0.20.jar:3.0.20]
	at org.codehaus.groovy.jsr223.GroovyCompiledScript.eval(GroovyCompiledScript.java:71) ~[groovy-jsr223-3.0.20.jar:3.0.20]
	at java.scripting/javax.script.CompiledScript.eval(CompiledScript.java:93) ~[java.scripting:?]
	at org.apache.jmeter.util.JSR223TestElement.processFileOrScript(JSR223TestElement.java:230) ~[ApacheJMeter_core.jar:5.6.3]
	at org.apache.jmeter.assertions.JSR223Assertion.getResult(JSR223Assertion.java:50) ~[ApacheJMeter_components.jar:5.6.3]
	at org.apache.jmeter.threads.JMeterThread.processAssertion(JMeterThread.java:949) ~[ApacheJMeter_core.jar:5.6.3]
	at org.apache.jmeter.threads.JMeterThread.checkAssertions(JMeterThread.java:918) ~[ApacheJMeter_core.jar:5.6.3]
	at org.apache.jmeter.threads.JMeterThread.executeSamplePackage(JMeterThread.java:586) ~[ApacheJMeter_core.jar:5.6.3]
	at org.apache.jmeter.threads.JMeterThread.processSampler(JMeterThread.java:501) ~[ApacheJMeter_core.jar:5.6.3]
	at org.apache.jmeter.threads.JMeterThread.run(JMeterThread.java:268) ~[ApacheJMeter_core.jar:5.6.3]
	at java.base/java.lang.Thread.run(Thread.java:1583) [?:?]
Caused by: groovy.json.JsonException: Unable to determine the current character, it is not a string, number, array, or object

The current character read is '<' with an int value of 60
Unable to determine the current character, it is not a string, number, array, or object
line number 1
index number 0
<!DOCTYPE html>
^
	at org.apache.groovy.json.internal.JsonParserCharArray.decodeValueInternal(JsonParserCharArray.java:202) ~[groovy-json-3.0.20.jar:3.0.20]
	at org.apache.groovy.json.internal.JsonParserCharArray.decodeValue(JsonParserCharArray.java:153) ~[groovy-json-3.0.20.jar:3.0.20]
	at org.apache.groovy.json.internal.JsonParserCharArray.decodeFromChars(JsonParserCharArray.java:43) ~[groovy-json-3.0.20.jar:3.0.20]
	at org.apache.groovy.json.internal.JsonParserCharArray.parse(JsonParserCharArray.java:380) ~[groovy-json-3.0.20.jar:3.0.20]
	at org.apache.groovy.json.internal.BaseJsonParser.parse(BaseJsonParser.java:113) ~[groovy-json-3.0.20.jar:3.0.20]
	at groovy.json.JsonSlurper.parseText(JsonSlurper.java:204) ~[groovy-json-3.0.20.jar:3.0.20]
	at groovy.json.JsonSlurper$parseText.call(Unknown Source) ~[?:?]
	at Script5.run(Script5.groovy:1) ~[?:?]
	at org.codehaus.groovy.jsr223.GroovyScriptEngineImpl.eval(GroovyScriptEngineImpl.java:317) ~[groovy-jsr223-3.0.20.jar:3.0.20]
	... 10 more
2026-08-31 17:34:10,243 ERROR o.a.j.a.JSR223Assertion: Problem in JSR223 script: Validate coupon amounts
javax.script.ScriptException: groovy.json.JsonException: Unable to determine the current character, it is not a string, number, array, or object

The current character read is '<' with an int value of 60
Unable to determine the current character, it is not a string, number, array, or object
line number 1
index number 0
<!DOCTYPE html>
^
	at org.codehaus.groovy.jsr223.GroovyScriptEngineImpl.eval(GroovyScriptEngineImpl.java:320) ~[groovy-jsr223-3.0.20.jar:3.0.20]
	at org.codehaus.groovy.jsr223.GroovyCompiledScript.eval(GroovyCompiledScript.java:71) ~[groovy-jsr223-3.0.20.jar:3.0.20]
	at java.scripting/javax.script.CompiledScript.eval(CompiledScript.java:93) ~[java.scripting:?]
	at org.apache.jmeter.util.JSR223TestElement.processFileOrScript(JSR223TestElement.java:230) ~[ApacheJMeter_core.jar:5.6.3]
	at org.apache.jmeter.assertions.JSR223Assertion.getResult(JSR223Assertion.java:50) ~[ApacheJMeter_components.jar:5.6.3]
	at org.apache.jmeter.threads.JMeterThread.processAssertion(JMeterThread.java:949) ~[ApacheJMeter_core.jar:5.6.3]
	at org.apache.jmeter.threads.JMeterThread.checkAssertions(JMeterThread.java:918) ~[ApacheJMeter_core.jar:5.6.3]
	at org.apache.jmeter.threads.JMeterThread.executeSamplePackage(JMeterThread.java:586) ~[ApacheJMeter_core.jar:5.6.3]
	at org.apache.jmeter.threads.JMeterThread.processSampler(JMeterThread.java:501) ~[ApacheJMeter_core.jar:5.6.3]
	at org.apache.jmeter.threads.JMeterThread.run(JMeterThread.java:268) ~[ApacheJMeter_core.jar:5.6.3]
	at java.base/java.lang.Thread.run(Thread.java:1583) [?:?]
Caused by: groovy.json.JsonException: Unable to determine the current character, it is not a string, number, array, or object

The current character read is '<' with an int value of 60
Unable to determine the current character, it is not a string, number, array, or object
line number 1
index number 0
<!DOCTYPE html>
^
	at org.apache.groovy.json.internal.JsonParserCharArray.decodeValueInternal(JsonParserCharArray.java:202) ~[groovy-json-3.0.20.jar:3.0.20]
	at org.apache.groovy.json.internal.JsonParserCharArray.decodeValue(JsonParserCharArray.java:153) ~[groovy-json-3.0.20.jar:3.0.20]
	at org.apache.groovy.json.internal.JsonParserCharArray.decodeFromChars(JsonParserCharArray.java:43) ~[groovy-json-3.0.20.jar:3.0.20]
	at org.apache.groovy.json.internal.JsonParserCharArray.parse(JsonParserCharArray.java:380) ~[groovy-json-3.0.20.jar:3.0.20]
	at org.apache.groovy.json.internal.BaseJsonParser.parse(BaseJsonParser.java:113) ~[groovy-json-3.0.20.jar:3.0.20]
	at groovy.json.JsonSlurper.parseText(JsonSlurper.java:204) ~[groovy-json-3.0.20.jar:3.0.20]
	at groovy.json.JsonSlurper$parseText.call(Unknown Source) ~[?:?]
	at Script5.run(Script5.groovy:1) ~[?:?]
	at org.codehaus.groovy.jsr223.GroovyScriptEngineImpl.eval(GroovyScriptEngineImpl.java:317) ~[groovy-jsr223-3.0.20.jar:3.0.20]
	... 10 more
2026-08-31 17:34:10,295 ERROR o.a.j.a.JSR223Assertion: Problem in JSR223 script: Validate coupon amounts
javax.script.ScriptException: groovy.json.JsonException: Unable to determine the current character, it is not a string, number, array, or object

The current character read is '<' with an int value of 60
Unable to determine the current character, it is not a string, number, array, or object
line number 1
index number 0
<!DOCTYPE html>
^
	at org.codehaus.groovy.jsr223.GroovyScriptEngineImpl.eval(GroovyScriptEngineImpl.java:320) ~[groovy-jsr223-3.0.20.jar:3.0.20]
	at org.codehaus.groovy.jsr223.GroovyCompiledScript.eval(GroovyCompiledScript.java:71) ~[groovy-jsr223-3.0.20.jar:3.0.20]
	at java.scripting/javax.script.CompiledScript.eval(CompiledScript.java:93) ~[java.scripting:?]
	at org.apache.jmeter.util.JSR223TestElement.processFileOrScript(JSR223TestElement.java:230) ~[ApacheJMeter_core.jar:5.6.3]
	at org.apache.jmeter.assertions.JSR223Assertion.getResult(JSR223Assertion.java:50) ~[ApacheJMeter_components.jar:5.6.3]
	at org.apache.jmeter.threads.JMeterThread.processAssertion(JMeterThread.java:949) ~[ApacheJMeter_core.jar:5.6.3]
	at org.apache.jmeter.threads.JMeterThread.checkAssertions(JMeterThread.java:918) ~[ApacheJMeter_core.jar:5.6.3]
	at org.apache.jmeter.threads.JMeterThread.executeSamplePackage(JMeterThread.java:586) ~[ApacheJMeter_core.jar:5.6.3]
	at org.apache.jmeter.threads.JMeterThread.processSampler(JMeterThread.java:501) ~[ApacheJMeter_core.jar:5.6.3]
	at org.apache.jmeter.threads.JMeterThread.run(JMeterThread.java:268) ~[ApacheJMeter_core.jar:5.6.3]
	at java.base/java.lang.Thread.run(Thread.java:1583) [?:?]
Caused by: groovy.json.JsonException: Unable to determine the current character, it is not a string, number, array, or object

The current character read is '<' with an int value of 60
Unable to determine the current character, it is not a string, number, array, or object
line number 1
index number 0
<!DOCTYPE html>
^
	at org.apache.groovy.json.internal.JsonParserCharArray.decodeValueInternal(JsonParserCharArray.java:202) ~[groovy-json-3.0.20.jar:3.0.20]
	at org.apache.groovy.json.internal.JsonParserCharArray.decodeValue(JsonParserCharArray.java:153) ~[groovy-json-3.0.20.jar:3.0.20]
	at org.apache.groovy.json.internal.JsonParserCharArray.decodeFromChars(JsonParserCharArray.java:43) ~[groovy-json-3.0.20.jar:3.0.20]
	at org.apache.groovy.json.internal.JsonParserCharArray.parse(JsonParserCharArray.java:380) ~[groovy-json-3.0.20.jar:3.0.20]
	at org.apache.groovy.json.internal.BaseJsonParser.parse(BaseJsonParser.java:113) ~[groovy-json-3.0.20.jar:3.0.20]
	at groovy.json.JsonSlurper.parseText(JsonSlurper.java:204) ~[groovy-json-3.0.20.jar:3.0.20]
	at groovy.json.JsonSlurper$parseText.call(Unknown Source) ~[?:?]
	at Script5.run(Script5.groovy:1) ~[?:?]
	at org.codehaus.groovy.jsr223.GroovyScriptEngineImpl.eval(GroovyScriptEngineImpl.java:317) ~[groovy-jsr223-3.0.20.jar:3.0.20]
	... 10 more
2026-08-31 17:34:10,439 ERROR o.a.j.a.JSR223Assertion: Problem in JSR223 script: Validate coupon amounts
javax.script.ScriptException: groovy.json.JsonException: Unable to determine the current character, it is not a string, number, array, or object

The current character read is '<' with an int value of 60
Unable to determine the current character, it is not a string, number, array, or object
line number 1
index number 0
<!DOCTYPE html>
^
	at org.codehaus.groovy.jsr223.GroovyScriptEngineImpl.eval(GroovyScriptEngineImpl.java:320) ~[groovy-jsr223-3.0.20.jar:3.0.20]
	at org.codehaus.groovy.jsr223.GroovyCompiledScript.eval(GroovyCompiledScript.java:71) ~[groovy-jsr223-3.0.20.jar:3.0.20]
	at java.scripting/javax.script.CompiledScript.eval(CompiledScript.java:93) ~[java.scripting:?]
	at org.apache.jmeter.util.JSR223TestElement.processFileOrScript(JSR223TestElement.java:230) ~[ApacheJMeter_core.jar:5.6.3]
	at org.apache.jmeter.assertions.JSR223Assertion.getResult(JSR223Assertion.java:50) ~[ApacheJMeter_components.jar:5.6.3]
	at org.apache.jmeter.threads.JMeterThread.processAssertion(JMeterThread.java:949) ~[ApacheJMeter_core.jar:5.6.3]
	at org.apache.jmeter.threads.JMeterThread.checkAssertions(JMeterThread.java:918) ~[ApacheJMeter_core.jar:5.6.3]
	at org.apache.jmeter.threads.JMeterThread.executeSamplePackage(JMeterThread.java:586) ~[ApacheJMeter_core.jar:5.6.3]
	at org.apache.jmeter.threads.JMeterThread.processSampler(JMeterThread.java:501) ~[ApacheJMeter_core.jar:5.6.3]
	at org.apache.jmeter.threads.JMeterThread.run(JMeterThread.java:268) ~[ApacheJMeter_core.jar:5.6.3]
	at java.base/java.lang.Thread.run(Thread.java:1583) [?:?]
Caused by: groovy.json.JsonException: Unable to determine the current character, it is not a string, number, array, or object

The current character read is '<' with an int value of 60
Unable to determine the current character, it is not a string, number, array, or object
line number 1
index number 0
<!DOCTYPE html>
^
	at org.apache.groovy.json.internal.JsonParserCharArray.decodeValueInternal(JsonParserCharArray.java:202) ~[groovy-json-3.0.20.jar:3.0.20]
	at org.apache.groovy.json.internal.JsonParserCharArray.decodeValue(JsonParserCharArray.java:153) ~[groovy-json-3.0.20.jar:3.0.20]
	at org.apache.groovy.json.internal.JsonParserCharArray.decodeFromChars(JsonParserCharArray.java:43) ~[groovy-json-3.0.20.jar:3.0.20]
	at org.apache.groovy.json.internal.JsonParserCharArray.parse(JsonParserCharArray.java:380) ~[groovy-json-3.0.20.jar:3.0.20]
	at org.apache.groovy.json.internal.BaseJsonParser.parse(BaseJsonParser.java:113) ~[groovy-json-3.0.20.jar:3.0.20]
	at groovy.json.JsonSlurper.parseText(JsonSlurper.java:204) ~[groovy-json-3.0.20.jar:3.0.20]
	at groovy.json.JsonSlurper$parseText.call(Unknown Source) ~[?:?]
	at Script5.run(Script5.groovy:1) ~[?:?]
	at org.codehaus.groovy.jsr223.GroovyScriptEngineImpl.eval(GroovyScriptEngineImpl.java:317) ~[groovy-jsr223-3.0.20.jar:3.0.20]
	... 10 more
2026-08-31 17:34:10,533 ERROR o.a.j.a.JSR223Assertion: Problem in JSR223 script: Validate coupon amounts
javax.script.ScriptException: groovy.json.JsonException: Unable to determine the current character, it is not a string, number, array, or object

The current character read is '<' with an int value of 60
Unable to determine the current character, it is not a string, number, array, or object
line number 1
index number 0
<!DOCTYPE html>
^
	at org.codehaus.groovy.jsr223.GroovyScriptEngineImpl.eval(GroovyScriptEngineImpl.java:320) ~[groovy-jsr223-3.0.20.jar:3.0.20]
	at org.codehaus.groovy.jsr223.GroovyCompiledScript.eval(GroovyCompiledScript.java:71) ~[groovy-jsr223-3.0.20.jar:3.0.20]
	at java.scripting/javax.script.CompiledScript.eval(CompiledScript.java:93) ~[java.scripting:?]
	at org.apache.jmeter.util.JSR223TestElement.processFileOrScript(JSR223TestElement.java:230) ~[ApacheJMeter_core.jar:5.6.3]
	at org.apache.jmeter.assertions.JSR223Assertion.getResult(JSR223Assertion.java:50) ~[ApacheJMeter_components.jar:5.6.3]
	at org.apache.jmeter.threads.JMeterThread.processAssertion(JMeterThread.java:949) ~[ApacheJMeter_core.jar:5.6.3]
	at org.apache.jmeter.threads.JMeterThread.checkAssertions(JMeterThread.java:918) ~[ApacheJMeter_core.jar:5.6.3]
	at org.apache.jmeter.threads.JMeterThread.executeSamplePackage(JMeterThread.java:586) ~[ApacheJMeter_core.jar:5.6.3]
	at org.apache.jmeter.threads.JMeterThread.processSampler(JMeterThread.java:501) ~[ApacheJMeter_core.jar:5.6.3]
	at org.apache.jmeter.threads.JMeterThread.run(JMeterThread.java:268) ~[ApacheJMeter_core.jar:5.6.3]
	at java.base/java.lang.Thread.run(Thread.java:1583) [?:?]
Caused by: groovy.json.JsonException: Unable to determine the current character, it is not a string, number, array, or object

The current character read is '<' with an int value of 60
Unable to determine the current character, it is not a string, number, array, or object
line number 1
index number 0
<!DOCTYPE html>
^
	at org.apache.groovy.json.internal.JsonParserCharArray.decodeValueInternal(JsonParserCharArray.java:202) ~[groovy-json-3.0.20.jar:3.0.20]
	at org.apache.groovy.json.internal.JsonParserCharArray.decodeValue(JsonParserCharArray.java:153) ~[groovy-json-3.0.20.jar:3.0.20]
	at org.apache.groovy.json.internal.JsonParserCharArray.decodeFromChars(JsonParserCharArray.java:43) ~[groovy-json-3.0.20.jar:3.0.20]
	at org.apache.groovy.json.internal.JsonParserCharArray.parse(JsonParserCharArray.java:380) ~[groovy-json-3.0.20.jar:3.0.20]
	at org.apache.groovy.json.internal.BaseJsonParser.parse(BaseJsonParser.java:113) ~[groovy-json-3.0.20.jar:3.0.20]
	at groovy.json.JsonSlurper.parseText(JsonSlurper.java:204) ~[groovy-json-3.0.20.jar:3.0.20]
	at groovy.json.JsonSlurper$parseText.call(Unknown Source) ~[?:?]
	at Script5.run(Script5.groovy:1) ~[?:?]
	at org.codehaus.groovy.jsr223.GroovyScriptEngineImpl.eval(GroovyScriptEngineImpl.java:317) ~[groovy-jsr223-3.0.20.jar:3.0.20]
	... 10 more
2026-08-31 17:34:11,544 ERROR o.a.j.a.JSR223Assertion: Problem in JSR223 script: Validate coupon amounts
javax.script.ScriptException: groovy.json.JsonException: Unable to determine the current character, it is not a string, number, array, or object

The current character read is '<' with an int value of 60
Unable to determine the current character, it is not a string, number, array, or object
line number 1
index number 0
<!DOCTYPE html>
^
	at org.codehaus.groovy.jsr223.GroovyScriptEngineImpl.eval(GroovyScriptEngineImpl.java:320) ~[groovy-jsr223-3.0.20.jar:3.0.20]
	at org.codehaus.groovy.jsr223.GroovyCompiledScript.eval(GroovyCompiledScript.java:71) ~[groovy-jsr223-3.0.20.jar:3.0.20]
	at java.scripting/javax.script.CompiledScript.eval(CompiledScript.java:93) ~[java.scripting:?]
	at org.apache.jmeter.util.JSR223TestElement.processFileOrScript(JSR223TestElement.java:230) ~[ApacheJMeter_core.jar:5.6.3]
	at org.apache.jmeter.assertions.JSR223Assertion.getResult(JSR223Assertion.java:50) ~[ApacheJMeter_components.jar:5.6.3]
	at org.apache.jmeter.threads.JMeterThread.processAssertion(JMeterThread.java:949) ~[ApacheJMeter_core.jar:5.6.3]
	at org.apache.jmeter.threads.JMeterThread.checkAssertions(JMeterThread.java:918) ~[ApacheJMeter_core.jar:5.6.3]
	at org.apache.jmeter.threads.JMeterThread.executeSamplePackage(JMeterThread.java:586) ~[ApacheJMeter_core.jar:5.6.3]
	at org.apache.jmeter.threads.JMeterThread.processSampler(JMeterThread.java:501) ~[ApacheJMeter_core.jar:5.6.3]
	at org.apache.jmeter.threads.JMeterThread.run(JMeterThread.java:268) ~[ApacheJMeter_core.jar:5.6.3]
	at java.base/java.lang.Thread.run(Thread.java:1583) [?:?]
Caused by: groovy.json.JsonException: Unable to determine the current character, it is not a string, number, array, or object

The current character read is '<' with an int value of 60
Unable to determine the current character, it is not a string, number, array, or object
line number 1
index number 0
<!DOCTYPE html>
^
	at org.apache.groovy.json.internal.JsonParserCharArray.decodeValueInternal(JsonParserCharArray.java:202) ~[groovy-json-3.0.20.jar:3.0.20]
	at org.apache.groovy.json.internal.JsonParserCharArray.decodeValue(JsonParserCharArray.java:153) ~[groovy-json-3.0.20.jar:3.0.20]
	at org.apache.groovy.json.internal.JsonParserCharArray.decodeFromChars(JsonParserCharArray.java:43) ~[groovy-json-3.0.20.jar:3.0.20]
	at org.apache.groovy.json.internal.JsonParserCharArray.parse(JsonParserCharArray.java:380) ~[groovy-json-3.0.20.jar:3.0.20]
	at org.apache.groovy.json.internal.BaseJsonParser.parse(BaseJsonParser.java:113) ~[groovy-json-3.0.20.jar:3.0.20]
	at groovy.json.JsonSlurper.parseText(JsonSlurper.java:204) ~[groovy-json-3.0.20.jar:3.0.20]
	at groovy.json.JsonSlurper$parseText.call(Unknown Source) ~[?:?]
	at Script5.run(Script5.groovy:1) ~[?:?]
	at org.codehaus.groovy.jsr223.GroovyScriptEngineImpl.eval(GroovyScriptEngineImpl.java:317) ~[groovy-jsr223-3.0.20.jar:3.0.20]
	... 10 more
2026-08-31 17:34:12,173 ERROR o.a.j.a.JSR223Assertion: Problem in JSR223 script: Validate coupon amounts
javax.script.ScriptException: groovy.json.JsonException: Unable to determine the current character, it is not a string, number, array, or object

The current character read is '<' with an int value of 60
Unable to determine the current character, it is not a string, number, array, or object
line number 1
index number 0
<!DOCTYPE html>
^
	at org.codehaus.groovy.jsr223.GroovyScriptEngineImpl.eval(GroovyScriptEngineImpl.java:320) ~[groovy-jsr223-3.0.20.jar:3.0.20]
	at org.codehaus.groovy.jsr223.GroovyCompiledScript.eval(GroovyCompiledScript.java:71) ~[groovy-jsr223-3.0.20.jar:3.0.20]
	at java.scripting/javax.script.CompiledScript.eval(CompiledScript.java:93) ~[java.scripting:?]
	at org.apache.jmeter.util.JSR223TestElement.processFileOrScript(JSR223TestElement.java:230) ~[ApacheJMeter_core.jar:5.6.3]
	at org.apache.jmeter.assertions.JSR223Assertion.getResult(JSR223Assertion.java:50) ~[ApacheJMeter_components.jar:5.6.3]
	at org.apache.jmeter.threads.JMeterThread.processAssertion(JMeterThread.java:949) ~[ApacheJMeter_core.jar:5.6.3]
	at org.apache.jmeter.threads.JMeterThread.checkAssertions(JMeterThread.java:918) ~[ApacheJMeter_core.jar:5.6.3]
	at org.apache.jmeter.threads.JMeterThread.executeSamplePackage(JMeterThread.java:586) ~[ApacheJMeter_core.jar:5.6.3]
	at org.apache.jmeter.threads.JMeterThread.processSampler(JMeterThread.java:501) ~[ApacheJMeter_core.jar:5.6.3]
	at org.apache.jmeter.threads.JMeterThread.run(JMeterThread.java:268) ~[ApacheJMeter_core.jar:5.6.3]
	at java.base/java.lang.Thread.run(Thread.java:1583) [?:?]
Caused by: groovy.json.JsonException: Unable to determine the current character, it is not a string, number, array, or object

The current character read is '<' with an int value of 60
Unable to determine the current character, it is not a string, number, array, or object
line number 1
index number 0
<!DOCTYPE html>
^
	at org.apache.groovy.json.internal.JsonParserCharArray.decodeValueInternal(JsonParserCharArray.java:202) ~[groovy-json-3.0.20.jar:3.0.20]
	at org.apache.groovy.json.internal.JsonParserCharArray.decodeValue(JsonParserCharArray.java:153) ~[groovy-json-3.0.20.jar:3.0.20]
	at org.apache.groovy.json.internal.JsonParserCharArray.decodeFromChars(JsonParserCharArray.java:43) ~[groovy-json-3.0.20.jar:3.0.20]
	at org.apache.groovy.json.internal.JsonParserCharArray.parse(JsonParserCharArray.java:380) ~[groovy-json-3.0.20.jar:3.0.20]
	at org.apache.groovy.json.internal.BaseJsonParser.parse(BaseJsonParser.java:113) ~[groovy-json-3.0.20.jar:3.0.20]
	at groovy.json.JsonSlurper.parseText(JsonSlurper.java:204) ~[groovy-json-3.0.20.jar:3.0.20]
	at groovy.json.JsonSlurper$parseText.call(Unknown Source) ~[?:?]
	at Script5.run(Script5.groovy:1) ~[?:?]
	at org.codehaus.groovy.jsr223.GroovyScriptEngineImpl.eval(GroovyScriptEngineImpl.java:317) ~[groovy-jsr223-3.0.20.jar:3.0.20]
	... 10 more
2026-08-31 17:34:12,279 ERROR o.a.j.a.JSR223Assertion: Problem in JSR223 script: Validate coupon amounts
javax.script.ScriptException: groovy.json.JsonException: Unable to determine the current character, it is not a string, number, array, or object

The current character read is '<' with an int value of 60
Unable to determine the current character, it is not a string, number, array, or object
line number 1
index number 0
<!DOCTYPE html>
^
	at org.codehaus.groovy.jsr223.GroovyScriptEngineImpl.eval(GroovyScriptEngineImpl.java:320) ~[groovy-jsr223-3.0.20.jar:3.0.20]
	at org.codehaus.groovy.jsr223.GroovyCompiledScript.eval(GroovyCompiledScript.java:71) ~[groovy-jsr223-3.0.20.jar:3.0.20]
	at java.scripting/javax.script.CompiledScript.eval(CompiledScript.java:93) ~[java.scripting:?]
	at org.apache.jmeter.util.JSR223TestElement.processFileOrScript(JSR223TestElement.java:230) ~[ApacheJMeter_core.jar:5.6.3]
	at org.apache.jmeter.assertions.JSR223Assertion.getResult(JSR223Assertion.java:50) ~[ApacheJMeter_components.jar:5.6.3]
	at org.apache.jmeter.threads.JMeterThread.processAssertion(JMeterThread.java:949) ~[ApacheJMeter_core.jar:5.6.3]
	at org.apache.jmeter.threads.JMeterThread.checkAssertions(JMeterThread.java:918) ~[ApacheJMeter_core.jar:5.6.3]
	at org.apache.jmeter.threads.JMeterThread.executeSamplePackage(JMeterThread.java:586) ~[ApacheJMeter_core.jar:5.6.3]
	at org.apache.jmeter.threads.JMeterThread.processSampler(JMeterThread.java:501) ~[ApacheJMeter_core.jar:5.6.3]
	at org.apache.jmeter.threads.JMeterThread.run(JMeterThread.java:268) ~[ApacheJMeter_core.jar:5.6.3]
	at java.base/java.lang.Thread.run(Thread.java:1583) [?:?]
Caused by: groovy.json.JsonException: Unable to determine the current character, it is not a string, number, array, or object

The current character read is '<' with an int value of 60
Unable to determine the current character, it is not a string, number, array, or object
line number 1
index number 0
<!DOCTYPE html>
^
	at org.apache.groovy.json.internal.JsonParserCharArray.decodeValueInternal(JsonParserCharArray.java:202) ~[groovy-json-3.0.20.jar:3.0.20]
	at org.apache.groovy.json.internal.JsonParserCharArray.decodeValue(JsonParserCharArray.java:153) ~[groovy-json-3.0.20.jar:3.0.20]
	at org.apache.groovy.json.internal.JsonParserCharArray.decodeFromChars(JsonParserCharArray.java:43) ~[groovy-json-3.0.20.jar:3.0.20]
	at org.apache.groovy.json.internal.JsonParserCharArray.parse(JsonParserCharArray.java:380) ~[groovy-json-3.0.20.jar:3.0.20]
	at org.apache.groovy.json.internal.BaseJsonParser.parse(BaseJsonParser.java:113) ~[groovy-json-3.0.20.jar:3.0.20]
	at groovy.json.JsonSlurper.parseText(JsonSlurper.java:204) ~[groovy-json-3.0.20.jar:3.0.20]
	at groovy.json.JsonSlurper$parseText.call(Unknown Source) ~[?:?]
	at Script5.run(Script5.groovy:1) ~[?:?]
	at org.codehaus.groovy.jsr223.GroovyScriptEngineImpl.eval(GroovyScriptEngineImpl.java:317) ~[groovy-jsr223-3.0.20.jar:3.0.20]
	... 10 more
2026-08-31 17:34:12,471 ERROR o.a.j.a.JSR223Assertion: Problem in JSR223 script: Validate coupon amounts
javax.script.ScriptException: groovy.json.JsonException: Unable to determine the current character, it is not a string, number, array, or object

The current character read is '<' with an int value of 60
Unable to determine the current character, it is not a string, number, array, or object
line number 1
index number 0
<!DOCTYPE html>
^
	at org.codehaus.groovy.jsr223.GroovyScriptEngineImpl.eval(GroovyScriptEngineImpl.java:320) ~[groovy-jsr223-3.0.20.jar:3.0.20]
	at org.codehaus.groovy.jsr223.GroovyCompiledScript.eval(GroovyCompiledScript.java:71) ~[groovy-jsr223-3.0.20.jar:3.0.20]
	at java.scripting/javax.script.CompiledScript.eval(CompiledScript.java:93) ~[java.scripting:?]
	at org.apache.jmeter.util.JSR223TestElement.processFileOrScript(JSR223TestElement.java:230) ~[ApacheJMeter_core.jar:5.6.3]
	at org.apache.jmeter.assertions.JSR223Assertion.getResult(JSR223Assertion.java:50) ~[ApacheJMeter_components.jar:5.6.3]
	at org.apache.jmeter.threads.JMeterThread.processAssertion(JMeterThread.java:949) ~[ApacheJMeter_core.jar:5.6.3]
	at org.apache.jmeter.threads.JMeterThread.checkAssertions(JMeterThread.java:918) ~[ApacheJMeter_core.jar:5.6.3]
	at org.apache.jmeter.threads.JMeterThread.executeSamplePackage(JMeterThread.java:586) ~[ApacheJMeter_core.jar:5.6.3]
	at org.apache.jmeter.threads.JMeterThread.processSampler(JMeterThread.java:501) ~[ApacheJMeter_core.jar:5.6.3]
	at org.apache.jmeter.threads.JMeterThread.run(JMeterThread.java:268) ~[ApacheJMeter_core.jar:5.6.3]
	at java.base/java.lang.Thread.run(Thread.java:1583) [?:?]
Caused by: groovy.json.JsonException: Unable to determine the current character, it is not a string, number, array, or object

The current character read is '<' with an int value of 60
Unable to determine the current character, it is not a string, number, array, or object
line number 1
index number 0
<!DOCTYPE html>
^
	at org.apache.groovy.json.internal.JsonParserCharArray.decodeValueInternal(JsonParserCharArray.java:202) ~[groovy-json-3.0.20.jar:3.0.20]
	at org.apache.groovy.json.internal.JsonParserCharArray.decodeValue(JsonParserCharArray.java:153) ~[groovy-json-3.0.20.jar:3.0.20]
	at org.apache.groovy.json.internal.JsonParserCharArray.decodeFromChars(JsonParserCharArray.java:43) ~[groovy-json-3.0.20.jar:3.0.20]
	at org.apache.groovy.json.internal.JsonParserCharArray.parse(JsonParserCharArray.java:380) ~[groovy-json-3.0.20.jar:3.0.20]
	at org.apache.groovy.json.internal.BaseJsonParser.parse(BaseJsonParser.java:113) ~[groovy-json-3.0.20.jar:3.0.20]
	at groovy.json.JsonSlurper.parseText(JsonSlurper.java:204) ~[groovy-json-3.0.20.jar:3.0.20]
	at groovy.json.JsonSlurper$parseText.call(Unknown Source) ~[?:?]
	at Script5.run(Script5.groovy:1) ~[?:?]
	at org.codehaus.groovy.jsr223.GroovyScriptEngineImpl.eval(GroovyScriptEngineImpl.java:317) ~[groovy-jsr223-3.0.20.jar:3.0.20]
	... 10 more
2026-08-31 17:34:12,496 ERROR o.a.j.a.JSR223Assertion: Problem in JSR223 script: Validate coupon amounts
javax.script.ScriptException: groovy.json.JsonException: Unable to determine the current character, it is not a string, number, array, or object

The current character read is '<' with an int value of 60
Unable to determine the current character, it is not a string, number, array, or object
line number 1
index number 0
<!DOCTYPE html>
^
	at org.codehaus.groovy.jsr223.GroovyScriptEngineImpl.eval(GroovyScriptEngineImpl.java:320) ~[groovy-jsr223-3.0.20.jar:3.0.20]
	at org.codehaus.groovy.jsr223.GroovyCompiledScript.eval(GroovyCompiledScript.java:71) ~[groovy-jsr223-3.0.20.jar:3.0.20]
	at java.scripting/javax.script.CompiledScript.eval(CompiledScript.java:93) ~[java.scripting:?]
	at org.apache.jmeter.util.JSR223TestElement.processFileOrScript(JSR223TestElement.java:230) ~[ApacheJMeter_core.jar:5.6.3]
	at org.apache.jmeter.assertions.JSR223Assertion.getResult(JSR223Assertion.java:50) ~[ApacheJMeter_components.jar:5.6.3]
	at org.apache.jmeter.threads.JMeterThread.processAssertion(JMeterThread.java:949) ~[ApacheJMeter_core.jar:5.6.3]
	at org.apache.jmeter.threads.JMeterThread.checkAssertions(JMeterThread.java:918) ~[ApacheJMeter_core.jar:5.6.3]
	at org.apache.jmeter.threads.JMeterThread.executeSamplePackage(JMeterThread.java:586) ~[ApacheJMeter_core.jar:5.6.3]
	at org.apache.jmeter.threads.JMeterThread.processSampler(JMeterThread.java:501) ~[ApacheJMeter_core.jar:5.6.3]
	at org.apache.jmeter.threads.JMeterThread.run(JMeterThread.java:268) ~[ApacheJMeter_core.jar:5.6.3]
	at java.base/java.lang.Thread.run(Thread.java:1583) [?:?]
Caused by: groovy.json.JsonException: Unable to determine the current character, it is not a string, number, array, or object

The current character read is '<' with an int value of 60
Unable to determine the current character, it is not a string, number, array, or object
line number 1
index number 0
<!DOCTYPE html>
^
	at org.apache.groovy.json.internal.JsonParserCharArray.decodeValueInternal(JsonParserCharArray.java:202) ~[groovy-json-3.0.20.jar:3.0.20]
	at org.apache.groovy.json.internal.JsonParserCharArray.decodeValue(JsonParserCharArray.java:153) ~[groovy-json-3.0.20.jar:3.0.20]
	at org.apache.groovy.json.internal.JsonParserCharArray.decodeFromChars(JsonParserCharArray.java:43) ~[groovy-json-3.0.20.jar:3.0.20]
	at org.apache.groovy.json.internal.JsonParserCharArray.parse(JsonParserCharArray.java:380) ~[groovy-json-3.0.20.jar:3.0.20]
	at org.apache.groovy.json.internal.BaseJsonParser.parse(BaseJsonParser.java:113) ~[groovy-json-3.0.20.jar:3.0.20]
	at groovy.json.JsonSlurper.parseText(JsonSlurper.java:204) ~[groovy-json-3.0.20.jar:3.0.20]
	at groovy.json.JsonSlurper$parseText.call(Unknown Source) ~[?:?]
	at Script5.run(Script5.groovy:1) ~[?:?]
	at org.codehaus.groovy.jsr223.GroovyScriptEngineImpl.eval(GroovyScriptEngineImpl.java:317) ~[groovy-jsr223-3.0.20.jar:3.0.20]
	... 10 more
2026-08-31 17:34:12,661 ERROR o.a.j.a.JSR223Assertion: Problem in JSR223 script: Validate coupon amounts
javax.script.ScriptException: groovy.json.JsonException: Unable to determine the current character, it is not a string, number, array, or object

The current character read is '<' with an int value of 60
Unable to determine the current character, it is not a string, number, array, or object
line number 1
index number 0
<!DOCTYPE html>
^
	at org.codehaus.groovy.jsr223.GroovyScriptEngineImpl.eval(GroovyScriptEngineImpl.java:320) ~[groovy-jsr223-3.0.20.jar:3.0.20]
	at org.codehaus.groovy.jsr223.GroovyCompiledScript.eval(GroovyCompiledScript.java:71) ~[groovy-jsr223-3.0.20.jar:3.0.20]
	at java.scripting/javax.script.CompiledScript.eval(CompiledScript.java:93) ~[java.scripting:?]
	at org.apache.jmeter.util.JSR223TestElement.processFileOrScript(JSR223TestElement.java:230) ~[ApacheJMeter_core.jar:5.6.3]
	at org.apache.jmeter.assertions.JSR223Assertion.getResult(JSR223Assertion.java:50) ~[ApacheJMeter_components.jar:5.6.3]
	at org.apache.jmeter.threads.JMeterThread.processAssertion(JMeterThread.java:949) ~[ApacheJMeter_core.jar:5.6.3]
	at org.apache.jmeter.threads.JMeterThread.checkAssertions(JMeterThread.java:918) ~[ApacheJMeter_core.jar:5.6.3]
	at org.apache.jmeter.threads.JMeterThread.executeSamplePackage(JMeterThread.java:586) ~[ApacheJMeter_core.jar:5.6.3]
	at org.apache.jmeter.threads.JMeterThread.processSampler(JMeterThread.java:501) ~[ApacheJMeter_core.jar:5.6.3]
	at org.apache.jmeter.threads.JMeterThread.run(JMeterThread.java:268) ~[ApacheJMeter_core.jar:5.6.3]
	at java.base/java.lang.Thread.run(Thread.java:1583) [?:?]
Caused by: groovy.json.JsonException: Unable to determine the current character, it is not a string, number, array, or object

The current character read is '<' with an int value of 60
Unable to determine the current character, it is not a string, number, array, or object
line number 1
index number 0
<!DOCTYPE html>
^
	at org.apache.groovy.json.internal.JsonParserCharArray.decodeValueInternal(JsonParserCharArray.java:202) ~[groovy-json-3.0.20.jar:3.0.20]
	at org.apache.groovy.json.internal.JsonParserCharArray.decodeValue(JsonParserCharArray.java:153) ~[groovy-json-3.0.20.jar:3.0.20]
	at org.apache.groovy.json.internal.JsonParserCharArray.decodeFromChars(JsonParserCharArray.java:43) ~[groovy-json-3.0.20.jar:3.0.20]
	at org.apache.groovy.json.internal.JsonParserCharArray.parse(JsonParserCharArray.java:380) ~[groovy-json-3.0.20.jar:3.0.20]
	at org.apache.groovy.json.internal.BaseJsonParser.parse(BaseJsonParser.java:113) ~[groovy-json-3.0.20.jar:3.0.20]
	at groovy.json.JsonSlurper.parseText(JsonSlurper.java:204) ~[groovy-json-3.0.20.jar:3.0.20]
	at groovy.json.JsonSlurper$parseText.call(Unknown Source) ~[?:?]
	at Script5.run(Script5.groovy:1) ~[?:?]
	at org.codehaus.groovy.jsr223.GroovyScriptEngineImpl.eval(GroovyScriptEngineImpl.java:317) ~[groovy-jsr223-3.0.20.jar:3.0.20]
	... 10 more
2026-08-31 17:34:13,532 ERROR o.a.j.a.JSR223Assertion: Problem in JSR223 script: Validate coupon amounts
javax.script.ScriptException: groovy.json.JsonException: Unable to determine the current character, it is not a string, number, array, or object

The current character read is '<' with an int value of 60
Unable to determine the current character, it is not a string, number, array, or object
line number 1
index number 0
<!DOCTYPE html>
^
	at org.codehaus.groovy.jsr223.GroovyScriptEngineImpl.eval(GroovyScriptEngineImpl.java:320) ~[groovy-jsr223-3.0.20.jar:3.0.20]
	at org.codehaus.groovy.jsr223.GroovyCompiledScript.eval(GroovyCompiledScript.java:71) ~[groovy-jsr223-3.0.20.jar:3.0.20]
	at java.scripting/javax.script.CompiledScript.eval(CompiledScript.java:93) ~[java.scripting:?]
	at org.apache.jmeter.util.JSR223TestElement.processFileOrScript(JSR223TestElement.java:230) ~[ApacheJMeter_core.jar:5.6.3]
	at org.apache.jmeter.assertions.JSR223Assertion.getResult(JSR223Assertion.java:50) ~[ApacheJMeter_components.jar:5.6.3]
	at org.apache.jmeter.threads.JMeterThread.processAssertion(JMeterThread.java:949) ~[ApacheJMeter_core.jar:5.6.3]
	at org.apache.jmeter.threads.JMeterThread.checkAssertions(JMeterThread.java:918) ~[ApacheJMeter_core.jar:5.6.3]
	at org.apache.jmeter.threads.JMeterThread.executeSamplePackage(JMeterThread.java:586) ~[ApacheJMeter_core.jar:5.6.3]
	at org.apache.jmeter.threads.JMeterThread.processSampler(JMeterThread.java:501) ~[ApacheJMeter_core.jar:5.6.3]
	at org.apache.jmeter.threads.JMeterThread.run(JMeterThread.java:268) ~[ApacheJMeter_core.jar:5.6.3]
	at java.base/java.lang.Thread.run(Thread.java:1583) [?:?]
Caused by: groovy.json.JsonException: Unable to determine the current character, it is not a string, number, array, or object

The current character read is '<' with an int value of 60
Unable to determine the current character, it is not a string, number, array, or object
line number 1
index number 0
<!DOCTYPE html>
^
	at org.apache.groovy.json.internal.JsonParserCharArray.decodeValueInternal(JsonParserCharArray.java:202) ~[groovy-json-3.0.20.jar:3.0.20]
	at org.apache.groovy.json.internal.JsonParserCharArray.decodeValue(JsonParserCharArray.java:153) ~[groovy-json-3.0.20.jar:3.0.20]
	at org.apache.groovy.json.internal.JsonParserCharArray.decodeFromChars(JsonParserCharArray.java:43) ~[groovy-json-3.0.20.jar:3.0.20]
	at org.apache.groovy.json.internal.JsonParserCharArray.parse(JsonParserCharArray.java:380) ~[groovy-json-3.0.20.jar:3.0.20]
	at org.apache.groovy.json.internal.BaseJsonParser.parse(BaseJsonParser.java:113) ~[groovy-json-3.0.20.jar:3.0.20]
	at groovy.json.JsonSlurper.parseText(JsonSlurper.java:204) ~[groovy-json-3.0.20.jar:3.0.20]
	at groovy.json.JsonSlurper$parseText.call(Unknown Source) ~[?:?]
	at Script5.run(Script5.groovy:1) ~[?:?]
	at org.codehaus.groovy.jsr223.GroovyScriptEngineImpl.eval(GroovyScriptEngineImpl.java:317) ~[groovy-jsr223-3.0.20.jar:3.0.20]
	... 10 more
2026-08-31 17:34:14,488 ERROR o.a.j.a.JSR223Assertion: Problem in JSR223 script: Validate coupon amounts
javax.script.ScriptException: groovy.json.JsonException: Unable to determine the current character, it is not a string, number, array, or object

The current character read is '<' with an int value of 60
Unable to determine the current character, it is not a string, number, array, or object
line number 1
index number 0
<!DOCTYPE html>
^
	at org.codehaus.groovy.jsr223.GroovyScriptEngineImpl.eval(GroovyScriptEngineImpl.java:320) ~[groovy-jsr223-3.0.20.jar:3.0.20]
	at org.codehaus.groovy.jsr223.GroovyCompiledScript.eval(GroovyCompiledScript.java:71) ~[groovy-jsr223-3.0.20.jar:3.0.20]
	at java.scripting/javax.script.CompiledScript.eval(CompiledScript.java:93) ~[java.scripting:?]
	at org.apache.jmeter.util.JSR223TestElement.processFileOrScript(JSR223TestElement.java:230) ~[ApacheJMeter_core.jar:5.6.3]
	at org.apache.jmeter.assertions.JSR223Assertion.getResult(JSR223Assertion.java:50) ~[ApacheJMeter_components.jar:5.6.3]
	at org.apache.jmeter.threads.JMeterThread.processAssertion(JMeterThread.java:949) ~[ApacheJMeter_core.jar:5.6.3]
	at org.apache.jmeter.threads.JMeterThread.checkAssertions(JMeterThread.java:918) ~[ApacheJMeter_core.jar:5.6.3]
	at org.apache.jmeter.threads.JMeterThread.executeSamplePackage(JMeterThread.java:586) ~[ApacheJMeter_core.jar:5.6.3]
	at org.apache.jmeter.threads.JMeterThread.processSampler(JMeterThread.java:501) ~[ApacheJMeter_core.jar:5.6.3]
	at org.apache.jmeter.threads.JMeterThread.run(JMeterThread.java:268) ~[ApacheJMeter_core.jar:5.6.3]
	at java.base/java.lang.Thread.run(Thread.java:1583) [?:?]
Caused by: groovy.json.JsonException: Unable to determine the current character, it is not a string, number, array, or object

The current character read is '<' with an int value of 60
Unable to determine the current character, it is not a string, number, array, or object
line number 1
index number 0
<!DOCTYPE html>
^
	at org.apache.groovy.json.internal.JsonParserCharArray.decodeValueInternal(JsonParserCharArray.java:202) ~[groovy-json-3.0.20.jar:3.0.20]
	at org.apache.groovy.json.internal.JsonParserCharArray.decodeValue(JsonParserCharArray.java:153) ~[groovy-json-3.0.20.jar:3.0.20]
	at org.apache.groovy.json.internal.JsonParserCharArray.decodeFromChars(JsonParserCharArray.java:43) ~[groovy-json-3.0.20.jar:3.0.20]
	at org.apache.groovy.json.internal.JsonParserCharArray.parse(JsonParserCharArray.java:380) ~[groovy-json-3.0.20.jar:3.0.20]
	at org.apache.groovy.json.internal.BaseJsonParser.parse(BaseJsonParser.java:113) ~[groovy-json-3.0.20.jar:3.0.20]
	at groovy.json.JsonSlurper.parseText(JsonSlurper.java:204) ~[groovy-json-3.0.20.jar:3.0.20]
	at groovy.json.JsonSlurper$parseText.call(Unknown Source) ~[?:?]
	at Script5.run(Script5.groovy:1) ~[?:?]
	at org.codehaus.groovy.jsr223.GroovyScriptEngineImpl.eval(GroovyScriptEngineImpl.java:317) ~[groovy-jsr223-3.0.20.jar:3.0.20]
	... 10 more
2026-08-31 17:34:14,498 ERROR o.a.j.a.JSR223Assertion: Problem in JSR223 script: Validate coupon amounts
javax.script.ScriptException: groovy.json.JsonException: Unable to determine the current character, it is not a string, number, array, or object

The current character read is '<' with an int value of 60
Unable to determine the current character, it is not a string, number, array, or object
line number 1
index number 0
<!DOCTYPE html>
^
	at org.codehaus.groovy.jsr223.GroovyScriptEngineImpl.eval(GroovyScriptEngineImpl.java:320) ~[groovy-jsr223-3.0.20.jar:3.0.20]
	at org.codehaus.groovy.jsr223.GroovyCompiledScript.eval(GroovyCompiledScript.java:71) ~[groovy-jsr223-3.0.20.jar:3.0.20]
	at java.scripting/javax.script.CompiledScript.eval(CompiledScript.java:93) ~[java.scripting:?]
	at org.apache.jmeter.util.JSR223TestElement.processFileOrScript(JSR223TestElement.java:230) ~[ApacheJMeter_core.jar:5.6.3]
	at org.apache.jmeter.assertions.JSR223Assertion.getResult(JSR223Assertion.java:50) ~[ApacheJMeter_components.jar:5.6.3]
	at org.apache.jmeter.threads.JMeterThread.processAssertion(JMeterThread.java:949) ~[ApacheJMeter_core.jar:5.6.3]
	at org.apache.jmeter.threads.JMeterThread.checkAssertions(JMeterThread.java:918) ~[ApacheJMeter_core.jar:5.6.3]
	at org.apache.jmeter.threads.JMeterThread.executeSamplePackage(JMeterThread.java:586) ~[ApacheJMeter_core.jar:5.6.3]
	at org.apache.jmeter.threads.JMeterThread.processSampler(JMeterThread.java:501) ~[ApacheJMeter_core.jar:5.6.3]
	at org.apache.jmeter.threads.JMeterThread.run(JMeterThread.java:268) ~[ApacheJMeter_core.jar:5.6.3]
	at java.base/java.lang.Thread.run(Thread.java:1583) [?:?]
Caused by: groovy.json.JsonException: Unable to determine the current character, it is not a string, number, array, or object

The current character read is '<' with an int value of 60
Unable to determine the current character, it is not a string, number, array, or object
line number 1
index number 0
<!DOCTYPE html>
^
	at org.apache.groovy.json.internal.JsonParserCharArray.decodeValueInternal(JsonParserCharArray.java:202) ~[groovy-json-3.0.20.jar:3.0.20]
	at org.apache.groovy.json.internal.JsonParserCharArray.decodeValue(JsonParserCharArray.java:153) ~[groovy-json-3.0.20.jar:3.0.20]
	at org.apache.groovy.json.internal.JsonParserCharArray.decodeFromChars(JsonParserCharArray.java:43) ~[groovy-json-3.0.20.jar:3.0.20]
	at org.apache.groovy.json.internal.JsonParserCharArray.parse(JsonParserCharArray.java:380) ~[groovy-json-3.0.20.jar:3.0.20]
	at org.apache.groovy.json.internal.BaseJsonParser.parse(BaseJsonParser.java:113) ~[groovy-json-3.0.20.jar:3.0.20]
	at groovy.json.JsonSlurper.parseText(JsonSlurper.java:204) ~[groovy-json-3.0.20.jar:3.0.20]
	at groovy.json.JsonSlurper$parseText.call(Unknown Source) ~[?:?]
	at Script5.run(Script5.groovy:1) ~[?:?]
	at org.codehaus.groovy.jsr223.GroovyScriptEngineImpl.eval(GroovyScriptEngineImpl.java:317) ~[groovy-jsr223-3.0.20.jar:3.0.20]
	... 10 more
2026-08-31 17:34:14,569 ERROR o.a.j.a.JSR223Assertion: Problem in JSR223 script: Validate coupon amounts
javax.script.ScriptException: groovy.json.JsonException: Unable to determine the current character, it is not a string, number, array, or object

The current character read is '<' with an int value of 60
Unable to determine the current character, it is not a string, number, array, or object
line number 1
index number 0
<!DOCTYPE html>
^
	at org.codehaus.groovy.jsr223.GroovyScriptEngineImpl.eval(GroovyScriptEngineImpl.java:320) ~[groovy-jsr223-3.0.20.jar:3.0.20]
	at org.codehaus.groovy.jsr223.GroovyCompiledScript.eval(GroovyCompiledScript.java:71) ~[groovy-jsr223-3.0.20.jar:3.0.20]
	at java.scripting/javax.script.CompiledScript.eval(CompiledScript.java:93) ~[java.scripting:?]
	at org.apache.jmeter.util.JSR223TestElement.processFileOrScript(JSR223TestElement.java:230) ~[ApacheJMeter_core.jar:5.6.3]
	at org.apache.jmeter.assertions.JSR223Assertion.getResult(JSR223Assertion.java:50) ~[ApacheJMeter_components.jar:5.6.3]
	at org.apache.jmeter.threads.JMeterThread.processAssertion(JMeterThread.java:949) ~[ApacheJMeter_core.jar:5.6.3]
	at org.apache.jmeter.threads.JMeterThread.checkAssertions(JMeterThread.java:918) ~[ApacheJMeter_core.jar:5.6.3]
	at org.apache.jmeter.threads.JMeterThread.executeSamplePackage(JMeterThread.java:586) ~[ApacheJMeter_core.jar:5.6.3]
	at org.apache.jmeter.threads.JMeterThread.processSampler(JMeterThread.java:501) ~[ApacheJMeter_core.jar:5.6.3]
	at org.apache.jmeter.threads.JMeterThread.run(JMeterThread.java:268) ~[ApacheJMeter_core.jar:5.6.3]
	at java.base/java.lang.Thread.run(Thread.java:1583) [?:?]
Caused by: groovy.json.JsonException: Unable to determine the current character, it is not a string, number, array, or object

The current character read is '<' with an int value of 60
Unable to determine the current character, it is not a string, number, array, or object
line number 1
index number 0
<!DOCTYPE html>
^
	at org.apache.groovy.json.internal.JsonParserCharArray.decodeValueInternal(JsonParserCharArray.java:202) ~[groovy-json-3.0.20.jar:3.0.20]
	at org.apache.groovy.json.internal.JsonParserCharArray.decodeValue(JsonParserCharArray.java:153) ~[groovy-json-3.0.20.jar:3.0.20]
	at org.apache.groovy.json.internal.JsonParserCharArray.decodeFromChars(JsonParserCharArray.java:43) ~[groovy-json-3.0.20.jar:3.0.20]
	at org.apache.groovy.json.internal.JsonParserCharArray.parse(JsonParserCharArray.java:380) ~[groovy-json-3.0.20.jar:3.0.20]
	at org.apache.groovy.json.internal.BaseJsonParser.parse(BaseJsonParser.java:113) ~[groovy-json-3.0.20.jar:3.0.20]
	at groovy.json.JsonSlurper.parseText(JsonSlurper.java:204) ~[groovy-json-3.0.20.jar:3.0.20]
	at groovy.json.JsonSlurper$parseText.call(Unknown Source) ~[?:?]
	at Script5.run(Script5.groovy:1) ~[?:?]
	at org.codehaus.groovy.jsr223.GroovyScriptEngineImpl.eval(GroovyScriptEngineImpl.java:317) ~[groovy-jsr223-3.0.20.jar:3.0.20]
	... 10 more
2026-08-31 17:34:14,883 ERROR o.a.j.a.JSR223Assertion: Problem in JSR223 script: Validate coupon amounts
javax.script.ScriptException: groovy.json.JsonException: Unable to determine the current character, it is not a string, number, array, or object

The current character read is '<' with an int value of 60
Unable to determine the current character, it is not a string, number, array, or object
line number 1
index number 0
<!DOCTYPE html>
^
	at org.codehaus.groovy.jsr223.GroovyScriptEngineImpl.eval(GroovyScriptEngineImpl.java:320) ~[groovy-jsr223-3.0.20.jar:3.0.20]
	at org.codehaus.groovy.jsr223.GroovyCompiledScript.eval(GroovyCompiledScript.java:71) ~[groovy-jsr223-3.0.20.jar:3.0.20]
	at java.scripting/javax.script.CompiledScript.eval(CompiledScript.java:93) ~[java.scripting:?]
	at org.apache.jmeter.util.JSR223TestElement.processFileOrScript(JSR223TestElement.java:230) ~[ApacheJMeter_core.jar:5.6.3]
	at org.apache.jmeter.assertions.JSR223Assertion.getResult(JSR223Assertion.java:50) ~[ApacheJMeter_components.jar:5.6.3]
	at org.apache.jmeter.threads.JMeterThread.processAssertion(JMeterThread.java:949) ~[ApacheJMeter_core.jar:5.6.3]
	at org.apache.jmeter.threads.JMeterThread.checkAssertions(JMeterThread.java:918) ~[ApacheJMeter_core.jar:5.6.3]
	at org.apache.jmeter.threads.JMeterThread.executeSamplePackage(JMeterThread.java:586) ~[ApacheJMeter_core.jar:5.6.3]
	at org.apache.jmeter.threads.JMeterThread.processSampler(JMeterThread.java:501) ~[ApacheJMeter_core.jar:5.6.3]
	at org.apache.jmeter.threads.JMeterThread.run(JMeterThread.java:268) ~[ApacheJMeter_core.jar:5.6.3]
	at java.base/java.lang.Thread.run(Thread.java:1583) [?:?]
Caused by: groovy.json.JsonException: Unable to determine the current character, it is not a string, number, array, or object

The current character read is '<' with an int value of 60
Unable to determine the current character, it is not a string, number, array, or object
line number 1
index number 0
<!DOCTYPE html>
^
	at org.apache.groovy.json.internal.JsonParserCharArray.decodeValueInternal(JsonParserCharArray.java:202) ~[groovy-json-3.0.20.jar:3.0.20]
	at org.apache.groovy.json.internal.JsonParserCharArray.decodeValue(JsonParserCharArray.java:153) ~[groovy-json-3.0.20.jar:3.0.20]
	at org.apache.groovy.json.internal.JsonParserCharArray.decodeFromChars(JsonParserCharArray.java:43) ~[groovy-json-3.0.20.jar:3.0.20]
	at org.apache.groovy.json.internal.JsonParserCharArray.parse(JsonParserCharArray.java:380) ~[groovy-json-3.0.20.jar:3.0.20]
	at org.apache.groovy.json.internal.BaseJsonParser.parse(BaseJsonParser.java:113) ~[groovy-json-3.0.20.jar:3.0.20]
	at groovy.json.JsonSlurper.parseText(JsonSlurper.java:204) ~[groovy-json-3.0.20.jar:3.0.20]
	at groovy.json.JsonSlurper$parseText.call(Unknown Source) ~[?:?]
	at Script5.run(Script5.groovy:1) ~[?:?]
	at org.codehaus.groovy.jsr223.GroovyScriptEngineImpl.eval(GroovyScriptEngineImpl.java:317) ~[groovy-jsr223-3.0.20.jar:3.0.20]
	... 10 more
2026-08-31 17:34:14,893 ERROR o.a.j.a.JSR223Assertion: Problem in JSR223 script: Validate coupon amounts
javax.script.ScriptException: groovy.json.JsonException: Unable to determine the current character, it is not a string, number, array, or object

The current character read is '<' with an int value of 60
Unable to determine the current character, it is not a string, number, array, or object
line number 1
index number 0
<!DOCTYPE html>
^
	at org.codehaus.groovy.jsr223.GroovyScriptEngineImpl.eval(GroovyScriptEngineImpl.java:320) ~[groovy-jsr223-3.0.20.jar:3.0.20]
	at org.codehaus.groovy.jsr223.GroovyCompiledScript.eval(GroovyCompiledScript.java:71) ~[groovy-jsr223-3.0.20.jar:3.0.20]
	at java.scripting/javax.script.CompiledScript.eval(CompiledScript.java:93) ~[java.scripting:?]
	at org.apache.jmeter.util.JSR223TestElement.processFileOrScript(JSR223TestElement.java:230) ~[ApacheJMeter_core.jar:5.6.3]
	at org.apache.jmeter.assertions.JSR223Assertion.getResult(JSR223Assertion.java:50) ~[ApacheJMeter_components.jar:5.6.3]
	at org.apache.jmeter.threads.JMeterThread.processAssertion(JMeterThread.java:949) ~[ApacheJMeter_core.jar:5.6.3]
	at org.apache.jmeter.threads.JMeterThread.checkAssertions(JMeterThread.java:918) ~[ApacheJMeter_core.jar:5.6.3]
	at org.apache.jmeter.threads.JMeterThread.executeSamplePackage(JMeterThread.java:586) ~[ApacheJMeter_core.jar:5.6.3]
	at org.apache.jmeter.threads.JMeterThread.processSampler(JMeterThread.java:501) ~[ApacheJMeter_core.jar:5.6.3]
	at org.apache.jmeter.threads.JMeterThread.run(JMeterThread.java:268) ~[ApacheJMeter_core.jar:5.6.3]
	at java.base/java.lang.Thread.run(Thread.java:1583) [?:?]
Caused by: groovy.json.JsonException: Unable to determine the current character, it is not a string, number, array, or object

The current character read is '<' with an int value of 60
Unable to determine the current character, it is not a string, number, array, or object
line number 1
index number 0
<!DOCTYPE html>
^
	at org.apache.groovy.json.internal.JsonParserCharArray.decodeValueInternal(JsonParserCharArray.java:202) ~[groovy-json-3.0.20.jar:3.0.20]
	at org.apache.groovy.json.internal.JsonParserCharArray.decodeValue(JsonParserCharArray.java:153) ~[groovy-json-3.0.20.jar:3.0.20]
	at org.apache.groovy.json.internal.JsonParserCharArray.decodeFromChars(JsonParserCharArray.java:43) ~[groovy-json-3.0.20.jar:3.0.20]
	at org.apache.groovy.json.internal.JsonParserCharArray.parse(JsonParserCharArray.java:380) ~[groovy-json-3.0.20.jar:3.0.20]
	at org.apache.groovy.json.internal.BaseJsonParser.parse(BaseJsonParser.java:113) ~[groovy-json-3.0.20.jar:3.0.20]
	at groovy.json.JsonSlurper.parseText(JsonSlurper.java:204) ~[groovy-json-3.0.20.jar:3.0.20]
	at groovy.json.JsonSlurper$parseText.call(Unknown Source) ~[?:?]
	at Script5.run(Script5.groovy:1) ~[?:?]
	at org.codehaus.groovy.jsr223.GroovyScriptEngineImpl.eval(GroovyScriptEngineImpl.java:317) ~[groovy-jsr223-3.0.20.jar:3.0.20]
	... 10 more
2026-08-31 17:34:15,701 ERROR o.a.j.a.JSR223Assertion: Problem in JSR223 script: Validate coupon amounts
javax.script.ScriptException: groovy.json.JsonException: Unable to determine the current character, it is not a string, number, array, or object

The current character read is '<' with an int value of 60
Unable to determine the current character, it is not a string, number, array, or object
line number 1
index number 0
<!DOCTYPE html>
^
	at org.codehaus.groovy.jsr223.GroovyScriptEngineImpl.eval(GroovyScriptEngineImpl.java:320) ~[groovy-jsr223-3.0.20.jar:3.0.20]
	at org.codehaus.groovy.jsr223.GroovyCompiledScript.eval(GroovyCompiledScript.java:71) ~[groovy-jsr223-3.0.20.jar:3.0.20]
	at java.scripting/javax.script.CompiledScript.eval(CompiledScript.java:93) ~[java.scripting:?]
	at org.apache.jmeter.util.JSR223TestElement.processFileOrScript(JSR223TestElement.java:230) ~[ApacheJMeter_core.jar:5.6.3]
	at org.apache.jmeter.assertions.JSR223Assertion.getResult(JSR223Assertion.java:50) ~[ApacheJMeter_components.jar:5.6.3]
	at org.apache.jmeter.threads.JMeterThread.processAssertion(JMeterThread.java:949) ~[ApacheJMeter_core.jar:5.6.3]
	at org.apache.jmeter.threads.JMeterThread.checkAssertions(JMeterThread.java:918) ~[ApacheJMeter_core.jar:5.6.3]
	at org.apache.jmeter.threads.JMeterThread.executeSamplePackage(JMeterThread.java:586) ~[ApacheJMeter_core.jar:5.6.3]
	at org.apache.jmeter.threads.JMeterThread.processSampler(JMeterThread.java:501) ~[ApacheJMeter_core.jar:5.6.3]
	at org.apache.jmeter.threads.JMeterThread.run(JMeterThread.java:268) ~[ApacheJMeter_core.jar:5.6.3]
	at java.base/java.lang.Thread.run(Thread.java:1583) [?:?]
Caused by: groovy.json.JsonException: Unable to determine the current character, it is not a string, number, array, or object

The current character read is '<' with an int value of 60
Unable to determine the current character, it is not a string, number, array, or object
line number 1
index number 0
<!DOCTYPE html>
^
	at org.apache.groovy.json.internal.JsonParserCharArray.decodeValueInternal(JsonParserCharArray.java:202) ~[groovy-json-3.0.20.jar:3.0.20]
	at org.apache.groovy.json.internal.JsonParserCharArray.decodeValue(JsonParserCharArray.java:153) ~[groovy-json-3.0.20.jar:3.0.20]
	at org.apache.groovy.json.internal.JsonParserCharArray.decodeFromChars(JsonParserCharArray.java:43) ~[groovy-json-3.0.20.jar:3.0.20]
	at org.apache.groovy.json.internal.JsonParserCharArray.parse(JsonParserCharArray.java:380) ~[groovy-json-3.0.20.jar:3.0.20]
	at org.apache.groovy.json.internal.BaseJsonParser.parse(BaseJsonParser.java:113) ~[groovy-json-3.0.20.jar:3.0.20]
	at groovy.json.JsonSlurper.parseText(JsonSlurper.java:204) ~[groovy-json-3.0.20.jar:3.0.20]
	at groovy.json.JsonSlurper$parseText.call(Unknown Source) ~[?:?]
	at Script5.run(Script5.groovy:1) ~[?:?]
	at org.codehaus.groovy.jsr223.GroovyScriptEngineImpl.eval(GroovyScriptEngineImpl.java:317) ~[groovy-jsr223-3.0.20.jar:3.0.20]
	... 10 more
2026-08-31 17:34:16,323 ERROR o.a.j.a.JSR223Assertion: Problem in JSR223 script: Validate coupon amounts
javax.script.ScriptException: groovy.json.JsonException: Unable to determine the current character, it is not a string, number, array, or object

The current character read is '<' with an int value of 60
Unable to determine the current character, it is not a string, number, array, or object
line number 1
index number 0
<!DOCTYPE html>
^
	at org.codehaus.groovy.jsr223.GroovyScriptEngineImpl.eval(GroovyScriptEngineImpl.java:320) ~[groovy-jsr223-3.0.20.jar:3.0.20]
	at org.codehaus.groovy.jsr223.GroovyCompiledScript.eval(GroovyCompiledScript.java:71) ~[groovy-jsr223-3.0.20.jar:3.0.20]
	at java.scripting/javax.script.CompiledScript.eval(CompiledScript.java:93) ~[java.scripting:?]
	at org.apache.jmeter.util.JSR223TestElement.processFileOrScript(JSR223TestElement.java:230) ~[ApacheJMeter_core.jar:5.6.3]
	at org.apache.jmeter.assertions.JSR223Assertion.getResult(JSR223Assertion.java:50) ~[ApacheJMeter_components.jar:5.6.3]
	at org.apache.jmeter.threads.JMeterThread.processAssertion(JMeterThread.java:949) ~[ApacheJMeter_core.jar:5.6.3]
	at org.apache.jmeter.threads.JMeterThread.checkAssertions(JMeterThread.java:918) ~[ApacheJMeter_core.jar:5.6.3]
	at org.apache.jmeter.threads.JMeterThread.executeSamplePackage(JMeterThread.java:586) ~[ApacheJMeter_core.jar:5.6.3]
	at org.apache.jmeter.threads.JMeterThread.processSampler(JMeterThread.java:501) ~[ApacheJMeter_core.jar:5.6.3]
	at org.apache.jmeter.threads.JMeterThread.run(JMeterThread.java:268) ~[ApacheJMeter_core.jar:5.6.3]
	at java.base/java.lang.Thread.run(Thread.java:1583) [?:?]
Caused by: groovy.json.JsonException: Unable to determine the current character, it is not a string, number, array, or object

The current character read is '<' with an int value of 60
Unable to determine the current character, it is not a string, number, array, or object
line number 1
index number 0
<!DOCTYPE html>
^
	at org.apache.groovy.json.internal.JsonParserCharArray.decodeValueInternal(JsonParserCharArray.java:202) ~[groovy-json-3.0.20.jar:3.0.20]
	at org.apache.groovy.json.internal.JsonParserCharArray.decodeValue(JsonParserCharArray.java:153) ~[groovy-json-3.0.20.jar:3.0.20]
	at org.apache.groovy.json.internal.JsonParserCharArray.decodeFromChars(JsonParserCharArray.java:43) ~[groovy-json-3.0.20.jar:3.0.20]
	at org.apache.groovy.json.internal.JsonParserCharArray.parse(JsonParserCharArray.java:380) ~[groovy-json-3.0.20.jar:3.0.20]
	at org.apache.groovy.json.internal.BaseJsonParser.parse(BaseJsonParser.java:113) ~[groovy-json-3.0.20.jar:3.0.20]
	at groovy.json.JsonSlurper.parseText(JsonSlurper.java:204) ~[groovy-json-3.0.20.jar:3.0.20]
	at groovy.json.JsonSlurper$parseText.call(Unknown Source) ~[?:?]
	at Script5.run(Script5.groovy:1) ~[?:?]
	at org.codehaus.groovy.jsr223.GroovyScriptEngineImpl.eval(GroovyScriptEngineImpl.java:317) ~[groovy-jsr223-3.0.20.jar:3.0.20]
	... 10 more
2026-08-31 17:34:16,509 ERROR o.a.j.a.JSR223Assertion: Problem in JSR223 script: Validate coupon amounts
javax.script.ScriptException: groovy.json.JsonException: Unable to determine the current character, it is not a string, number, array, or object

The current character read is '<' with an int value of 60
Unable to determine the current character, it is not a string, number, array, or object
line number 1
index number 0
<!DOCTYPE html>
^
	at org.codehaus.groovy.jsr223.GroovyScriptEngineImpl.eval(GroovyScriptEngineImpl.java:320) ~[groovy-jsr223-3.0.20.jar:3.0.20]
	at org.codehaus.groovy.jsr223.GroovyCompiledScript.eval(GroovyCompiledScript.java:71) ~[groovy-jsr223-3.0.20.jar:3.0.20]
	at java.scripting/javax.script.CompiledScript.eval(CompiledScript.java:93) ~[java.scripting:?]
	at org.apache.jmeter.util.JSR223TestElement.processFileOrScript(JSR223TestElement.java:230) ~[ApacheJMeter_core.jar:5.6.3]
	at org.apache.jmeter.assertions.JSR223Assertion.getResult(JSR223Assertion.java:50) ~[ApacheJMeter_components.jar:5.6.3]
	at org.apache.jmeter.threads.JMeterThread.processAssertion(JMeterThread.java:949) ~[ApacheJMeter_core.jar:5.6.3]
	at org.apache.jmeter.threads.JMeterThread.checkAssertions(JMeterThread.java:918) ~[ApacheJMeter_core.jar:5.6.3]
	at org.apache.jmeter.threads.JMeterThread.executeSamplePackage(JMeterThread.java:586) ~[ApacheJMeter_core.jar:5.6.3]
	at org.apache.jmeter.threads.JMeterThread.processSampler(JMeterThread.java:501) ~[ApacheJMeter_core.jar:5.6.3]
	at org.apache.jmeter.threads.JMeterThread.run(JMeterThread.java:268) ~[ApacheJMeter_core.jar:5.6.3]
	at java.base/java.lang.Thread.run(Thread.java:1583) [?:?]
Caused by: groovy.json.JsonException: Unable to determine the current character, it is not a string, number, array, or object

The current character read is '<' with an int value of 60
Unable to determine the current character, it is not a string, number, array, or object
line number 1
index number 0
<!DOCTYPE html>
^
	at org.apache.groovy.json.internal.JsonParserCharArray.decodeValueInternal(JsonParserCharArray.java:202) ~[groovy-json-3.0.20.jar:3.0.20]
	at org.apache.groovy.json.internal.JsonParserCharArray.decodeValue(JsonParserCharArray.java:153) ~[groovy-json-3.0.20.jar:3.0.20]
	at org.apache.groovy.json.internal.JsonParserCharArray.decodeFromChars(JsonParserCharArray.java:43) ~[groovy-json-3.0.20.jar:3.0.20]
	at org.apache.groovy.json.internal.JsonParserCharArray.parse(JsonParserCharArray.java:380) ~[groovy-json-3.0.20.jar:3.0.20]
	at org.apache.groovy.json.internal.BaseJsonParser.parse(BaseJsonParser.java:113) ~[groovy-json-3.0.20.jar:3.0.20]
	at groovy.json.JsonSlurper.parseText(JsonSlurper.java:204) ~[groovy-json-3.0.20.jar:3.0.20]
	at groovy.json.JsonSlurper$parseText.call(Unknown Source) ~[?:?]
	at Script5.run(Script5.groovy:1) ~[?:?]
	at org.codehaus.groovy.jsr223.GroovyScriptEngineImpl.eval(GroovyScriptEngineImpl.java:317) ~[groovy-jsr223-3.0.20.jar:3.0.20]
	... 10 more
2026-08-31 17:34:16,731 ERROR o.a.j.a.JSR223Assertion: Problem in JSR223 script: Validate coupon amounts
javax.script.ScriptException: groovy.json.JsonException: Unable to determine the current character, it is not a string, number, array, or object

The current character read is '<' with an int value of 60
Unable to determine the current character, it is not a string, number, array, or object
line number 1
index number 0
<!DOCTYPE html>
^
	at org.codehaus.groovy.jsr223.GroovyScriptEngineImpl.eval(GroovyScriptEngineImpl.java:320) ~[groovy-jsr223-3.0.20.jar:3.0.20]
	at org.codehaus.groovy.jsr223.GroovyCompiledScript.eval(GroovyCompiledScript.java:71) ~[groovy-jsr223-3.0.20.jar:3.0.20]
	at java.scripting/javax.script.CompiledScript.eval(CompiledScript.java:93) ~[java.scripting:?]
	at org.apache.jmeter.util.JSR223TestElement.processFileOrScript(JSR223TestElement.java:230) ~[ApacheJMeter_core.jar:5.6.3]
	at org.apache.jmeter.assertions.JSR223Assertion.getResult(JSR223Assertion.java:50) ~[ApacheJMeter_components.jar:5.6.3]
	at org.apache.jmeter.threads.JMeterThread.processAssertion(JMeterThread.java:949) ~[ApacheJMeter_core.jar:5.6.3]
	at org.apache.jmeter.threads.JMeterThread.checkAssertions(JMeterThread.java:918) ~[ApacheJMeter_core.jar:5.6.3]
	at org.apache.jmeter.threads.JMeterThread.executeSamplePackage(JMeterThread.java:586) ~[ApacheJMeter_core.jar:5.6.3]
	at org.apache.jmeter.threads.JMeterThread.processSampler(JMeterThread.java:501) ~[ApacheJMeter_core.jar:5.6.3]
	at org.apache.jmeter.threads.JMeterThread.run(JMeterThread.java:268) ~[ApacheJMeter_core.jar:5.6.3]
	at java.base/java.lang.Thread.run(Thread.java:1583) [?:?]
Caused by: groovy.json.JsonException: Unable to determine the current character, it is not a string, number, array, or object

The current character read is '<' with an int value of 60
Unable to determine the current character, it is not a string, number, array, or object
line number 1
index number 0
<!DOCTYPE html>
^
	at org.apache.groovy.json.internal.JsonParserCharArray.decodeValueInternal(JsonParserCharArray.java:202) ~[groovy-json-3.0.20.jar:3.0.20]
	at org.apache.groovy.json.internal.JsonParserCharArray.decodeValue(JsonParserCharArray.java:153) ~[groovy-json-3.0.20.jar:3.0.20]
	at org.apache.groovy.json.internal.JsonParserCharArray.decodeFromChars(JsonParserCharArray.java:43) ~[groovy-json-3.0.20.jar:3.0.20]
	at org.apache.groovy.json.internal.JsonParserCharArray.parse(JsonParserCharArray.java:380) ~[groovy-json-3.0.20.jar:3.0.20]
	at org.apache.groovy.json.internal.BaseJsonParser.parse(BaseJsonParser.java:113) ~[groovy-json-3.0.20.jar:3.0.20]
	at groovy.json.JsonSlurper.parseText(JsonSlurper.java:204) ~[groovy-json-3.0.20.jar:3.0.20]
	at groovy.json.JsonSlurper$parseText.call(Unknown Source) ~[?:?]
	at Script5.run(Script5.groovy:1) ~[?:?]
	at org.codehaus.groovy.jsr223.GroovyScriptEngineImpl.eval(GroovyScriptEngineImpl.java:317) ~[groovy-jsr223-3.0.20.jar:3.0.20]
	... 10 more
2026-08-31 17:34:16,745 ERROR o.a.j.a.JSR223Assertion: Problem in JSR223 script: Validate coupon amounts
javax.script.ScriptException: groovy.json.JsonException: Unable to determine the current character, it is not a string, number, array, or object

The current character read is '<' with an int value of 60
Unable to determine the current character, it is not a string, number, array, or object
line number 1
index number 0
<!DOCTYPE html>
^
	at org.codehaus.groovy.jsr223.GroovyScriptEngineImpl.eval(GroovyScriptEngineImpl.java:320) ~[groovy-jsr223-3.0.20.jar:3.0.20]
	at org.codehaus.groovy.jsr223.GroovyCompiledScript.eval(GroovyCompiledScript.java:71) ~[groovy-jsr223-3.0.20.jar:3.0.20]
	at java.scripting/javax.script.CompiledScript.eval(CompiledScript.java:93) ~[java.scripting:?]
	at org.apache.jmeter.util.JSR223TestElement.processFileOrScript(JSR223TestElement.java:230) ~[ApacheJMeter_core.jar:5.6.3]
	at org.apache.jmeter.assertions.JSR223Assertion.getResult(JSR223Assertion.java:50) ~[ApacheJMeter_components.jar:5.6.3]
	at org.apache.jmeter.threads.JMeterThread.processAssertion(JMeterThread.java:949) ~[ApacheJMeter_core.jar:5.6.3]
	at org.apache.jmeter.threads.JMeterThread.checkAssertions(JMeterThread.java:918) ~[ApacheJMeter_core.jar:5.6.3]
	at org.apache.jmeter.threads.JMeterThread.executeSamplePackage(JMeterThread.java:586) ~[ApacheJMeter_core.jar:5.6.3]
	at org.apache.jmeter.threads.JMeterThread.processSampler(JMeterThread.java:501) ~[ApacheJMeter_core.jar:5.6.3]
	at org.apache.jmeter.threads.JMeterThread.run(JMeterThread.java:268) ~[ApacheJMeter_core.jar:5.6.3]
	at java.base/java.lang.Thread.run(Thread.java:1583) [?:?]
Caused by: groovy.json.JsonException: Unable to determine the current character, it is not a string, number, array, or object

The current character read is '<' with an int value of 60
Unable to determine the current character, it is not a string, number, array, or object
line number 1
index number 0
<!DOCTYPE html>
^
	at org.apache.groovy.json.internal.JsonParserCharArray.decodeValueInternal(JsonParserCharArray.java:202) ~[groovy-json-3.0.20.jar:3.0.20]
	at org.apache.groovy.json.internal.JsonParserCharArray.decodeValue(JsonParserCharArray.java:153) ~[groovy-json-3.0.20.jar:3.0.20]
	at org.apache.groovy.json.internal.JsonParserCharArray.decodeFromChars(JsonParserCharArray.java:43) ~[groovy-json-3.0.20.jar:3.0.20]
	at org.apache.groovy.json.internal.JsonParserCharArray.parse(JsonParserCharArray.java:380) ~[groovy-json-3.0.20.jar:3.0.20]
	at org.apache.groovy.json.internal.BaseJsonParser.parse(BaseJsonParser.java:113) ~[groovy-json-3.0.20.jar:3.0.20]
	at groovy.json.JsonSlurper.parseText(JsonSlurper.java:204) ~[groovy-json-3.0.20.jar:3.0.20]
	at groovy.json.JsonSlurper$parseText.call(Unknown Source) ~[?:?]
	at Script5.run(Script5.groovy:1) ~[?:?]
	at org.codehaus.groovy.jsr223.GroovyScriptEngineImpl.eval(GroovyScriptEngineImpl.java:317) ~[groovy-jsr223-3.0.20.jar:3.0.20]
	... 10 more
2026-08-31 17:34:16,793 ERROR o.a.j.a.JSR223Assertion: Problem in JSR223 script: Validate coupon amounts
javax.script.ScriptException: groovy.json.JsonException: Unable to determine the current character, it is not a string, number, array, or object

The current character read is '<' with an int value of 60
Unable to determine the current character, it is not a string, number, array, or object
line number 1
index number 0
<!DOCTYPE html>
^
	at org.codehaus.groovy.jsr223.GroovyScriptEngineImpl.eval(GroovyScriptEngineImpl.java:320) ~[groovy-jsr223-3.0.20.jar:3.0.20]
	at org.codehaus.groovy.jsr223.GroovyCompiledScript.eval(GroovyCompiledScript.java:71) ~[groovy-jsr223-3.0.20.jar:3.0.20]
	at java.scripting/javax.script.CompiledScript.eval(CompiledScript.java:93) ~[java.scripting:?]
	at org.apache.jmeter.util.JSR223TestElement.processFileOrScript(JSR223TestElement.java:230) ~[ApacheJMeter_core.jar:5.6.3]
	at org.apache.jmeter.assertions.JSR223Assertion.getResult(JSR223Assertion.java:50) ~[ApacheJMeter_components.jar:5.6.3]
	at org.apache.jmeter.threads.JMeterThread.processAssertion(JMeterThread.java:949) ~[ApacheJMeter_core.jar:5.6.3]
	at org.apache.jmeter.threads.JMeterThread.checkAssertions(JMeterThread.java:918) ~[ApacheJMeter_core.jar:5.6.3]
	at org.apache.jmeter.threads.JMeterThread.executeSamplePackage(JMeterThread.java:586) ~[ApacheJMeter_core.jar:5.6.3]
	at org.apache.jmeter.threads.JMeterThread.processSampler(JMeterThread.java:501) ~[ApacheJMeter_core.jar:5.6.3]
	at org.apache.jmeter.threads.JMeterThread.run(JMeterThread.java:268) ~[ApacheJMeter_core.jar:5.6.3]
	at java.base/java.lang.Thread.run(Thread.java:1583) [?:?]
Caused by: groovy.json.JsonException: Unable to determine the current character, it is not a string, number, array, or object

The current character read is '<' with an int value of 60
Unable to determine the current character, it is not a string, number, array, or object
line number 1
index number 0
<!DOCTYPE html>
^
	at org.apache.groovy.json.internal.JsonParserCharArray.decodeValueInternal(JsonParserCharArray.java:202) ~[groovy-json-3.0.20.jar:3.0.20]
	at org.apache.groovy.json.internal.JsonParserCharArray.decodeValue(JsonParserCharArray.java:153) ~[groovy-json-3.0.20.jar:3.0.20]
	at org.apache.groovy.json.internal.JsonParserCharArray.decodeFromChars(JsonParserCharArray.java:43) ~[groovy-json-3.0.20.jar:3.0.20]
	at org.apache.groovy.json.internal.JsonParserCharArray.parse(JsonParserCharArray.java:380) ~[groovy-json-3.0.20.jar:3.0.20]
	at org.apache.groovy.json.internal.BaseJsonParser.parse(BaseJsonParser.java:113) ~[groovy-json-3.0.20.jar:3.0.20]
	at groovy.json.JsonSlurper.parseText(JsonSlurper.java:204) ~[groovy-json-3.0.20.jar:3.0.20]
	at groovy.json.JsonSlurper$parseText.call(Unknown Source) ~[?:?]
	at Script5.run(Script5.groovy:1) ~[?:?]
	at org.codehaus.groovy.jsr223.GroovyScriptEngineImpl.eval(GroovyScriptEngineImpl.java:317) ~[groovy-jsr223-3.0.20.jar:3.0.20]
	... 10 more
2026-08-31 17:34:17,674 ERROR o.a.j.a.JSR223Assertion: Problem in JSR223 script: Validate coupon amounts
javax.script.ScriptException: groovy.json.JsonException: Unable to determine the current character, it is not a string, number, array, or object

The current character read is '<' with an int value of 60
Unable to determine the current character, it is not a string, number, array, or object
line number 1
index number 0
<!DOCTYPE html>
^
	at org.codehaus.groovy.jsr223.GroovyScriptEngineImpl.eval(GroovyScriptEngineImpl.java:320) ~[groovy-jsr223-3.0.20.jar:3.0.20]
	at org.codehaus.groovy.jsr223.GroovyCompiledScript.eval(GroovyCompiledScript.java:71) ~[groovy-jsr223-3.0.20.jar:3.0.20]
	at java.scripting/javax.script.CompiledScript.eval(CompiledScript.java:93) ~[java.scripting:?]
	at org.apache.jmeter.util.JSR223TestElement.processFileOrScript(JSR223TestElement.java:230) ~[ApacheJMeter_core.jar:5.6.3]
	at org.apache.jmeter.assertions.JSR223Assertion.getResult(JSR223Assertion.java:50) ~[ApacheJMeter_components.jar:5.6.3]
	at org.apache.jmeter.threads.JMeterThread.processAssertion(JMeterThread.java:949) ~[ApacheJMeter_core.jar:5.6.3]
	at org.apache.jmeter.threads.JMeterThread.checkAssertions(JMeterThread.java:918) ~[ApacheJMeter_core.jar:5.6.3]
	at org.apache.jmeter.threads.JMeterThread.executeSamplePackage(JMeterThread.java:586) ~[ApacheJMeter_core.jar:5.6.3]
	at org.apache.jmeter.threads.JMeterThread.processSampler(JMeterThread.java:501) ~[ApacheJMeter_core.jar:5.6.3]
	at org.apache.jmeter.threads.JMeterThread.run(JMeterThread.java:268) ~[ApacheJMeter_core.jar:5.6.3]
	at java.base/java.lang.Thread.run(Thread.java:1583) [?:?]
Caused by: groovy.json.JsonException: Unable to determine the current character, it is not a string, number, array, or object

The current character read is '<' with an int value of 60
Unable to determine the current character, it is not a string, number, array, or object
line number 1
index number 0
<!DOCTYPE html>
^
	at org.apache.groovy.json.internal.JsonParserCharArray.decodeValueInternal(JsonParserCharArray.java:202) ~[groovy-json-3.0.20.jar:3.0.20]
	at org.apache.groovy.json.internal.JsonParserCharArray.decodeValue(JsonParserCharArray.java:153) ~[groovy-json-3.0.20.jar:3.0.20]
	at org.apache.groovy.json.internal.JsonParserCharArray.decodeFromChars(JsonParserCharArray.java:43) ~[groovy-json-3.0.20.jar:3.0.20]
	at org.apache.groovy.json.internal.JsonParserCharArray.parse(JsonParserCharArray.java:380) ~[groovy-json-3.0.20.jar:3.0.20]
	at org.apache.groovy.json.internal.BaseJsonParser.parse(BaseJsonParser.java:113) ~[groovy-json-3.0.20.jar:3.0.20]
	at groovy.json.JsonSlurper.parseText(JsonSlurper.java:204) ~[groovy-json-3.0.20.jar:3.0.20]
	at groovy.json.JsonSlurper$parseText.call(Unknown Source) ~[?:?]
	at Script5.run(Script5.groovy:1) ~[?:?]
	at org.codehaus.groovy.jsr223.GroovyScriptEngineImpl.eval(GroovyScriptEngineImpl.java:317) ~[groovy-jsr223-3.0.20.jar:3.0.20]
	... 10 more
2026-08-31 17:34:17,675 INFO o.a.j.t.JMeterThread: Thread finished: Load - 6 VUs steady 1-3
2026-08-31 17:34:17,790 INFO o.a.j.t.JMeterThread: Thread finished: Load - 6 VUs steady 1-5
2026-08-31 17:34:17,875 INFO o.a.j.t.JMeterThread: Thread finished: Load - 6 VUs steady 1-4
2026-08-31 17:34:17,911 INFO o.a.j.t.JMeterThread: Thread finished: Load - 6 VUs steady 1-1
2026-08-31 17:34:17,942 INFO o.a.j.t.JMeterThread: Thread finished: Load - 6 VUs steady 1-2
2026-08-31 17:34:17,949 INFO o.a.j.t.JMeterThread: Thread finished: Load - 6 VUs steady 1-6
2026-08-31 17:34:17,950 INFO o.a.j.e.StandardJMeterEngine: Notifying test listeners of end of test
2026-08-31 17:34:17,950 INFO o.a.j.s.FileServer: Close: ../data/performance_users.csv
2026-08-31 17:34:17,955 INFO o.a.j.r.Summariser: summary +    303 in 00:00:18 =   16.9/s Avg:     1 Min:     0 Max:     3 Err:   303 (100.00%) Active: 0 Started: 6 Finished: 6
2026-08-31 17:34:17,956 INFO o.a.j.r.Summariser: summary =   1908 in 00:02:00 =   15.9/s Avg:     1 Min:     0 Max:    17 Err:  1903 (99.74%)
2026-08-31 17:34:17,956 INFO o.a.j.JMeter: Generating Dashboard
2026-08-31 17:34:17,956 INFO o.a.j.r.d.ReportGenerator: Flushing result collector before report Generation
2026-08-31 17:34:17,968 INFO o.a.j.r.p.NormalizerSampleConsumer: Using format, 'ms', to parse timeStamp field
2026-08-31 17:34:18,042 INFO o.a.j.r.p.AbstractSampleConsumer: class org.apache.jmeter.report.processor.AggregateConsumer#stopProducing(): beginDate produced 0 samples
2026-08-31 17:34:18,042 INFO o.a.j.r.p.AbstractSampleConsumer: class org.apache.jmeter.report.processor.AggregateConsumer#stopProducing(): endDate produced 0 samples
2026-08-31 17:34:18,043 INFO o.a.j.r.p.AbstractSampleConsumer: class org.apache.jmeter.report.processor.ApdexSummaryConsumer#stopProducing(): apdexSummary produced 0 samples
2026-08-31 17:34:18,043 INFO o.a.j.r.p.AbstractSampleConsumer: class org.apache.jmeter.report.processor.RequestsSummaryConsumer#stopProducing(): requestsSummary produced 0 samples
2026-08-31 17:34:18,045 INFO o.a.j.r.p.AbstractSampleConsumer: class org.apache.jmeter.report.processor.StatisticsSummaryConsumer#stopProducing(): statisticsSummary produced 0 samples
2026-08-31 17:34:18,046 INFO o.a.j.r.p.AbstractSampleConsumer: class org.apache.jmeter.report.processor.Top5ErrorsBySamplerConsumer#stopProducing(): top5ErrorsBySampler produced 0 samples
2026-08-31 17:34:18,047 INFO o.a.j.r.p.AbstractSampleConsumer: class org.apache.jmeter.report.processor.ErrorsSummaryConsumer#stopProducing(): errorsSummary produced 0 samples
2026-08-31 17:34:18,047 INFO o.a.j.r.p.AbstractSampleConsumer: class org.apache.jmeter.report.processor.graph.impl.HitsPerSecondGraphConsumer#stopProducing(): hitsPerSecond produced 0 samples
2026-08-31 17:34:18,059 INFO o.a.j.r.p.AbstractSampleConsumer: class org.apache.jmeter.report.processor.graph.impl.LatencyVSRequestGraphConsumer#stopProducing(): latencyVsRequest produced 0 samples
2026-08-31 17:34:18,059 INFO o.a.j.r.p.AbstractSampleConsumer: class org.apache.jmeter.report.processor.graph.impl.SyntheticResponseTimeDistributionGraphConsumer#stopProducing(): syntheticResponseTimeDistribution produced 0 samples
2026-08-31 17:34:18,059 INFO o.a.j.r.p.AbstractSampleConsumer: class org.apache.jmeter.report.processor.graph.impl.BytesThroughputGraphConsumer#stopProducing(): bytesThroughputOverTime produced 0 samples
2026-08-31 17:34:18,059 INFO o.a.j.r.p.AbstractSampleConsumer: class org.apache.jmeter.report.processor.graph.impl.CodesPerSecondGraphConsumer#stopProducing(): codesPerSecond produced 0 samples
2026-08-31 17:34:18,067 INFO o.a.j.r.p.AbstractSampleConsumer: class org.apache.jmeter.report.processor.graph.impl.ResponseTimeVSRequestGraphConsumer#stopProducing(): responseTimeVsRequest produced 0 samples
2026-08-31 17:34:18,067 INFO o.a.j.r.p.AbstractSampleConsumer: class org.apache.jmeter.report.processor.FilterConsumer#stopProducing(): startIntervalControlerFilter produced 13356 samples
2026-08-31 17:34:18,067 INFO o.a.j.r.p.AbstractSampleConsumer: class org.apache.jmeter.report.processor.graph.impl.TotalTPSGraphConsumer#stopProducing(): totalTPS produced 0 samples
2026-08-31 17:34:18,067 INFO o.a.j.r.p.AbstractSampleConsumer: class org.apache.jmeter.report.processor.graph.impl.ActiveThreadsGraphConsumer#stopProducing(): activeThreadsOverTime produced 0 samples
2026-08-31 17:34:18,067 INFO o.a.j.r.p.AbstractSampleConsumer: class org.apache.jmeter.report.processor.graph.impl.TimeVSThreadGraphConsumer#stopProducing(): timeVsThreads produced 0 samples
2026-08-31 17:34:18,067 INFO o.a.j.r.p.AbstractSampleConsumer: class org.apache.jmeter.report.processor.graph.impl.ResponseTimeDistributionGraphConsumer#stopProducing(): responseTimeDistribution produced 0 samples
2026-08-31 17:34:18,067 INFO o.a.j.r.p.AbstractSampleConsumer: class org.apache.jmeter.report.processor.graph.impl.TransactionsPerSecondGraphConsumer#stopProducing(): transactionsPerSecond produced 0 samples
2026-08-31 17:34:18,067 INFO o.a.j.r.p.AbstractSampleConsumer: class org.apache.jmeter.report.processor.graph.impl.ResponseTimePercentilesGraphConsumer#stopProducing(): responseTimePercentiles produced 0 samples
2026-08-31 17:34:18,068 INFO o.a.j.r.p.AbstractSampleConsumer: class org.apache.jmeter.report.processor.graph.impl.ResponseTimePercentilesOverTimeGraphConsumer#stopProducing(): responseTimePercentilesOverTime produced 0 samples
2026-08-31 17:34:18,068 INFO o.a.j.r.p.AbstractSampleConsumer: class org.apache.jmeter.report.processor.graph.impl.ResponseTimeOverTimeGraphConsumer#stopProducing(): responseTimesOverTime produced 0 samples
2026-08-31 17:34:18,068 INFO o.a.j.r.p.AbstractSampleConsumer: class org.apache.jmeter.report.processor.graph.impl.ConnectTimeOverTimeGraphConsumer#stopProducing(): connectTimeOverTime produced 0 samples
2026-08-31 17:34:18,068 INFO o.a.j.r.p.AbstractSampleConsumer: class org.apache.jmeter.report.processor.graph.impl.LatencyOverTimeGraphConsumer#stopProducing(): latenciesOverTime produced 0 samples
2026-08-31 17:34:18,068 INFO o.a.j.r.p.AbstractSampleConsumer: class org.apache.jmeter.report.processor.FilterConsumer#stopProducing(): nameFilter produced 28620 samples
2026-08-31 17:34:18,068 INFO o.a.j.r.p.AbstractSampleConsumer: class org.apache.jmeter.report.processor.FilterConsumer#stopProducing(): dateRangeFilter produced 5724 samples
2026-08-31 17:34:18,068 INFO o.a.j.r.p.AbstractSampleConsumer: class org.apache.jmeter.report.processor.NormalizerSampleConsumer#stopProducing(): normalizer produced 1908 samples
2026-08-31 17:34:18,068 INFO o.a.j.r.p.CsvFileSampleSource: produce(): 1908 samples produced in 88ms on channel 0
2026-08-31 17:34:18,068 INFO o.a.j.r.d.ReportGenerator: Exporting data using exporter:'json' of className:'org.apache.jmeter.report.dashboard.JsonExporter'
2026-08-31 17:34:18,102 INFO o.a.j.r.d.JsonExporter: Found data for consumer statisticsSummary in context
2026-08-31 17:34:18,102 INFO o.a.j.r.d.JsonExporter: Creating statistics for overall
2026-08-31 17:34:18,102 INFO o.a.j.r.d.JsonExporter: Creating statistics for other transactions
2026-08-31 17:34:18,102 INFO o.a.j.r.d.JsonExporter: Checking output folder
2026-08-31 17:34:18,103 INFO o.a.j.r.d.JsonExporter: Writing statistics JSON to /Users/kunda/Documents/hw/hw05/reports/23127035_Load_20260831/statistics.json
2026-08-31 17:34:18,119 INFO o.a.j.r.d.ReportGenerator: Exporting data using exporter:'html' of className:'org.apache.jmeter.report.dashboard.HtmlTemplateExporter'
2026-08-31 17:34:18,120 INFO o.a.j.r.d.HtmlTemplateExporter: Will generate dashboard in folder: /Users/kunda/Documents/hw/hw05/reports/23127035_Load_20260831
2026-08-31 17:34:18,163 INFO o.a.j.r.d.HtmlTemplateExporter: Report will be generated in: /Users/kunda/Documents/hw/hw05/reports/23127035_Load_20260831, creating folder structure
2026-08-31 17:34:18,164 INFO o.a.j.r.d.TemplateVisitor: Copying folder from '/opt/homebrew/Cellar/jmeter/5.6.3/libexec/bin/report-template' to '/Users/kunda/Documents/hw/hw05/reports/23127035_Load_20260831', got message: /Users/kunda/Documents/hw/hw05/reports/23127035_Load_20260831, found non empty folder with following content [/Users/kunda/Documents/hw/hw05/reports/23127035_Load_20260831/statistics.json], will be ignored
2026-08-31 17:34:18,274 INFO o.a.j.JMeter: Dashboard generated
